t,N,E,D,vN,vE,vD,roll,pitch,yaw,tilt,p,q,rr,aN,aE,aD,wr,wp,wy,thr
0.0016911029815673828,0.0,0.0,0.0,0.0,0.0,0.0,0.020932277851885825,17.800139411293458,0.004471701741085878,17.80015092956274,0.0,0.0,-0.0,0.0,0.0,0.0,0.0004557302800520289,0.4092899002448171,-0.0,0.2379553255233392
0.0071260929107666016,0.0,0.0,0.0,0.0,0.0,0.0,0.020932277851885825,17.800139411293458,0.004471701741085878,17.80015092956274,0.0,0.0,-0.0,0.0,0.0,0.0,0.0004557302800520289,0.4092899002448171,-0.0,0.2379553255233392
0.011842012405395508,0.0,0.0,0.0,0.0,0.0,0.0,0.020932277851885825,17.800139411293458,0.004471701741085878,17.80015092956274,0.0,0.0,-0.0,0.0,0.0,0.0,0.0004557302800520289,0.4092899002448171,-0.0,0.2379553255233392
0.017567157745361328,0.0,0.0,0.0,0.0,0.0,0.0,0.020932277851885825,17.800139411293458,0.004471701741085878,17.80015092956274,0.0,0.0,-0.0,0.0,0.0,0.0,0.0004557302800520289,0.4092899002448171,-0.0,0.2379553255233392
0.023233652114868164,0.0,0.0,0.0,0.0,0.0,0.0,0.020932277851885825,17.800139411293458,0.004471701741085878,17.80015092956274,0.0,0.0,-0.0,0.0,0.0,0.0,0.0004557302800520289,0.4092899002448171,-0.0,0.2379553255233392
0.029088973999023438,0.0,0.0,4.882924258708954e-05,-0.0007833703421056271,-6.045215286576422e-06,0.001753508229739964,0.016936615048799182,17.80028782733553,0.005417745342298129,17.800297103041885,0.001330063445493579,-0.015007209032773972,-0.0002951495989691466,0.0009400444105267525,7.254258343891706e-06,-0.005348417325876653,0.0003678246460537854,0.4094184883729532,1.7110441148681577e-05,0.23804606376234613
0.034679412841796875,0.0,0.0,4.882924258708954e-05,-0.0007833703421056271,-6.045215286576422e-06,0.001753508229739964,0.016936615048799182,17.80028782733553,0.005417745342298129,17.800297103041885,0.001330063445493579,-0.015007209032773972,-0.0002951495989691466,0.0009400444105267525,7.254258343891706e-06,-0.005348417325876653,0.0003678246460537854,0.4094184883729532,1.7110441148681577e-05,0.23804606376234613
0.04036402702331543,0.0,0.0,4.882924258708954e-05,-0.00043199781794101,-0.0001885206438601017,0.0006546461954712868,0.016936615048799182,17.80028782733553,0.005417745342298129,17.800297103041885,0.0031120716594159603,-0.01329241506755352,0.0016666052397340536,0.000518397381529212,0.00022622477263212204,-0.0020518312230706215,0.00033998229143561974,0.40936237546819637,1.7110441148681577e-05,0.23799021963808997
0.046056509017944336,0.0,0.0,4.882924258708954e-05,-0.00043199781794101,-0.0001885206438601017,0.0006546461954712868,0.016936615048799182,17.80028782733553,0.005417745342298129,17.800297103041885,0.0031120716594159603,-0.01329241506755352,0.0016666052397340536,0.000518397381529212,0.00022622477263212204,-0.0020518312230706215,0.00033998229143561974,0.40936237546819637,1.7110441148681577e-05,0.23799021963808997
0.05234885215759277,0.0,0.0,4.882924258708954e-05,-0.00043199781794101,-0.0001885206438601017,0.0006546461954712868,0.016936615048799182,17.80028782733553,0.005417745342298129,17.800297103041885,0.0031120716594159603,-0.01329241506755352,0.0016666052397340536,0.000518397381529212,0.00022622477263212204,-0.0020518312230706215,0.00033998229143561974,0.40936237546819637,1.7110441148681577e-05,0.23799021963808997
0.05797100067138672,-3.906249185092747e-05,9.765624781721272e-06,-5.8593228459358215e-05,0.00023562321439385414,-0.0002464422141201794,-0.012764506973326206,0.011656891011869445,17.7200591213099,0.007401391064373083,17.72006355298162,-0.00024837779346853495,-0.14708712697029114,-0.003386211581528187,-0.000282747857272625,0.0002957306569442153,0.038398988731205466,0.00021605697241069088,0.40742551376656533,5.2987279535855915e-05,0.23723075496930418
0.06367278099060059,-3.906249185092747e-05,9.765624781721272e-06,-5.8593228459358215e-05,0.00023562321439385414,-0.0002464422141201794,-0.012764506973326206,0.011656891011869445,17.7200591213099,0.007401391064373083,17.72006355298162,-0.00024837779346853495,-0.14708712697029114,-0.003386211581528187,-0.000282747857272625,0.0002957306569442153,0.038398988731205466,0.00021605697241069088,0.40742551376656533,5.2987279535855915e-05,0.23723075496930418
0.069915771484375,-0.0001562499674037099,9.765624781721272e-06,-0.0005029290914535522,0.0013792561367154121,-0.00023639746359549463,-0.04107007384300232,0.016595158886791805,17.425751026505715,0.0077065799490347794,17.425758226072936,0.0009112418629229069,-0.45762014389038086,-0.0010121113155037165,-0.0016551073640584946,0.00028367695631459355,0.12411549389362335,0.0003249108522185455,0.4005251143597336,5.850702137803675e-05,0.23551279014971352
0.0747673511505127,-0.0001562499674037099,9.765624781721272e-06,-0.0005029290914535522,0.0013792561367154121,-0.00023639746359549463,-0.04107007384300232,0.016595158886791805,17.425751026505715,0.0077065799490347794,17.425758226072936,0.0009112418629229069,-0.45762014389038086,-0.0010121113155037165,-0.0016551073640584946,0.00028367695631459355,0.12411549389362335,0.0003249108522185455,0.4005251143597336,5.850702137803675e-05,0.23551279014971352
0.08022236824035645,-0.0005078124813735485,1.9531249563442543e-05,-0.0013281237334012985,0.007569070905447006,-0.0005900308024138212,-0.07039143145084381,0.019853233912284742,16.861847689278655,0.007798155393263961,16.86185918932838,-0.0022559906356036663,-0.7967156767845154,-0.001035925350151956,-0.009082885086536407,0.0007080369628965855,0.21356491707265376,0.0003405019467770371,0.38663703304712893,6.016328357048685e-05,0.23350888223336366
0.08552217483520508,-0.0005078124813735485,1.9531249563442543e-05,-0.0013281237334012985,0.007569070905447006,-0.0005900308024138212,-0.07039143145084381,0.019853233912284742,16.861847689278655,0.007798155393263961,16.86185918932838,-0.0022559906356036663,-0.7967156767845154,-0.001035925350151956,-0.009082885086536407,0.0007080369628965855,0.21356491707265376,0.0003405019467770371,0.38663703304712893,6.016328357048685e-05,0.23350888223336366
0.09140563011169434,-0.0005078124813735485,1.9531249563442543e-05,-0.0013281237334012985,0.007569070905447006,-0.0005900308024138212,-0.07039143145084381,0.019853233912284742,16.861847689278655,0.007798155393263961,16.86185918932838,-0.0022559906356036663,-0.7967156767845154,-0.001035925350151956,-0.009082885086536407,0.0007080369628965855,0.21356491707265376,0.0003405019467770371,0.38663703304712893,6.016328357048685e-05,0.23350888223336366
0.09758281707763672,-0.001054687483701855,2.9296874345163815e-05,-0.0024267565459012985,0.020552165806293488,-0.0021066812332719564,-0.09080702811479568,0.022073148168278656,16.091339591378517,0.005295743000540893,16.091353895085796,0.0009946499485522509,-1.041571855545044,2.8879003366455436e-05,-0.024662598967552185,0.002528017479926348,0.2767892461270094,0.00014995973636177157,0.3668822686015971,1.4903868548970704e-05,0.2318055263767788
0.1030426025390625,-0.001054687483701855,2.9296874345163815e-05,-0.0024267565459012985,0.020552165806293488,-0.0021066812332719564,-0.09080702811479568,0.022073148168278656,16.091339591378517,0.005295743000540893,16.091353895085796,0.0009946499485522509,-1.041571855545044,2.8879003366455436e-05,-0.024662598967552185,0.002528017479926348,0.2767892461270094,0.00014995973636177157,0.3668822686015971,1.4903868548970704e-05,0.2318055263767788
0.10867428779602051,-0.0018359374371357262,0.00010742187441792339,-0.003652343526482582,0.0371585376560688,-0.007383669260889292,-0.10120970010757446,0.023855939897749985,15.234800142747599,0.0056009485081801634,15.234819524969646,-0.00012511553359217942,-1.1108546257019043,0.001637421315535903,-0.04459024518728256,0.00886040311306715,0.310203318670392,-0.0006462197283393019,0.34452616602019637,2.042391103954661e-05,0.23057755022321444
0.11398434638977051,-0.0018359374371357262,0.00010742187441792339,-0.003652343526482582,0.0371585376560688,-0.007383669260889292,-0.10120970010757446,0.023855939897749985,15.234800142747599,0.0056009485081801634,15.234819524969646,-0.00012511553359217942,-1.1108546257019043,0.001637421315535903,-0.04459024518728256,0.00886040311306715,0.310203318670392,-0.0006462197283393019,0.34452616602019637,2.042391103954661e-05,0.23057755022321444
0.11981320381164551,-0.0028906248626299202,0.0003125000002910383,-0.0048339832574129105,0.0571599006652832,-0.01742892898619175,-0.10046400129795074,0.031232658224411104,14.364071825051962,0.006028223781627637,14.364106358271508,0.003253091126680374,-1.0972524881362915,-0.016771504655480385,-0.06859188079833985,0.0209147147834301,0.3100931737571955,-0.0020744446671477922,0.3212688674867408,2.815174558269677e-05,0.229943050877427
0.12478041648864746,-0.0028906248626299202,0.0003125000002910383,-0.0048339832574129105,0.0571599006652832,-0.01742892898619175,-0.10046400129795074,0.031232658224411104,14.364071825051962,0.006028223781627637,14.364106358271508,0.003253091126680374,-1.0972524881362915,-0.016771504655480385,-0.06859188079833985,0.0209147147834301,0.3100931737571955,-0.0020744446671477922,0.3212688674867408,2.815174558269677e-05,0.229943050877427
0.1302022933959961,-0.0028906248626299202,0.0003125000002910383,-0.0048339832574129105,0.0571599006652832,-0.01742892898619175,-0.10046400129795074,0.031232658224411104,14.364071825051962,0.006028223781627637,14.364106358271508,0.003253091126680374,-1.0972524881362915,-0.016771504655480385,-0.06859188079833985,0.0209147147834301,0.3100931737571955,-0.0020744446671477922,0.3212688674867408,2.815174558269677e-05,0.229943050877427
0.1353137493133545,-0.00417968729743734,0.000644531253783498,-0.0058837877586483955,0.0783938318490982,-0.025500839576125145,-0.09279759228229523,0.05979661644402103,13.557677416293805,0.013413503863195975,13.557806886998652,0.002166077494621277,-0.9970268607139587,-0.03806507587432861,-0.09407259821891785,0.030601007491350172,0.2889835948124528,-0.0027209632388739734,0.29928670554964626,0.00016172423636542907,0.22974089040798415
0.14068222045898438,-0.00417968729743734,0.000644531253783498,-0.0058837877586483955,0.0783938318490982,-0.025500839576125145,-0.09279759228229523,0.05979661644402103,13.557677416293805,0.013413503863195975,13.557806886998652,0.002166077494621277,-0.9970268607139587,-0.03806507587432861,-0.09407259821891785,0.030601007491350172,0.2889835948124528,-0.0027209632388739734,0.29928670554964626,0.00016172423636542907,0.22974089040798415
0.14636683464050293,-0.0057031247415579855,0.0010742186932475306,-0.0067431628704071045,0.09953456372022629,-0.03194820135831833,-0.0819188728928566,0.09633822197327066,12.852812731214001,0.020951362678021314,12.853168843497382,0.00025235116481781006,-0.8658391237258911,-0.044488344341516495,-0.11944147646427154,0.038337841629981995,0.2578943118453026,-0.0029267214175250087,0.2796630344516268,0.00029805631395017927,0.2298000129518412
0.1523442268371582,-0.0057031247415579855,0.0010742186932475306,-0.0067431628704071045,0.09953456372022629,-0.03194820135831833,-0.0819188728928566,0.09633822197327066,12.852812731214001,0.020951362678021314,12.853168843497382,0.00025235116481781006,-0.8658391237258911,-0.044488344341516495,-0.11944147646427154,0.038337841629981995,0.2578943118453026,-0.0029267214175250087,0.2796630344516268,0.00029805631395017927,0.2298000129518412
0.15769267082214355,-0.0057031247415579855,0.0010742186932475306,-0.0067431628704071045,0.09953456372022629,-0.03194820135831833,-0.0819188728928566,0.09633822197327066,12.852812731214001,0.020951362678021314,12.853168843497382,0.00025235116481781006,-0.8658391237258911,-0.044488344341516495,-0.11944147646427154,0.038337841629981995,0.2578943118453026,-0.0029267214175250087,0.2796630344516268,0.00029805631395017927,0.2298000129518412
0.1633434295654297,-0.0074609374278225005,0.0015820311746210791,-0.007412108592689037,0.11894604563713074,-0.038133420050144196,-0.07075901329517365,0.13137718746780472,12.253174136537217,0.027024381631448786,12.25386797981395,-0.000630456954240799,-0.7348794937133789,-0.042718470096588135,-0.14273525476455687,0.045760104060173036,0.2256188353523612,-0.0031168753687255265,0.2627512034490192,0.0004078948385857517,0.2299650843401782
0.1692488193511963,-0.0074609374278225005,0.0015820311746210791,-0.007412108592689037,0.11894604563713074,-0.038133420050144196,-0.07075901329517365,0.13137718746780472,12.253174136537217,0.027024381631448786,12.25386797981395,-0.000630456954240799,-0.7348794937133789,-0.042718470096588135,-0.14273525476455687,0.045760104060173036,0.2256188353523612,-0.0031168753687255265,0.2627512034490192,0.0004078948385857517,0.2299650843401782
0.1741313934326172,-0.009453124890569597,0.0021679688143194653,-0.007910155691206455,0.13552553951740265,-0.0434095673263073,-0.06182305887341499,0.15778278321737207,11.745727023000606,0.03169358083968074,11.746771949262177,-0.00013364478945732117,-0.623477578163147,-0.02911124750971794,-0.16263064742088318,0.05209148079156876,0.1997074568644166,-0.0033518163291580494,0.24841946969122364,0.0004923434392231828,0.23009462564070385
0.17944645881652832,-0.009453124890569597,0.0021679688143194653,-0.007910155691206455,0.13552553951740265,-0.0434095673263073,-0.06182305887341499,0.15778278321737207,11.745727023000606,0.03169358083968074,11.746771949262177,-0.00013364478945732117,-0.623477578163147,-0.02911124750971794,-0.16263064742088318,0.05209148079156876,0.1997074568644166,-0.0033518163291580494,0.24841946969122364,0.0004923434392231828,0.23009462564070385
0.18546199798583984,-0.009453124890569597,0.0021679688143194653,-0.007910155691206455,0.13552553951740265,-0.0434095673263073,-0.06182305887341499,0.15778278321737207,11.745727023000606,0.03169358083968074,11.746771949262177,-0.00013364478945732117,-0.623477578163147,-0.02911124750971794,-0.16263064742088318,0.05209148079156876,0.1997074568644166,-0.0033518163291580494,0.24841946969122364,0.0004923434392231828,0.23009462564070385
0.19120502471923828,-0.011601562204305083,0.002832031146681402,-0.00828124862164259,0.14957661926746368,-0.04880307614803314,-0.05488564074039459,0.175507188229759,11.303100234090863,0.03404344697276309,11.304445515700499,-0.0005732099525630474,-0.5419210195541382,-0.018179485574364662,-0.17949194312095643,0.05856369137763977,0.17956316974014044,-0.00379503706698689,0.23598539492050777,0.0005348438547706796,0.23017691947482122
0.19751620292663574,-0.011601562204305083,0.002832031146681402,-0.00828124862164259,0.14957661926746368,-0.04880307614803314,-0.05488564074039459,0.175507188229759,11.303100234090863,0.03404344697276309,11.304445515700499,-0.0005732099525630474,-0.5419210195541382,-0.018179485574364662,-0.17949194312095643,0.05856369137763977,0.17956316974014044,-0.00379503706698689,0.23598539492050777,0.0005348438547706796,0.23017691947482122
0.20288896560668945,-0.013906249369028956,0.003574218637368176,-0.008569334633648396,0.16094382107257843,-0.054005250334739685,-0.050577312707901,0.18681122287990082,10.910278736010861,0.03450122065871159,10.911858429280379,0.00021114153787493706,-0.4890891909599304,-0.010534278117120266,-0.19313258528709412,0.06480630040168762,0.16715674046427012,-0.004351943417339415,0.22511964165761078,0.000543123293163358,0.23016774954386882
0.20809173583984375,-0.013906249369028956,0.003574218637368176,-0.008569334633648396,0.16094382107257843,-0.054005250334739685,-0.050577312707901,0.18681122287990082,10.910278736010861,0.03450122065871159,10.911858429280379,0.00021114153787493706,-0.4890891909599304,-0.010534278117120266,-0.19313258528709412,0.06480630040168762,0.16715674046427012,-0.004351943417339415,0.22511964165761078,0.000543123293163358,0.23016774954386882
0.21309518814086914,-0.013906249369028956,0.003574218637368176,-0.008569334633648396,0.16094382107257843,-0.054005250334739685,-0.050577312707901,0.18681122287990082,10.910278736010861,0.03450122065871159,10.911858429280379,0.00021114153787493706,-0.4890891909599304,-0.010534278117120266,-0.19313258528709412,0.06480630040168762,0.16715674046427012,-0.004351943417339415,0.22511964165761078,0.000543123293163358,0.23016774954386882
0.21951055526733398,-0.016328124853316694,0.004394531286379788,-0.008803710341453552,0.1703529804944992,-0.059021420776844025,-0.04793049395084381,0.19552660110288636,10.546202874225193,0.03444019234539293,10.547995218077823,0.00290217949077487,-0.45717161893844604,-0.008881914429366589,-0.20442357659339905,0.07082570493221282,0.15963816046714782,-0.004939172949001037,0.2152228599652976,0.0005420195159564754,0.23010060514386851
0.22553086280822754,-0.016328124853316694,0.004394531286379788,-0.008803710341453552,0.1703529804944992,-0.059021420776844025,-0.04793049395084381,0.19552660110288636,10.546202874225193,0.03444019234539293,10.547995218077823,0.00290217949077487,-0.45717161893844604,-0.008881914429366589,-0.20442357659339905,0.07082570493221282,0.15963816046714782,-0.004939172949001037,0.2152228599652976,0.0005420195159564754,0.23010060514386851
0.23138189315795898,-0.018867187725845724,0.005273437163850758,-0.009018553420901299,0.17794136703014374,-0.06342057883739471,-0.04702731594443321,0.20418734047933595,10.202910738138574,0.03495900079840916,10.204932498995609,0.003138432279229164,-0.4354296028614044,-0.008679850026965141,-0.21352964043617248,0.07610469460487365,0.15731534399092198,-0.005435847416952759,0.20608643417336245,0.0005514028482801682,0.2299651803003171
0.23694801330566406,-0.018867187725845724,0.005273437163850758,-0.009018553420901299,0.17794136703014374,-0.06342057883739471,-0.04702731594443321,0.20418734047933595,10.202910738138574,0.03495900079840916,10.204932498995609,0.003138432279229164,-0.4354296028614044,-0.008679850026965141,-0.21352964043617248,0.07610469460487365,0.15731534399092198,-0.005435847416952759,0.20608643417336245,0.0005514028482801682,0.2299651803003171
0.24243617057800293,-0.018867187725845724,0.005273437163850758,-0.009018553420901299,0.17794136703014374,-0.06342057883739471,-0.04702731594443321,0.20418734047933595,10.202910738138574,0.03495900079840916,10.204932498995609,0.003138432279229164,-0.4354296028614044,-0.008679850026965141,-0.21352964043617248,0.07610469460487365,0.15731534399092198,-0.005435847416952759,0.20608643417336245,0.0005514028482801682,0.2299651803003171
0.24780607223510742,-0.0214843736612238,0.006210937201103661,-0.009223631583154202,0.18457047641277313,-0.06731995195150375,-0.04653074964880943,0.2143848727352203,9.868437907439823,0.035721947281472446,9.870743346577308,0.0031195152550935745,-0.4220658540725708,-0.010555126704275608,-0.22148457169532776,0.0807839423418045,0.15619478579610585,-0.005821989028386566,0.19730466221915505,0.0005652017375505384,0.22982028732473764
0.2533895969390869,-0.0214843736612238,0.006210937201103661,-0.009223631583154202,0.18457047641277313,-0.06731995195150375,-0.04653074964880943,0.2143848727352203,9.868437907439823,0.035721947281472446,9.870743346577308,0.0031195152550935745,-0.4220658540725708,-0.010555126704275608,-0.22148457169532776,0.0807839423418045,0.15619478579610585,-0.005821989028386566,0.19730466221915505,0.0005652017375505384,0.22982028732473764
0.2580842971801758,-0.024179686384741217,0.007197265549621079,-0.009428709745407104,0.19025596976280212,-0.07063349336385727,-0.046455346047878265,0.22593478215266277,9.54357763416486,0.03660696301367753,9.546227270713427,0.002791784703731537,-0.41221335530281067,-0.011964778415858746,-0.22830716371536253,0.08476019203662873,0.15633771568536758,-0.006088383505092037,0.18889294046289046,0.0005812084095287414,0.22966487560954985
0.26307058334350586,-0.024179686384741217,0.007197265549621079,-0.009428709745407104,0.19025596976280212,-0.07063349336385727,-0.046455346047878265,0.22593478215266277,9.54357763416486,0.03660696301367753,9.546227270713427,0.002791784703731537,-0.41221335530281067,-0.011964778415858746,-0.22830716371536253,0.08476019203662873,0.15633771568536758,-0.006088383505092037,0.18889294046289046,0.0005812084095287414,0.22966487560954985
0.268463134765625,-0.024179686384741217,0.007197265549621079,-0.009428709745407104,0.19025596976280212,-0.07063349336385727,-0.046455346047878265,0.22593478215266277,9.54357763416486,0.03660696301367753,9.546227270713427,0.002791784703731537,-0.41221335530281067,-0.011964778415858746,-0.22830716371536253,0.08476019203662873,0.15633771568536758,-0.006088383505092037,0.18889294046289046,0.0005812084095287414,0.22966487560954985
0.27406859397888184,-0.025546873512212187,0.007705078030994628,-0.009531249292194843,0.19288116693496704,-0.07212378084659576,-0.04634707048535347,0.2321571382650219,9.38403393122395,0.037034218193178,9.386879397837703,0.0025425488129258156,-0.40803277492523193,-0.012739138677716255,-0.23145740032196044,0.08654853701591492,0.15619746018201114,-0.006185514868109494,0.1847891617909284,0.0005889358806463095,0.22959396594754733
0.2798752784729004,-0.025546873512212187,0.007705078030994628,-0.009531249292194843,0.19288116693496704,-0.07212378084659576,-0.04634707048535347,0.2321571382650219,9.38403393122395,0.037034218193178,9.386879397837703,0.0025425488129258156,-0.40803277492523193,-0.012739138677716255,-0.23145740032196044,0.08654853701591492,0.15619746018201114,-0.006185514868109494,0.1847891617909284,0.0005889358806463095,0.22959396594754733
0.2850639820098877,-0.0283203111612238,0.008750000073632691,-0.009736327454447746,0.19762831926345825,-0.07469791918992996,-0.04606284201145172,0.24496377663673352,9.07528594293452,0.03791922625896071,9.078564185153185,0.0022124871611595154,-0.3909027576446533,-0.013041880913078785,-0.23715398311614988,0.08963750302791595,0.1557139154523611,-0.006308054607217868,0.17690172079372626,0.0006049424139674359,0.22946387832571344
0.290560245513916,-0.0283203111612238,0.008750000073632691,-0.009736327454447746,0.19762831926345825,-0.07469791918992996,-0.04606284201145172,0.24496377663673352,9.07528594293452,0.03791922625896071,9.078564185153185,0.0022124871611595154,-0.3909027576446533,-0.013041880913078785,-0.23715398311614988,0.08963750302791595,0.1557139154523611,-0.006308054607217868,0.17690172079372626,0.0006049424139674359,0.22946387832571344
0.29627156257629395,-0.031171875598374754,0.009833984113356564,-0.00994140561670065,0.20176763832569122,-0.07692796736955643,-0.04568277299404144,0.2580505144109499,8.775999992135894,0.038682179080985354,8.77976345038307,0.0022954237647354603,-0.37938645482063293,-0.013255346566438675,-0.24212116599082945,0.09231356084346772,0.1549428490921855,-0.006370187503688139,0.1693313902028307,0.0006187414178859933,0.22934730783199916
0.3017845153808594,-0.031171875598374754,0.009833984113356564,-0.00994140561670065,0.20176763832569122,-0.07692796736955643,-0.04568277299404144,0.2580505144109499,8.775999992135894,0.038682179080985354,8.77976345038307,0.0022954237647354603,-0.37938645482063293,-0.013255346566438675,-0.24212116599082945,0.09231356084346772,0.1549428490921855,-0.006370187503688139,0.1693313902028307,0.0006187414178859933,0.22934730783199916
0.30669641494750977,-0.031171875598374754,0.009833984113356564,-0.00994140561670065,0.20176763832569122,-0.07692796736955643,-0.04568277299404144,0.2580505144109499,8.775999992135894,0.038682179080985354,8.77976345038307,0.0022954237647354603,-0.37938645482063293,-0.013255346566438675,-0.24212116599082945,0.09231356084346772,0.1549428490921855,-0.006370187503688139,0.1693313902028307,0.0006187414178859933,0.22934730783199916
0.31259822845458984,-0.03406249970430508,0.010937499850115273,-0.010141600854694843,0.2054928094148636,-0.07883937656879425,-0.04487480968236923,0.2713420972035066,8.486509820319045,0.03935356572060284,8.490815392434898,0.002209817059338093,-0.3670225739479065,-0.013385865837335587,-0.2465913712978363,0.0946072518825531,0.15287931058555843,-0.006376217840965234,0.16205792876630246,0.0006308843271248517,0.2292603243578346
0.3178424835205078,-0.03406249970430508,0.010937499850115273,-0.010141600854694843,0.2054928094148636,-0.07883937656879425,-0.04487480968236923,0.2713420972035066,8.486509820319045,0.03935356572060284,8.490815392434898,0.002209817059338093,-0.3670225739479065,-0.013385865837335587,-0.2465913712978363,0.0946072518825531,0.15287931058555843,-0.006376217840965234,0.16205792876630246,0.0006308843271248517,0.2292603243578346
0.32433056831359863,-0.03406249970430508,0.010937499850115273,-0.010141600854694843,0.2054928094148636,-0.07883937656879425,-0.04487480968236923,0.2713420972035066,8.486509820319045,0.03935356572060284,8.490815392434898,0.002209817059338093,-0.3670225739479065,-0.013385865837335587,-0.2465913712978363,0.0946072518825531,0.15287931058555843,-0.006376217840965234,0.16205792876630246,0.0006308843271248517,0.2292603243578346
0.33042407035827637,-0.03699218720430508,0.012070312201103661,-0.010336913168430328,0.20862312614917755,-0.08032599836587906,-0.044009461998939514,0.2840873404691858,8.21343872375005,0.0398418549217102,8.218316731709502,0.0017894776538014412,-0.3478700816631317,-0.012034468352794647,-0.25034775137901305,0.09639119803905487,0.15063482969999314,-0.00632731507116076,0.15525999166693097,0.0006397156786906096,0.22918694303178616
0.33667850494384766,-0.03699218720430508,0.012070312201103661,-0.010336913168430328,0.20862312614917755,-0.08032599836587906,-0.044009461998939514,0.2840873404691858,8.21343872375005,0.0398418549217102,8.218316731709502,0.0017894776538014412,-0.3478700816631317,-0.012034468352794647,-0.25034775137901305,0.09639119803905487,0.15063482969999314,-0.00632731507116076,0.15525999166693097,0.0006397156786906096,0.22918694303178616
0.3420250415802002,-0.04007812455529347,0.013222656249126885,-0.010336913168430328,0.22278203070163727,-0.08327075839042664,-0.02776004932820797,0.2925978156105547,7.725157562224247,0.08171196832881515,7.730663931397916,0.0791783258318901,-0.6061729788780212,-0.013984065502882004,-0.26733843684196473,0.09992491006851197,0.1018865916877985,-0.006563573977490927,0.14187768973991696,0.0013969916757244072,0.2297928440537394
0.3480079174041748,-0.04007812455529347,0.013222656249126885,-0.010336913168430328,0.22278203070163727,-0.08327075839042664,-0.02776004932820797,0.2925978156105547,7.725157562224247,0.08171196832881515,7.730663931397916,0.0791783258318901,-0.6061729788780212,-0.013984065502882004,-0.26733843684196473,0.09992491006851197,0.1018865916877985,-0.006563573977490927,0.14187768973991696,0.0013969916757244072,0.2297928440537394
0.3532724380493164,-0.043242184969130903,0.014453124291321728,-0.010219725780189037,0.23089627921581268,-0.0890042707324028,-0.01828543283045292,0.3200484426781409,7.31359625269475,0.09550590172170068,7.320558888783927,0.012411434203386307,-0.4975152313709259,-0.0394572913646698,-0.2770755350589752,0.10680512487888336,0.07325180489569902,-0.006822842241731631,0.1311804373254402,0.001646473079358296,0.23010914141846814
0.3589787483215332,-0.043242184969130903,0.014453124291321728,-0.010219725780189037,0.23089627921581268,-0.0890042707324028,-0.01828543283045292,0.3200484426781409,7.31359625269475,0.09550590172170068,7.320558888783927,0.012411434203386307,-0.4975152313709259,-0.0394572913646698,-0.2770755350589752,0.10680512487888336,0.07325180489569902,-0.006822842241731631,0.1311804373254402,0.001646473079358296,0.23010914141846814
0.364426851272583,-0.043242184969130903,0.014453124291321728,-0.010219725780189037,0.23089627921581268,-0.0890042707324028,-0.01828543283045292,0.3200484426781409,7.31359625269475,0.09550590172170068,7.320558888783927,0.012411434203386307,-0.4975152313709259,-0.0394572913646698,-0.2770755350589752,0.10680512487888336,0.07325180489569902,-0.006822842241731631,0.1311804373254402,0.001646473079358296,0.23010914141846814
0.3700902462005615,-0.04652343556517735,0.015751953273138497,-0.009946288540959358,0.23982177674770355,-0.09324206411838531,-0.006292572245001793,0.35312730876687537,6.956756661505555,0.10698054583110803,6.965669107253583,0.010679736733436584,-0.4339506924152374,-0.04081963747739792,-0.28778613209724424,0.11189047694206238,0.03678103610873222,-0.006709240926531466,0.12164906004463225,0.0018540070899319052,0.23057889562294706
0.3755958080291748,-0.04652343556517735,0.015751953273138497,-0.009946288540959358,0.23982177674770355,-0.09324206411838531,-0.006292572245001793,0.35312730876687537,6.956756661505555,0.10698054583110803,6.965669107253583,0.010679736733436584,-0.4339506924152374,-0.04081963747739792,-0.28778613209724424,0.11189047694206238,0.03678103610873222,-0.006709240926531466,0.12164906004463225,0.0018540070899319052,0.23057889562294706
0.3819448947906494,-0.049921872618142515,0.01710937455209205,-0.009521483443677425,0.24778173863887787,-0.09723376482725143,0.004973767325282097,0.3836447287661233,6.658720919734914,0.1168377055130729,6.669714743509654,0.011370792984962463,-0.3638675808906555,-0.03367258980870247,-0.29733808636665343,0.11668051779270172,0.002217368222773075,-0.0066113607845799454,0.11363020575719165,0.002032286770082578,0.2310421326905675
0.3879740238189697,-0.049921872618142515,0.01710937455209205,-0.009521483443677425,0.24778173863887787,-0.09723376482725143,0.004973767325282097,0.3836447287661233,6.658720919734914,0.1168377055130729,6.669714743509654,0.011370792984962463,-0.3638675808906555,-0.03367258980870247,-0.29733808636665343,0.11668051779270172,0.002217368222773075,-0.0066113607845799454,0.11363020575719165,0.002032286770082578,0.2310421326905675
0.39318084716796875,-0.049921872618142515,0.01710937455209205,-0.009521483443677425,0.24778173863887787,-0.09723376482725143,0.004973767325282097,0.3836447287661233,6.658720919734914,0.1168377055130729,6.669714743509654,0.011370792984962463,-0.3638675808906555,-0.03367258980870247,-0.29733808636665343,0.11668051779270172,0.002217368222773075,-0.0066113607845799454,0.11363020575719165,0.002032286770082578,0.2310421326905675
0.3990025520324707,-0.05339843645924702,0.01852539092215011,-0.008955077268183231,0.2547271251678467,-0.10115370899438858,0.015099285170435905,0.4070998250641399,6.407531030160352,0.1246196945120328,6.420396916804385,0.009045779705047607,-0.3042580783367157,-0.024622470140457153,-0.305672550201416,0.12138445079326629,-0.0291787164285779,-0.006657427720720972,0.10684882047310437,0.0021730342627102454,0.23147222271133727
0.40419507026672363,-0.05339843645924702,0.01852539092215011,-0.008955077268183231,0.2547271251678467,-0.10115370899438858,0.015099285170435905,0.4070998250641399,6.407531030160352,0.1246196945120328,6.420396916804385,0.009045779705047607,-0.3042580783367157,-0.024622470140457153,-0.305672550201416,0.12138445079326629,-0.0291787164285779,-0.006657427720720972,0.10684882047310437,0.0021730342627102454,0.23147222271133727
0.4094429016113281,-0.056914059969130903,0.019999998658022378,-0.008276366628706455,0.260559618473053,-0.10484443604946136,0.02338259294629097,0.42323965594906354,6.197783167285335,0.12944147027594702,6.212162020843358,0.006310606375336647,-0.2571132481098175,-0.01649538427591324,-0.3126715421676636,0.12581332325935363,-0.05525031890720129,-0.006832314447009284,0.10118453079692963,0.002260242410765194,0.23183098495923202
0.4149150848388672,-0.056914059969130903,0.019999998658022378,-0.008276366628706455,0.260559618473053,-0.10484443604946136,0.02338259294629097,0.42323965594906354,6.197783167285335,0.12944147027594702,6.212162020843358,0.006310606375336647,-0.2571132481098175,-0.01649538427591324,-0.3126715421676636,0.12581332325935363,-0.05525031890720129,-0.006832314447009284,0.10118453079692963,0.002260242410765194,0.23183098495923202
0.4210224151611328,-0.056914059969130903,0.019999998658022378,-0.008276366628706455,0.260559618473053,-0.10484443604946136,0.02338259294629097,0.42323965594906354,6.197783167285335,0.12944147027594702,6.212162020843358,0.006310606375336647,-0.2571132481098175,-0.01649538427591324,-0.3126715421676636,0.12581332325935363,-0.05525031890720129,-0.006832314447009284,0.10118453079692963,0.002260242410765194,0.23183098495923202
0.42665576934814453,-0.06050781026715413,0.021513671650609467,-0.0075097642838954926,0.2652752697467804,-0.1080474779009819,0.02935830131173134,0.4363810076500878,6.020110050489537,0.1342632520912312,6.035847980964658,0.0063502490520477295,-0.22462426126003265,-0.01783362403512001,-0.31833032369613645,0.12965697348117827,-0.07455732822418212,-0.007006962351587577,0.09641396235085103,0.002347450668267194,0.2320912872828
0.43155741691589355,-0.06050781026715413,0.021513671650609467,-0.0075097642838954926,0.2652752697467804,-0.1080474779009819,0.02935830131173134,0.4363810076500878,6.020110050489537,0.1342632520912312,6.035847980964658,0.0063502490520477295,-0.22462426126003265,-0.01783362403512001,-0.31833032369613645,0.12965697348117827,-0.07455732822418212,-0.007006962351587577,0.09641396235085103,0.002347450668267194,0.2320912872828
0.4376227855682373,-0.0641796836280264,0.02306640617462108,-0.006684569641947746,0.26944661140441895,-0.1103210300207138,0.033762164413928986,0.448573118189854,5.860259522487441,0.13838314743937072,5.877342769780193,0.0053611034527421,-0.20879124104976654,-0.01654263213276863,-0.3233359336853027,0.13238523602485655,-0.08925426788628102,-0.00706612368628827,0.09212346838355424,0.0024219643870888436,0.23228331916830885
0.4428565502166748,-0.0641796836280264,0.02306640617462108,-0.006684569641947746,0.26944661140441895,-0.1103210300207138,0.033762164413928986,0.448573118189854,5.860259522487441,0.13838314743937072,5.877342769780193,0.0053611034527421,-0.20879124104976654,-0.01654263213276863,-0.3233359336853027,0.13238523602485655,-0.08925426788628102,-0.00706612368628827,0.09212346838355424,0.0024219643870888436,0.23228331916830885
0.44830799102783203,-0.06785156071418896,0.024648436381539796,-0.005820311605930328,0.27293306589126587,-0.11192955076694489,0.03646253049373627,0.45980203381904805,5.712647245829008,0.14222837449604675,5.7310602152672185,0.004974940791726112,-0.19207148253917694,-0.014876390807330608,-0.327519679069519,0.13431546092033386,-0.09891103059053422,-0.007052485648549049,0.08820394256844617,0.002491510369084563,0.2323982051190472
0.4540388584136963,-0.06785156071418896,0.024648436381539796,-0.005820311605930328,0.27293306589126587,-0.11192955076694489,0.03646253049373627,0.45980203381904805,5.712647245829008,0.14222837449604675,5.7310602152672185,0.004974940791726112,-0.19207148253917694,-0.014876390807330608,-0.327519679069519,0.13431546092033386,-0.09891103059053422,-0.007052485648549049,0.08820394256844617,0.002491510369084563,0.2323982051190472
0.45935678482055664,-0.06785156071418896,0.024648436381539796,-0.005820311605930328,0.27293306589126587,-0.11192955076694489,0.03646253049373627,0.45980203381904805,5.712647245829008,0.14222837449604675,5.7310602152672185,0.004974940791726112,-0.19207148253917694,-0.014876390807330608,-0.327519679069519,0.13431546092033386,-0.09891103059053422,-0.007052485648549049,0.08820394256844617,0.002491510369084563,0.2323982051190472
0.464724063873291,-0.07160156458849087,0.026250000148138497,-0.00493163987994194,0.27612388134002686,-0.11321520805358887,0.038563571870326996,0.4712290751070275,5.569762703679156,0.14601256168779614,5.589599009799098,0.00496581569314003,-0.19262900948524475,-0.01615842990577221,-0.3313486576080322,0.13585824966430662,-0.10681376382708549,-0.006987800679709688,0.08443368707339989,0.002559952364947604,0.23248697618099623
0.4708833694458008,-0.07160156458849087,0.026250000148138497,-0.00493163987994194,0.27612388134002686,-0.11321520805358887,0.038563571870326996,0.4712290751070275,5.569762703679156,0.14601256168779614,5.589599009799098,0.00496581569314003,-0.19262900948524475,-0.01615842990577221,-0.3313486576080322,0.13585824966430662,-0.10681376382708549,-0.006987800679709688,0.08443368707339989,0.002559952364947604,0.23248697618099623
0.47632718086242676,-0.07539062440628186,0.027861327900609467,-0.0040283203125,0.2789442241191864,-0.11399407684803009,0.0398726761341095,0.4840357485859721,5.428832016268828,0.1503460228859461,5.450303723969975,0.005136404186487198,-0.18805713951587677,-0.01740751788020134,-0.3347330689430237,0.1367928922176361,-0.1123670518398285,-0.006819717711366515,0.08075769262731763,0.002638328702683437,0.23253919729068537
0.4824709892272949,-0.07539062440628186,0.027861327900609467,-0.0040283203125,0.2789442241191864,-0.11399407684803009,0.0398726761341095,0.4840357485859721,5.428832016268828,0.1503460228859461,5.450303723969975,0.005136404186487198,-0.18805713951587677,-0.01740751788020134,-0.3347330689430237,0.1367928922176361,-0.1123670518398285,-0.006819717711366515,0.08075769262731763,0.002638328702683437,0.23253919729068537
0.48833537101745605,-0.07539062440628186,0.027861327900609467,-0.0040283203125,0.2789442241191864,-0.11399407684803009,0.0398726761341095,0.4840357485859721,5.428832016268828,0.1503460228859461,5.450303723969975,0.005136404186487198,-0.18805713951587677,-0.01740751788020134,-0.3347330689430237,0.1367928922176361,-0.1123670518398285,-0.006819717711366515,0.08075769262731763,0.002638328702683437,0.23253919729068537
0.4929029941558838,-0.07921874761814252,0.029482421501597855,-0.003110351040959358,0.28168928623199463,-0.11454401165246964,0.04133818298578262,0.49904191284207156,5.284149118644768,0.15532041456579246,5.30759529523296,0.005692296661436558,-0.19213739037513733,-0.020169174298644066,-0.3380271434783935,0.13745281398296355,-0.11841591708362102,-0.006567861959143311,0.07700979072258102,0.0027282971100378093,0.23259948149084497
0.4989778995513916,-0.07921874761814252,0.029482421501597855,-0.003110351040959358,0.28168928623199463,-0.11454401165246964,0.04133818298578262,0.49904191284207156,5.284149118644768,0.15532041456579246,5.30759529523296,0.005692296661436558,-0.19213739037513733,-0.020169174298644066,-0.3380271434783935,0.13745281398296355,-0.11841591708362102,-0.006567861959143311,0.07700979072258102,0.0027282971100378093,0.23259948149084497
0.5044779777526855,-0.08304687083000317,0.031103515102586243,-0.0021826159209012985,0.28424492478370667,-0.1146327406167984,0.04257803410291672,0.5153115244447248,5.1421509528340215,0.16072202343535089,5.167838222289724,0.005698980763554573,-0.1881060153245926,-0.02128448151051998,-0.341093909740448,0.13755928874015808,-0.12380539365112782,-0.006219344587206099,0.0733513678737868,0.0028259923014149245,0.23265080589033518
0.5098452568054199,-0.08304687083000317,0.031103515102586243,-0.0021826159209012985,0.28424492478370667,-0.1146327406167984,0.04257803410291672,0.5153115244447248,5.1421509528340215,0.16072202343535089,5.167838222289724,0.005698980763554573,-0.1881060153245926,-0.02128448151051998,-0.341093909740448,0.13755928874015808,-0.12380539365112782,-0.006219344587206099,0.0733513678737868,0.0028259923014149245,0.23265080589033518
0.5154368877410889,-0.08304687083000317,0.031103515102586243,-0.0021826159209012985,0.28424492478370667,-0.1146327406167984,0.04257803410291672,0.5153115244447248,5.1421509528340215,0.16072202343535089,5.167838222289724,0.005698980763554573,-0.1881060153245926,-0.02128448151051998,-0.341093909740448,0.13755928874015808,-0.12380539365112782,-0.006219344587206099,0.0733513678737868,0.0028259923014149245,0.23265080589033518
0.5214135646820068,-0.08695312083000317,0.03272460684092948,-0.0012402329593896866,0.2867964506149292,-0.11453806608915329,0.0442267507314682,0.5325442686905231,5.001158721809077,0.1664898374853141,5.029361424666338,0.005883331410586834,-0.19124093651771545,-0.022924374788999557,-0.34415574073791505,0.13744567930698395,-0.13044783286750317,-0.00581980843041727,0.06972288217266459,0.002930310794486817,0.23272366822965415
0.5266788005828857,-0.08695312083000317,0.03272460684092948,-0.0012402329593896866,0.2867964506149292,-0.11453806608915329,0.0442267507314682,0.5325442686905231,5.001158721809077,0.1664898374853141,5.029361424666338,0.005883331410586834,-0.19124093651771545,-0.022924374788999557,-0.34415574073791505,0.13744567930698395,-0.13044783286750317,-0.00581980843041727,0.06972288217266459,0.002930310794486817,0.23272366822965415
0.5324950218200684,-0.09085937083000317,0.03434570416720817,-0.00027832016348838806,0.28919655084609985,-0.11410929262638092,0.045905694365501404,0.550883540298163,4.861114067432697,0.17329526413682025,4.892154570986654,0.005969458259642124,-0.1829613447189331,-0.02341652847826481,-0.3470358610153198,0.1369311511516571,-0.13721610680222512,-0.005345697301053377,0.0661414949564756,0.0030533958743542648,0.2327997819904298
0.5388510227203369,-0.09085937083000317,0.03434570416720817,-0.00027832016348838806,0.28919655084609985,-0.11410929262638092,0.045905694365501404,0.550883540298163,4.861114067432697,0.17329526413682025,4.892154570986654,0.005969458259642124,-0.1829613447189331,-0.02341652847826481,-0.3470358610153198,0.1369311511516571,-0.13721610680222512,-0.005345697301053377,0.0661414949564756,0.0030533958743542648,0.2327997819904298
0.5435121059417725,-0.09484374761814252,0.03596679776819656,0.0007031261920928955,0.29147419333457947,-0.11339586228132248,0.047651804983615875,0.569250191802373,4.725066669558986,0.1801006836192562,4.759156351153105,0.007162388414144516,-0.17501044273376465,-0.023191925138235092,-0.34976903200149534,0.13607503473758698,-0.14422104209661485,-0.004827395804171973,0.06267317805554233,0.0031764808245591685,0.23288160289280838
0.5484621524810791,-0.09484374761814252,0.03596679776819656,0.0007031261920928955,0.29147419333457947,-0.11339586228132248,0.047651804983615875,0.569250191802373,4.725066669558986,0.1801006836192562,4.759156351153105,0.007162388414144516,-0.17501044273376465,-0.023191925138235092,-0.34976903200149534,0.13607503473758698,-0.14422104209661485,-0.004827395804171973,0.06267317805554233,0.0031764808245591685,0.23288160289280838
0.5537939071655273,-0.09484374761814252,0.03596679776819656,0.0007031261920928955,0.29147419333457947,-0.11339586228132248,0.047651804983615875,0.569250191802373,4.725066669558986,0.1801006836192562,4.759156351153105,0.007162388414144516,-0.17501044273376465,-0.023191925138235092,-0.34976903200149534,0.13607503473758698,-0.14422104209661485,-0.004827395804171973,0.06267317805554233,0.0031764808245591685,0.23288160289280838
0.5596654415130615,-0.09882812440628186,0.03757812365802238,0.0017041023820638657,0.2935916483402252,-0.11253701150417328,0.049473837018013,0.5881838076326926,4.594421220423193,0.1896527044901484,4.631838121172947,0.010811792686581612,-0.16369083523750305,-0.023395655676722527,-0.35230997800827024,0.13504441380500792,-0.15148889534175397,-0.0042763134522931495,0.05935735665473896,0.0033492416685137424,0.2329698084272029
0.5653598308563232,-0.09882812440628186,0.03757812365802238,0.0017041023820638657,0.2935916483402252,-0.11253701150417328,0.049473837018013,0.5881838076326926,4.594421220423193,0.1896527044901484,4.631838121172947,0.010811792686581612,-0.16369083523750305,-0.023395655676722527,-0.35230997800827024,0.13504441380500792,-0.15148889534175397,-0.0042763134522931495,0.05935735665473896,0.0033492416685137424,0.2329698084272029
0.5720202922821045,-0.1028125011944212,0.03916992157610366,0.0027246102690696716,0.29556554555892944,-0.11140326410531998,0.05122597515583038,0.607472473961071,4.472686794099754,0.20076110433249136,4.51366805339915,0.009662909433245659,-0.1542733609676361,-0.023476801812648773,-0.3546786546707153,0.13368391692638396,-0.15858222395181656,-0.0036773623527942413,0.05626985061112147,0.0035501516704586965,0.23305798517125473
0.5769386291503906,-0.1028125011944212,0.03916992157610366,0.0027246102690696716,0.29556554555892944,-0.11140326410531998,0.05122597515583038,0.607472473961071,4.472686794099754,0.20076110433249136,4.51366805339915,0.009662909433245659,-0.1542733609676361,-0.023476801812648773,-0.3546786546707153,0.13368391692638396,-0.15858222395181656,-0.0036773623527942413,0.05626985061112147,0.0035501516704586965,0.23305798517125473
0.5820837020874023,-0.1028125011944212,0.03916992157610366,0.0027246102690696716,0.29556554555892944,-0.11140326410531998,0.05122597515583038,0.607472473961071,4.472686794099754,0.20076110433249136,4.51366805339915,0.009662909433245659,-0.1542733609676361,-0.023476801812648773,-0.3546786546707153,0.13368391692638396,-0.15858222395181656,-0.0036773623527942413,0.05626985061112147,0.0035501516704586965,0.23305798517125473
0.5876224040985107,-0.10687499732011929,0.04075195178302238,0.00375976599752903,0.29757580161094666,-0.1100275069475174,0.05333942174911499,0.6272255932288309,4.3545218040305445,0.21101496586254537,4.3993770902939655,0.006854931823909283,-0.15396253764629364,-0.024363264441490173,-0.357090961933136,0.13203300833702086,-0.16678584404289723,-0.0030292583498350433,0.053264077002586556,0.003735606224596649,0.23316562017830056
0.5932693481445312,-0.10687499732011929,0.04075195178302238,0.00375976599752903,0.29757580161094666,-0.1100275069475174,0.05333942174911499,0.6272255932288309,4.3545218040305445,0.21101496586254537,4.3993770902939655,0.006854931823909283,-0.15396253764629364,-0.024363264441490173,-0.357090961933136,0.13203300833702086,-0.16678584404289723,-0.0030292583498350433,0.053264077002586556,0.003735606224596649,0.23316562017830056
0.5986771583557129,-0.11093750089639798,0.042333981989941094,0.0048193372786045074,0.29900893568992615,-0.10995537042617798,0.055536847561597824,0.6337349804186649,4.2377309948659025,0.20732235230562968,4.284770048860604,-0.007805492263287306,-0.14669041335582733,-0.0063087609596550465,-0.3588107228279114,0.13194644451141357,-0.17528534978628157,-0.002859044811765372,0.05037998496369923,0.003668820458200595,0.23327858321101394
0.6042745113372803,-0.11093750089639798,0.042333981989941094,0.0048193372786045074,0.29900893568992615,-0.10995537042617798,0.055536847561597824,0.6337349804186649,4.2377309948659025,0.20732235230562968,4.284770048860604,-0.007805492263287306,-0.14669041335582733,-0.0063087609596550465,-0.3588107228279114,0.13194644451141357,-0.17528534978628157,-0.002859044811765372,0.05037998496369923,0.003668820458200595,0.23327858321101394
0.6095695495605469,-0.11093750089639798,0.042333981989941094,0.0048193372786045074,0.29900893568992615,-0.10995537042617798,0.055536847561597824,0.6337349804186649,4.2377309948659025,0.20732235230562968,4.284770048860604,-0.007805492263287306,-0.14669041335582733,-0.0063087609596550465,-0.3588107228279114,0.13194644451141357,-0.17528534978628157,-0.002859044811765372,0.05037998496369923,0.003668820458200595,0.23327858321101394
0.6156084537506104,-0.11499999702209607,0.04391601592215011,0.005903320387005806,0.29993316531181335,-0.11048544943332672,0.057412028312683105,0.6374916381001992,4.132537404988468,0.20552183874173358,4.181334481077719,-0.0005743249785155058,-0.13060763478279114,-0.004679366946220398,-0.35991979837417604,0.13258253931999206,-0.18286206163465976,-0.002843396142890185,0.04784111122749495,0.0036362558054374074,0.23337953570334388
0.6210713386535645,-0.11499999702209607,0.04391601592215011,0.005903320387005806,0.29993316531181335,-0.11048544943332672,0.057412028312683105,0.6374916381001992,4.132537404988468,0.20552183874173358,4.181334481077719,-0.0005743249785155058,-0.13060763478279114,-0.004679366946220398,-0.35991979837417604,0.13258253931999206,-0.18286206163465976,-0.002843396142890185,0.04784111122749495,0.0036362558054374074,0.23337953570334388
0.6266963481903076,-0.11906250059837475,0.045498046129068825,0.007001953199505806,0.3007187843322754,-0.1107347384095192,0.05912279337644577,0.6415010204260679,4.036284759441447,0.20967219800955936,4.086861730203383,0.005210378207266331,-0.12125154584646225,-0.0053357649594545364,-0.36086254119873046,0.13288168609142303,-0.18997189588844776,-0.002784989778642275,0.04553015176631553,0.0037113205042603467,0.2334752441099491
0.632519006729126,-0.11906250059837475,0.045498046129068825,0.007001953199505806,0.3007187843322754,-0.1107347384095192,0.05912279337644577,0.6415010204260679,4.036284759441447,0.20967219800955936,4.086861730203383,0.005210378207266331,-0.12125154584646225,-0.0053357649594545364,-0.36086254119873046,0.13288168609142303,-0.18997189588844776,-0.002784989778642275,0.04553015176631553,0.0037113205042603467,0.2334752441099491
0.6380152702331543,-0.11906250059837475,0.045498046129068825,0.007001953199505806,0.3007187843322754,-0.1107347384095192,0.05912279337644577,0.6415010204260679,4.036284759441447,0.20967219800955936,4.086861730203383,0.005210378207266331,-0.12125154584646225,-0.0053357649594545364,-0.36086254119873046,0.13288168609142303,-0.18997189588844776,-0.002784989778642275,0.04553015176631553,0.0037113205042603467,0.2334752441099491
0.6436669826507568,-0.12312499672407284,0.04708007633598754,0.008115235716104507,0.301396906375885,-0.11060261726379395,0.06059999391436577,0.6457016686513172,3.948241884419767,0.2150127873078681,4.000610495740559,0.005492891184985638,-0.11485177278518677,-0.005491227377206087,-0.361676287651062,0.13272314071655272,-0.19640740603208542,-0.0026666687872931656,0.043422729858476575,0.003807912076542445,0.23356208882976331
0.6495969295501709,-0.12312499672407284,0.04708007633598754,0.008115235716104507,0.301396906375885,-0.11060261726379395,0.06059999391436577,0.6457016686513172,3.948241884419767,0.2150127873078681,4.000610495740559,0.005492891184985638,-0.11485177278518677,-0.005491227377206087,-0.361676287651062,0.13272314071655272,-0.19640740603208542,-0.0026666687872931656,0.043422729858476575,0.003807912076542445,0.23356208882976331
0.6548328399658203,-0.12726561963791028,0.04866210654290626,0.009243164211511612,0.3020547926425934,-0.11023596674203873,0.06217478588223457,0.6506126701083134,3.8608088287431532,0.21959042020010358,3.9151630998923492,0.0031903916969895363,-0.11698398739099503,-0.006531736347824335,-0.36246575117111207,0.13228316009044647,-0.20316205322742462,-0.002496148965914015,0.04133380140091069,0.0038907045800836873,0.23365459668479682
0.6603579521179199,-0.12726561963791028,0.04866210654290626,0.009243164211511612,0.3020547926425934,-0.11023596674203873,0.06217478588223457,0.6506126701083134,3.8608088287431532,0.21959042020010358,3.9151630998923492,0.0031903916969895363,-0.11698398739099503,-0.006531736347824335,-0.36246575117111207,0.13228316009044647,-0.20316205322742462,-0.002496148965914015,0.04133380140091069,0.0038907045800836873,0.23365459668479682
0.6665265560150146,-0.1314062500023283,0.05024414047511527,0.010390626266598701,0.30257081985473633,-0.10959266126155853,0.06356720626354218,0.6563159641961478,3.7745360279644222,0.2242900674283239,3.831090182904876,0.002887004055082798,-0.11052250117063522,-0.006767189130187035,-0.3630849838256836,0.13151119351387022,-0.2094047460705042,-0.0022673618431684165,0.03929156620705384,0.003975703873155547,0.23373942998928557
0.6724388599395752,-0.1314062500023283,0.05024414047511527,0.010390626266598701,0.30257081985473633,-0.10959266126155853,0.06356720626354218,0.6563159641961478,3.7745360279644222,0.2242900674283239,3.831090182904876,0.002887004055082798,-0.11052250117063522,-0.006767189130187035,-0.3630849838256836,0.13151119351387022,-0.2094047460705042,-0.0022673618431684165,0.03929156620705384,0.003975703873155547,0.23373942998928557
0.6782016754150391,-0.1314062500023283,0.05024414047511527,0.010390626266598701,0.30257081985473633,-0.10959266126155853,0.06356720626354218,0.6563159641961478,3.7745360279644222,0.2242900674283239,3.831090182904876,0.002887004055082798,-0.11052250117063522,-0.006767189130187035,-0.3630849838256836,0.13151119351387022,-0.2094047460705042,-0.0022673618431684165,0.03929156620705384,0.003975703873155547,0.23373942998928557
0.6835763454437256,-0.13554686546558514,0.051806638984999154,0.01154785230755806,0.3029698431491852,-0.10871335119009018,0.0647864043712616,0.6624222296207767,3.694700949924716,0.22987479405995961,3.753533345409122,0.0017839916981756687,-0.10357842594385147,-0.006837839726358652,-0.3635638117790222,0.13045602142810822,-0.2151453472673893,-0.001995648042514129,0.03741416266657019,0.004076710989783693,0.23381768768557462
0.6883959770202637,-0.13554686546558514,0.051806638984999154,0.01154785230755806,0.3029698431491852,-0.10871335119009018,0.0647864043712616,0.6624222296207767,3.694700949924716,0.22987479405995961,3.753533345409122,0.0017839916981756687,-0.10357842594385147,-0.006837839726358652,-0.3635638117790222,0.13045602142810822,-0.2151453472673893,-0.001995648042514129,0.03741416266657019,0.004076710989783693,0.23381768768557462
0.6943247318267822,-0.13554686546558514,0.051806638984999154,0.01154785230755806,0.3029698431491852,-0.10871335119009018,0.0647864043712616,0.6624222296207767,3.694700949924716,0.22987479405995961,3.753533345409122,0.0017839916981756687,-0.10357842594385147,-0.006837839726358652,-0.3635638117790222,0.13045602142810822,-0.2151453472673893,-0.001995648042514129,0.03741416266657019,0.004076710989783693,0.23381768768557462
0.699507474899292,-0.13968749583000317,0.0533496095231385,0.012714844197034836,0.3033154010772705,-0.10749594122171402,0.06589341908693314,0.6690408129107155,3.619017991295677,0.2358257630796027,3.680260088790016,0.0015150448307394981,-0.09885784238576889,-0.007477611303329468,-0.3639784812927246,0.12899512946605682,-0.2205669768154621,-0.0016625646423766717,0.035639402658632226,0.004184342081055015,0.23389185219517128
0.7051422595977783,-0.13968749583000317,0.0533496095231385,0.012714844197034836,0.3033154010772705,-0.10749594122171402,0.06589341908693314,0.6690408129107155,3.619017991295677,0.2358257630796027,3.680260088790016,0.0015150448307394981,-0.09885784238576889,-0.007477611303329468,-0.3639784812927246,0.12899512946605682,-0.2205669768154621,-0.0016625646423766717,0.035639402658632226,0.004184342081055015,0.23389185219517128
0.710151195526123,-0.1438281261944212,0.054873044638952706,0.013891603797674179,0.30361050367355347,-0.10584554821252823,0.06680986285209656,0.6762536881048571,3.5473329865238576,0.24226502242306347,3.6111363458726,0.0017432216554880142,-0.09416955709457397,-0.008278670720756054,-0.36433260440826415,0.12701465785503388,-0.2254344753921032,-0.0012525394561028204,0.033962053700904195,0.0043008045441982464,0.2339580551329149
0.7154073715209961,-0.1438281261944212,0.054873044638952706,0.013891603797674179,0.30361050367355347,-0.10584554821252823,0.06680986285209656,0.6762536881048571,3.5473329865238576,0.24226502242306347,3.6111363458726,0.0017432216554880142,-0.09416955709457397,-0.008278670720756054,-0.36433260440826415,0.12701465785503388,-0.2254344753921032,-0.0012525394561028204,0.033962053700904195,0.0043008045441982464,0.2339580551329149
0.7207956314086914,-0.14796874165767804,0.05636718779715011,0.015073243528604507,0.30388307571411133,-0.1037452444434166,0.06757844239473343,0.6840606313948877,3.4795528866603394,0.24897882631417967,3.5460758353091952,0.001471109688282013,-0.08945713192224503,-0.009097307920455933,-0.36465969085693356,0.12449429333209991,-0.2298671655356884,-0.0007627192201232843,0.032376061256415505,0.0044222325060976906,0.23401817017084223
0.726478099822998,-0.14796874165767804,0.05636718779715011,0.015073243528604507,0.30388307571411133,-0.1037452444434166,0.06757844239473343,0.6840606313948877,3.4795528866603394,0.24897882631417967,3.5460758353091952,0.001471109688282013,-0.08945713192224503,-0.009097307920455933,-0.36465969085693356,0.12449429333209991,-0.2298671655356884,-0.0007627192201232843,0.032376061256415505,0.0044222325060976906,0.23401817017084223
0.7322409152984619,-0.14796874165767804,0.05636718779715011,0.015073243528604507,0.30388307571411133,-0.1037452444434166,0.06757844239473343,0.6840606313948877,3.4795528866603394,0.24897882631417967,3.5460758353091952,0.001471109688282013,-0.08945713192224503,-0.009097307920455933,-0.36465969085693356,0.12449429333209991,-0.2298671655356884,-0.0007627192201232843,0.032376061256415505,0.0044222325060976906,0.23401817017084223
0.7377982139587402,-0.15003906429046765,0.05710937365802238,0.015668947249650955,0.3040403723716736,-0.102572500705719,0.0680185854434967,0.6882613114457992,3.44601405849383,0.25215265226740496,3.5139929937011765,0.0009768111631274223,-0.08931761980056763,-0.009622123092412949,-0.3648484468460083,0.12308700084686279,-0.23225986137986182,-0.0004924802481733693,0.031588522621714854,0.004479635317257475,0.23405123048294052
0.7433557510375977,-0.15003906429046765,0.05710937365802238,0.015668947249650955,0.3040403723716736,-0.102572500705719,0.0680185854434967,0.6882613114457992,3.44601405849383,0.25215265226740496,3.5139929937011765,0.0009768111631274223,-0.08931761980056763,-0.009622123092412949,-0.3648484468460083,0.12308700084686279,-0.23225986137986182,-0.0004924802481733693,0.031588522621714854,0.004479635317257475,0.23405123048294052
0.748377799987793,-0.15417967975372449,0.05856445342215011,0.016860350966453552,0.3043067455291748,-0.09987348318099976,0.06870289146900177,0.6970452129779724,3.3822321258942942,0.2586529603349348,3.4532307125461856,0.0007994822226464748,-0.08487652987241745,-0.010389306582510471,-0.36516809463500977,0.1198481798171997,-0.2364573061466217,0.00010846179455626034,0.030094057952492415,0.004597201926762612,0.23410857830993842
0.7543675899505615,-0.15417967975372449,0.05856445342215011,0.016860350966453552,0.3043067455291748,-0.09987348318099976,0.06870289146900177,0.6970452129779724,3.3822321258942942,0.2586529603349348,3.4532307125461856,0.0007994822226464748,-0.08487652987241745,-0.010389306582510471,-0.36516809463500977,0.1198481798171997,-0.2364573061466217,0.00010846179455626034,0.030094057952492415,0.004597201926762612,0.23410857830993842
0.7603302001953125,-0.15417967975372449,0.05856445342215011,0.016860350966453552,0.3043067455291748,-0.09987348318099976,0.06870289146900177,0.6970452129779724,3.3822321258942942,0.2586529603349348,3.4532307125461856,0.0007994822226464748,-0.08487652987241745,-0.010389306582510471,-0.36516809463500977,0.1198481798171997,-0.2364573061466217,0.00010846179455626034,0.030094057952492415,0.004597201926762612,0.23410857830993842
0.7652947902679443,-0.15832031011814252,0.05998046606691787,0.01805664226412773,0.30460166931152344,-0.0968877449631691,0.06951138377189636,0.706498370570761,3.319152675708427,0.2648174900898921,3.3934283610205243,8.894409984350204e-05,-0.08470149338245392,-0.011348720639944077,-0.3655220031738281,0.11626529395580291,-0.241036107391119,0.0007678119612318894,0.028612735978635444,0.004708695544442264,0.23417242437595737
0.7702982425689697,-0.15832031011814252,0.05998046606691787,0.01805664226412773,0.30460166931152344,-0.0968877449631691,0.06951138377189636,0.706498370570761,3.319152675708427,0.2648174900898921,3.3934283610205243,8.894409984350204e-05,-0.08470149338245392,-0.011348720639944077,-0.3655220031738281,0.11626529395580291,-0.241036107391119,0.0007678119612318894,0.028612735978635444,0.004708695544442264,0.23417242437595737
0.7757670879364014,-0.16246094048256055,0.06134765505703399,0.019257813692092896,0.3048107624053955,-0.09355496615171432,0.07011476159095764,0.7164433522047737,3.2595828653922867,0.2712261946094908,3.3373068042901135,0.0016705971211194992,-0.07960587739944458,-0.011966874822974205,-0.3657729148864746,0.11226595938205719,-0.24500834941864014,0.0014888498236890369,0.027222777443655737,0.004824605383462407,0.23422724788555477
0.781752347946167,-0.16246094048256055,0.06134765505703399,0.019257813692092896,0.3048107624053955,-0.09355496615171432,0.07011476159095764,0.7164433522047737,3.2595828653922867,0.2712261946094908,3.3373068042901135,0.0016705971211194992,-0.07960587739944458,-0.011966874822974205,-0.3657729148864746,0.11226595938205719,-0.24500834941864014,0.0014888498236890369,0.027222777443655737,0.004824605383462407,0.23422724788555477
0.7876274585723877,-0.16246094048256055,0.06134765505703399,0.019257813692092896,0.3048107624053955,-0.09355496615171432,0.07011476159095764,0.7164433522047737,3.2595828653922867,0.2712261946094908,3.3373068042901135,0.0016705971211194992,-0.07960587739944458,-0.011966874822974205,-0.3657729148864746,0.11226595938205719,-0.24500834941864014,0.0014888498236890369,0.027222777443655737,0.004824605383462407,0.23422724788555477
0.7936007976531982,-0.16660155594581738,0.06266601294191787,0.02046874910593033,0.3049478828907013,-0.09007913619279861,0.07068397104740143,0.7269210375688527,3.2023622853649054,0.2778485102753083,3.2837459670479507,0.0052560484036803246,-0.07464456558227539,-0.012647046707570553,-0.36593745946884154,0.10809496343135834,-0.24889566153287887,0.0022425481452768036,0.02589782547061481,0.004944378660638702,0.2342812654470042
0.8001255989074707,-0.16660155594581738,0.06266601294191787,0.02046874910593033,0.3049478828907013,-0.09007913619279861,0.07068397104740143,0.7269210375688527,3.2023622853649054,0.2778485102753083,3.2837459670479507,0.0052560484036803246,-0.07464456558227539,-0.012647046707570553,-0.36593745946884154,0.10809496343135834,-0.24889566153287887,0.0022425481452768036,0.02589782547061481,0.004944378660638702,0.2342812654470042
0.8052928447723389,-0.1707421863102354,0.06393554717215011,0.02167968824505806,0.3050302565097809,-0.08648446202278137,0.07126522064208984,0.7378017128148221,3.1479188198758727,0.2855084091369175,3.2331402799312245,0.008051812648773193,-0.07276152074337006,-0.013393483124673367,-0.36603630781173707,0.10378135442733764,-0.252819100767374,0.0030218880071084925,0.024645806737111232,0.005082917992767934,0.23433647625358106
0.8100464344024658,-0.1707421863102354,0.06393554717215011,0.02167968824505806,0.3050302565097809,-0.08648446202278137,0.07126522064208984,0.7378017128148221,3.1479188198758727,0.2855084091369175,3.2331402799312245,0.008051812648773193,-0.07276152074337006,-0.013393483124673367,-0.36603630781173707,0.10378135442733764,-0.252819100767374,0.0030218880071084925,0.024645806737111232,0.005082917992767934,0.23433647625358106
0.8161132335662842,-0.17488280177349225,0.06515625029715011,0.022895507514476776,0.3050791621208191,-0.08279825001955032,0.07195866852998734,0.7492767085513427,3.093994311004994,0.2942669544194271,3.1833426301331036,0.009138025343418121,-0.07254955917596817,-0.01416725106537342,-0.3660949945449829,0.09935790002346039,-0.2570879191160202,0.0038272737895780483,0.02341270865272187,0.005241327788482813,0.23439751513549803
0.8217513561248779,-0.17488280177349225,0.06515625029715011,0.022895507514476776,0.3050791621208191,-0.08279825001955032,0.07195866852998734,0.7492767085513427,3.093994311004994,0.2942669544194271,3.1833426301331036,0.009138025343418121,-0.07254955917596817,-0.01416725106537342,-0.3660949945449829,0.09935790002346039,-0.2570879191160202,0.0038272737895780483,0.02341270865272187,0.005241327788482813,0.23439751513549803
0.8271887302398682,-0.17488280177349225,0.06515625029715011,0.022895507514476776,0.3050791621208191,-0.08279825001955032,0.07195866852998734,0.7492767085513427,3.093994311004994,0.2942669544194271,3.1833426301331036,0.009138025343418121,-0.07254955917596817,-0.01416725106537342,-0.3660949945449829,0.09935790002346039,-0.2570879191160202,0.0038272737895780483,0.02341270865272187,0.005241327788482813,0.23439751513549803
0.8332078456878662,-0.17902343213791028,0.06632812231691787,0.024116210639476776,0.3050309121608734,-0.07887117564678192,0.07249647378921509,0.7609701565896664,3.043639690257724,0.3031474968892323,3.137240090297231,0.00917895883321762,-0.06751105189323425,-0.014431755058467388,-0.36603709459304806,0.0946454107761383,-0.26089860051870345,0.004672669173266583,0.02227478428335723,0.005401944063572264,0.23445184527651847
0.8380281925201416,-0.17902343213791028,0.06632812231691787,0.024116210639476776,0.3050309121608734,-0.07887117564678192,0.07249647378921509,0.7609701565896664,3.043639690257724,0.3031474968892323,3.137240090297231,0.00917895883321762,-0.06751105189323425,-0.014431755058467388,-0.36603709459304806,0.0946454107761383,-0.26089860051870345,0.004672669173266583,0.02227478428335723,0.005401944063572264,0.23445184527651847
0.8432092666625977,-0.1831640625023283,0.06744140297087142,0.02534179762005806,0.3049757480621338,-0.07485957443714142,0.0732082650065422,0.7728003850711855,2.9943854319359966,0.31138734951380326,3.092413244482632,0.008541329763829708,-0.06685260683298111,-0.014771228656172752,-0.36597089767456054,0.0898314893245697,-0.2652400307357311,0.005534481289576136,0.021165430860343937,0.0055509726212697565,0.23451504460079553
0.8490180969238281,-0.1831640625023283,0.06744140297087142,0.02534179762005806,0.3049757480621338,-0.07485957443714142,0.0732082650065422,0.7728003850711855,2.9943854319359966,0.31138734951380326,3.092413244482632,0.008541329763829708,-0.06685260683298111,-0.014771228656172752,-0.36597089767456054,0.0898314893245697,-0.2652400307357311,0.005534481289576136,0.021165430860343937,0.0055509726212697565,0.23451504460079553
0.8542342185974121,-0.1831640625023283,0.06744140297087142,0.02534179762005806,0.3049757480621338,-0.07485957443714142,0.0732082650065422,0.7728003850711855,2.9943854319359966,0.31138734951380326,3.092413244482632,0.008541329763829708,-0.06685260683298111,-0.014771228656172752,-0.36597089767456054,0.0898314893245697,-0.2652400307357311,0.005534481289576136,0.021165430860343937,0.0055509726212697565,0.23451504460079553
0.8600239753723145,-0.18730467796558514,0.06849609225901077,0.02657226473093033,0.3048156797885895,-0.07066140323877335,0.07377573847770691,0.7846168061263875,2.9486384445703178,0.3188335039721605,3.0511556900318695,0.0074735376983881,-0.06221545860171318,-0.01474827341735363,-0.3657788157463074,0.08479368388652801,-0.26915729194879534,0.0064237980868459485,0.020151045921710842,0.0056856461051145515,0.2345720273322337
0.8658280372619629,-0.18730467796558514,0.06849609225901077,0.02657226473093033,0.3048156797885895,-0.07066140323877335,0.07377573847770691,0.7846168061263875,2.9486384445703178,0.3188335039721605,3.0511556900318695,0.0074735376983881,-0.06221545860171318,-0.01474827341735363,-0.3657788157463074,0.08479368388652801,-0.26915729194879534,0.0064237980868459485,0.020151045921710842,0.0056856461051145515,0.2345720273322337
0.8718798160552979,-0.19144530833000317,0.0694921827307553,0.027812499552965164,0.30458569526672363,-0.06636064499616623,0.0743386298418045,0.7963650167803419,2.9052426312133766,0.32505910000627486,3.0123231443481493,0.006302732042968273,-0.058163195848464966,-0.014690162613987923,-0.36550283432006836,0.07963277399539948,-0.2730783887207508,0.0073275919442005065,0.019201412326121825,0.005798244186663327,0.23462951462255574
0.8770768642425537,-0.19144530833000317,0.0694921827307553,0.027812499552965164,0.30458569526672363,-0.06636064499616623,0.0743386298418045,0.7963650167803419,2.9052426312133766,0.32505910000627486,3.0123231443481493,0.006302732042968273,-0.058163195848464966,-0.014690162613987923,-0.36550283432006836,0.07963277399539948,-0.2730783887207508,0.0073275919442005065,0.019201412326121825,0.005798244186663327,0.23462951462255574
0.8826632499694824,-0.19144530833000317,0.0694921827307553,0.027812499552965164,0.30458569526672363,-0.06636064499616623,0.0743386298418045,0.7963650167803419,2.9052426312133766,0.32505910000627486,3.0123231443481493,0.006302732042968273,-0.058163195848464966,-0.014690162613987923,-0.36550283432006836,0.07963277399539948,-0.2730783887207508,0.0073275919442005065,0.019201412326121825,0.005798244186663327,0.23462951462255574
0.8875391483306885,-0.1955859386944212,0.07042968928726623,0.029052734375,0.30428916215896606,-0.06199061870574951,0.07491059601306915,0.8080040759933804,2.864379967731373,0.3301556365307282,2.976071073471894,0.004852906335145235,-0.056812237948179245,-0.01460493914783001,-0.3651469945907593,0.07438874244689941,-0.27702670991420747,0.008239890337627745,0.018320391483379234,0.005890421743968524,0.2346878936046438
0.8931233882904053,-0.1955859386944212,0.07042968928726623,0.029052734375,0.30428916215896606,-0.06199061870574951,0.07491059601306915,0.8080040759933804,2.864379967731373,0.3301556365307282,2.976071073471894,0.004852906335145235,-0.056812237948179245,-0.01460493914783001,-0.3651469945907593,0.07438874244689941,-0.27702670991420747,0.008239890337627745,0.018320391483379234,0.005890421743968524,0.2346878936046438
0.8991713523864746,-0.19980468094581738,0.07136718839319656,0.03047851473093033,0.31015413999557495,-0.06306476145982742,0.09465249627828598,0.8274364853698095,2.6177364935018836,0.3630840239644855,2.7453086972802065,0.022861525416374207,-0.39155814051628113,-0.024727454409003258,-0.3721849679946899,0.0756777137517929,-0.33881881535053254,0.008534022269434503,0.012008204380409376,0.006485974881887307,0.23565290130702754
0.9047465324401855,-0.19980468094581738,0.07136718839319656,0.03047851473093033,0.31015413999557495,-0.06306476145982742,0.09465249627828598,0.8274364853698095,2.6177364935018836,0.3630840239644855,2.7453086972802065,0.022861525416374207,-0.39155814051628113,-0.024727454409003258,-0.3721849679946899,0.0756777137517929,-0.33881881535053254,0.008534022269434503,0.012008204380409376,0.006485974881887307,0.23565290130702754
0.910606861114502,-0.2041015648865141,0.07232421547087142,0.032221678644418716,0.3154027462005615,-0.06342580169439316,0.11928058415651321,0.840625940809204,2.2500916839503,0.35469174810603304,2.4019162392429507,-0.01996259018778801,-0.4616871178150177,-0.017748108133673668,-0.37848329544067383,0.07611096203327179,-0.4158407740294933,0.008845204575163688,0.003070825062021609,0.00633418954979832,0.23685214195310525
0.9165565967559814,-0.2041015648865141,0.07232421547087142,0.032221678644418716,0.3154027462005615,-0.06342580169439316,0.11928058415651321,0.840625940809204,2.2500916839503,0.35469174810603304,2.4019162392429507,-0.01996259018778801,-0.4616871178150177,-0.017748108133673668,-0.37848329544067383,0.07611096203327179,-0.4158407740294933,0.008845204575163688,0.003070825062021609,0.00633418954979832,0.23685214195310525
0.9219424724578857,-0.2041015648865141,0.07232421547087142,0.032221678644418716,0.3154027462005615,-0.06342580169439316,0.11928058415651321,0.840625940809204,2.2500916839503,0.35469174810603304,2.4019162392429507,-0.01996259018778801,-0.4616871178150177,-0.017748108133673668,-0.37848329544067383,0.07611096203327179,-0.4158407740294933,0.008845204575163688,0.003070825062021609,0.00633418954979832,0.23685214195310525
0.927647590637207,-0.2084374898695387,0.07328124999912689,0.034282226115465164,0.319785475730896,-0.0638488307595253,0.14366672933101654,0.8495601134005142,1.9448550286718045,0.33033873734171254,2.122247933193717,-0.03262339532375336,-0.3492848873138428,-0.012298223562538624,-0.3837425708770752,0.07661859691143036,-0.4927081950008869,0.009067183193094077,-0.0042894349924737845,0.005893733362636932,0.23806096417958894
0.933204174041748,-0.2084374898695387,0.07328124999912689,0.034282226115465164,0.319785475730896,-0.0638488307595253,0.14366672933101654,0.8495601134005142,1.9448550286718045,0.33033873734171254,2.122247933193717,-0.03262339532375336,-0.3492848873138428,-0.012298223562538624,-0.3837425708770752,0.07661859691143036,-0.4927081950008869,0.009067183193094077,-0.0042894349924737845,0.005893733362636932,0.23806096417958894
0.9385507106781006,-0.21281250059837475,0.07425781249912689,0.03665527328848839,0.32368120551109314,-0.06427367776632309,0.16710679233074188,0.8563905103084426,1.7483519325790973,0.3069317206237834,1.9467696049115946,-0.02792990580201149,-0.21592293679714203,-0.009405611082911491,-0.38841744661331173,0.07712841331958771,-0.5672998689115047,0.009240477132251769,-0.009071245013200268,0.0054703867203597005,0.23924665982122903
0.9440453052520752,-0.21281250059837475,0.07425781249912689,0.03665527328848839,0.32368120551109314,-0.06427367776632309,0.16710679233074188,0.8563905103084426,1.7483519325790973,0.3069317206237834,1.9467696049115946,-0.02792990580201149,-0.21592293679714203,-0.009405611082911491,-0.38841744661331173,0.07712841331958771,-0.5672998689115047,0.009240477132251769,-0.009071245013200268,0.0054703867203597005,0.23924665982122903
0.9505634307861328,-0.21281250059837475,0.07425781249912689,0.03665527328848839,0.32368120551109314,-0.06427367776632309,0.16710679233074188,0.8563905103084426,1.7483519325790973,0.3069317206237834,1.9467696049115946,-0.02792990580201149,-0.21592293679714203,-0.009405611082911491,-0.38841744661331173,0.07712841331958771,-0.5672998689115047,0.009240477132251769,-0.009071245013200268,0.0054703867203597005,0.23924665982122903
0.9560031890869141,-0.21726562321418896,0.07523437499912689,0.039335936307907104,0.32733243703842163,-0.06467252969741821,0.189567431807518,0.8627359397264662,1.6305847035516345,0.28981136232569815,1.84470030355415,-0.019810350611805916,-0.12982577085494995,-0.008661043830215931,-0.3927989244461059,0.07760703563690186,-0.6395069807767868,0.009400003279876928,-0.012005129631148383,0.005160742553082546,0.24040202000301633
0.9616422653198242,-0.21726562321418896,0.07523437499912689,0.039335936307907104,0.32733243703842163,-0.06467252969741821,0.189567431807518,0.8627359397264662,1.6305847035516345,0.28981136232569815,1.84470030355415,-0.019810350611805916,-0.12982577085494995,-0.008661043830215931,-0.3927989244461059,0.07760703563690186,-0.6395069807767868,0.009400003279876928,-0.012005129631148383,0.005160742553082546,0.24040202000301633
0.9673795700073242,-0.22175780177349225,0.07621093749912689,0.04231933504343033,0.33081212639808655,-0.06504552811384201,0.2112392783164978,0.8695048134478052,1.5487668122839464,0.27729911492269904,1.776100723698835,-0.015027659945189953,-0.09765753895044327,-0.00919574499130249,-0.39697455167770385,0.07805463373661041,-0.709892638027668,0.009567366242131217,-0.014088187442296425,0.004934442124060008,0.24153143679680872
0.9722456932067871,-0.22175780177349225,0.07621093749912689,0.04231933504343033,0.33081212639808655,-0.06504552811384201,0.2112392783164978,0.8695048134478052,1.5487668122839464,0.27729911492269904,1.776100723698835,-0.015027659945189953,-0.09765753895044327,-0.00919574499130249,-0.39697455167770385,0.07805463373661041,-0.709892638027668,0.009567366242131217,-0.014088187442296425,0.004934442124060008,0.24153143679680872
0.9779307842254639,-0.22175780177349225,0.07621093749912689,0.04231933504343033,0.33081212639808655,-0.06504552811384201,0.2112392783164978,0.8695048134478052,1.5487668122839464,0.27729911492269904,1.776100723698835,-0.015027659945189953,-0.09765753895044327,-0.00919574499130249,-0.39697455167770385,0.07805463373661041,-0.709892638027668,0.009567366242131217,-0.014088187442296425,0.004934442124060008,0.24153143679680872
0.9838747978210449,-0.2262890511774458,0.07720702797087142,0.045585937798023224,0.33409997820854187,-0.06540434062480927,0.23216913640499115,0.8770457098300245,1.473907879051263,0.2660687824530275,1.7150636716979324,-0.014461588114500046,-0.09391675144433975,-0.01013942714780569,-0.40091997385025024,0.07848520874977112,-0.7785620972514152,0.009751257938351956,-0.015987223041504347,0.004731326810392295,0.24263399392941531
0.9892785549163818,-0.2262890511774458,0.07720702797087142,0.045585937798023224,0.33409997820854187,-0.06540434062480927,0.23216913640499115,0.8770457098300245,1.473907879051263,0.2660687824530275,1.7150636716979324,-0.014461588114500046,-0.09391675144433975,-0.01013942714780569,-0.40091997385025024,0.07848520874977112,-0.7785620972514152,0.009751257938351956,-0.015987223041504347,0.004731326810392295,0.24263399392941531
0.994591236114502,-0.22855468333000317,0.07770507693203399,0.04732421785593033,0.3356642723083496,-0.06558187305927277,0.24235956370830536,0.8810550629648696,1.43597397548171,0.2601177608835982,1.6846712421816297,-0.015167038887739182,-0.09521647542715073,-0.01055157370865345,-0.4027971267700195,0.07869824767112732,-0.8122622832655907,0.009848480053258259,-0.016938705527938806,0.004623694768689069,0.24317509069142312
1.0003931522369385,-0.22855468333000317,0.07770507693203399,0.04732421785593033,0.3356642723083496,-0.06558187305927277,0.24235956370830536,0.8810550629648696,1.43597397548171,0.2601177608835982,1.6846712421816297,-0.015167038887739182,-0.09521647542715073,-0.01055157370865345,-0.4027971267700195,0.07869824767112732,-0.8122622832655907,0.009848480053258259,-0.016938705527938806,0.004623694768689069,0.24317509069142312
1.0062484741210938,-0.23316405952209607,0.07870116740377853,0.05100586265325546,0.3386334776878357,-0.06593428552150726,0.26227083802223206,0.889470136135365,1.3593750940918519,0.2470867638446486,1.6244720569693185,-0.017154794186353683,-0.09590629488229752,-0.011089341714978218,-0.4063601732254028,0.07912114262580872,-0.878623066842556,0.010052095439680579,-0.018838598721744655,0.004388012071127017,0.24424065439854004
1.0126266479492188,-0.23316405952209607,0.07870116740377853,0.05100586265325546,0.3386334776878357,-0.06593428552150726,0.26227083802223206,0.889470136135365,1.3593750940918519,0.2470867638446486,1.6244720569693185,-0.017154794186353683,-0.09590629488229752,-0.011089341714978218,-0.4063601732254028,0.07912114262580872,-0.878623066842556,0.010052095439680579,-0.018838598721744655,0.004388012071127017,0.24424065439854004
1.0182521343231201,-0.23316405952209607,0.07870116740377853,0.05100586265325546,0.3386334776878357,-0.06593428552150726,0.26227083802223206,0.889470136135365,1.3593750940918519,0.2470867638446486,1.6244720569693185,-0.017154794186353683,-0.09590629488229752,-0.011089341714978218,-0.4063601732254028,0.07912114262580872,-0.878623066842556,0.010052095439680579,-0.018838598721744655,0.004388012071127017,0.24424065439854004
1.0235819816589355,-0.23777343571418896,0.0797167932978482,0.05495116859674454,0.34141308069229126,-0.06628415733575821,0.2814409136772156,0.898028520261712,1.2866212619770492,0.23252992422344518,1.5689849825086508,-0.018927762284874916,-0.08944447338581085,-0.011097924783825874,-0.4096956968307495,0.07954098880290984,-0.9432348445057869,0.010259034234001282,-0.020628618779021068,0.004124732506282857,0.24527851495970862
1.029853105545044,-0.23777343571418896,0.0797167932978482,0.05495116859674454,0.34141308069229126,-0.06628415733575821,0.2814409136772156,0.898028520261712,1.2866212619770492,0.23252992422344518,1.5689849825086508,-0.018927762284874916,-0.08944447338581085,-0.011097924783825874,-0.4096956968307495,0.07954098880290984,-0.9432348445057869,0.010259034234001282,-0.020628618779021068,0.004124732506282857,0.24527851495970862
1.0354681015014648,-0.2424609386944212,0.08073241919191787,0.059150390326976776,0.34404194355010986,-0.06662877649068832,0.2998555302619934,0.9063413028532729,1.2223207277657577,0.21693542328615428,1.5216431045479923,-0.020062148571014404,-0.07773546129465103,-0.010640562511980534,-0.41285033226013185,0.07995453178882599,-1.0060372933745385,0.010460659238549878,-0.022208715980957586,0.0038426854735770515,0.2462879475306806
1.0409300327301025,-0.2424609386944212,0.08073241919191787,0.059150390326976776,0.34404194355010986,-0.06662877649068832,0.2998555302619934,0.9063413028532729,1.2223207277657577,0.21693542328615428,1.5216431045479923,-0.020062148571014404,-0.07773546129465103,-0.010640562511980534,-0.41285033226013185,0.07995453178882599,-1.0060372933745385,0.010460659238549878,-0.022208715980957586,0.0038426854735770515,0.2462879475306806
1.0468907356262207,-0.2424609386944212,0.08073241919191787,0.059150390326976776,0.34404194355010986,-0.06662877649068832,0.2998555302619934,0.9063413028532729,1.2223207277657577,0.21693542328615428,1.5216431045479923,-0.020062148571014404,-0.07773546129465103,-0.010640562511980534,-0.41285033226013185,0.07995453178882599,-1.0060372933745385,0.010460659238549878,-0.022208715980957586,0.0038426854735770515,0.2462879475306806
1.0528504848480225,-0.24714842677349225,0.08174804508598754,0.06359375268220901,0.34655797481536865,-0.06696522235870361,0.3174896836280823,0.9141619971810827,1.1684263914422341,0.20070004144512607,1.4835083354728082,-0.020755134522914886,-0.06444458663463593,-0.009867118671536446,-0.41586956977844236,0.08035826683044434,-1.066937805712223,0.010651537304526344,-0.023539993139873015,0.0035490472679350895,0.24726749645084187
1.0591344833374023,-0.24714842677349225,0.08174804508598754,0.06359375268220901,0.34655797481536865,-0.06696522235870361,0.3174896836280823,0.9141619971810827,1.1684263914422341,0.20070004144512607,1.4835083354728082,-0.020755134522914886,-0.06444458663463593,-0.009867118671536446,-0.41586956977844236,0.08035826683044434,-1.066937805712223,0.010651537304526344,-0.023539993139873015,0.0035490472679350895,0.24726749645084187
1.0646638870239258,-0.25187498569721356,0.08277343869121978,0.06827148050069809,0.3489912152290344,-0.06729123741388321,0.33434104919433594,0.9213339797127583,1.1245728531205295,0.18400695682780233,1.4537577118495013,-0.021304290741682053,-0.05223840847611427,-0.008953849785029888,-0.4187894582748413,0.08074948489665985,-1.1259118124842644,0.010828337872565184,-0.02463554286938621,0.0032471309063951126,0.24821666013428476
1.0711092948913574,-0.25187498569721356,0.08277343869121978,0.06827148050069809,0.3489912152290344,-0.06729123741388321,0.33434104919433594,0.9213339797127583,1.1245728531205295,0.18400695682780233,1.4537577118495013,-0.021304290741682053,-0.05223840847611427,-0.008953849785029888,-0.4187894582748413,0.08074948489665985,-1.1259118124842644,0.010828337872565184,-0.02463554286938621,0.0032471309063951126,0.24821666013428476
1.077040195465088,-0.25664061546558514,0.08380859255703399,0.07317382842302322,0.35135722160339355,-0.06760375946760178,0.3505438268184662,0.9278433867730147,1.088623052929753,0.1669170979049123,1.4303461696565583,-0.021757405251264572,-0.04285886511206627,-0.008140134625136852,-0.4216286659240723,0.08112451136112213,-1.1833443716168404,0.010991458733657011,-0.02554524061570226,0.0029380383603785447,0.24914146553620659
1.082322120666504,-0.25664061546558514,0.08380859255703399,0.07317382842302322,0.35135722160339355,-0.06760375946760178,0.3505438268184662,0.9278433867730147,1.088623052929753,0.1669170979049123,1.4303461696565583,-0.021757405251264572,-0.04285886511206627,-0.008140134625136852,-0.4216286659240723,0.08112451136112213,-1.1833443716168404,0.010991458733657011,-0.02554524061570226,0.0029380383603785447,0.24914146553620659
1.0878031253814697,-0.2614062452339567,0.0848437464228482,0.07829101383686066,0.35367462038993835,-0.06790201365947723,0.3659459054470062,0.9337792015769456,1.0597841530434409,0.14930848999628207,1.412439856613173,-0.022414743900299072,-0.034157633781433105,-0.007340718992054462,-0.424409544467926,0.08148241639137267,-1.2387615412473678,0.011142641107212704,-0.02629236557453164,0.0026195635575823133,0.2500341870917369
1.0938255786895752,-0.2614062452339567,0.0848437464228482,0.07829101383686066,0.35367462038993835,-0.06790201365947723,0.3659459054470062,0.9337792015769456,1.0597841530434409,0.14930848999628207,1.412439856613173,-0.022414743900299072,-0.034157633781433105,-0.007340718992054462,-0.424409544467926,0.08148241639137267,-1.2387615412473678,0.011142641107212704,-0.02629236557453164,0.0026195635575823133,0.2500341870917369
1.0995049476623535,-0.2614062452339567,0.0848437464228482,0.07829101383686066,0.35367462038993835,-0.06790201365947723,0.3659459054470062,0.9337792015769456,1.0597841530434409,0.14930848999628207,1.412439856613173,-0.022414743900299072,-0.034157633781433105,-0.007340718992054462,-0.424409544467926,0.08148241639137267,-1.2387615412473678,0.011142641107212704,-0.02629236557453164,0.0026195635575823133,0.2500341870917369
1.105022668838501,-0.26624998688930646,0.085878907739243,0.08361327648162842,0.35595837235450745,-0.06818398088216782,0.38058632612228394,0.939106777826515,1.0372927213279497,0.13115051538885078,1.3992145311847601,-0.023109039291739464,-0.026393745094537735,-0.006592376623302698,-0.4271500468254089,0.08182077705860137,-1.2922628760337829,0.011281514268432715,-0.02689622172515169,0.002291152736449371,0.2508963594318243
1.1104331016540527,-0.26624998688930646,0.085878907739243,0.08361327648162842,0.35595837235450745,-0.06818398088216782,0.38058632612228394,0.939106777826515,1.0372927213279497,0.13115051538885078,1.3992145311847601,-0.023109039291739464,-0.026393745094537735,-0.006592376623302698,-0.4271500468254089,0.08182077705860137,-1.2922628760337829,0.011281514268432715,-0.02689622172515169,0.002291152736449371,0.2508963594318243
1.1159024238586426,-0.2710937583469786,0.08691406160505721,0.08913085609674454,0.35822245478630066,-0.06844693422317505,0.3944888710975647,0.9438879279411095,1.0205076649026976,0.11244321324232474,1.3900598884328559,-0.023748602718114853,-0.01943550631403923,-0.005894976202398539,-0.42986694574356077,0.08213632106781006,-1.3439021542668343,0.011409847550638605,-0.027373353278796052,0.0019528066052348196,0.2517287994236499
1.121657371520996,-0.2710937583469786,0.08691406160505721,0.08913085609674454,0.35822245478630066,-0.06844693422317505,0.3944888710975647,0.9438879279411095,1.0205076649026976,0.11244321324232474,1.3900598884328559,-0.023748602718114853,-0.01943550631403923,-0.005894976202398539,-0.42986694574356077,0.08213632106781006,-1.3439021542668343,0.011409847550638605,-0.027373353278796052,0.0019528066052348196,0.2517287994236499
1.1275599002838135,-0.2759765708469786,0.08794921547087142,0.09483398497104645,0.3604790270328522,-0.06868796795606613,0.4076773524284363,0.9481434160961378,1.0088196605862074,0.09327818590809969,1.384413369508379,-0.02430771477520466,-0.013136248104274273,-0.005226127337664366,-0.4325748324394226,0.08242556154727936,-1.3937332302331924,0.011528444071473973,-0.02773927709090762,0.0016061819127820122,0.2525323316618182
1.1339678764343262,-0.2759765708469786,0.08794921547087142,0.09483398497104645,0.3604790270328522,-0.06868796795606613,0.4076773524284363,0.9481434160961378,1.0088196605862074,0.09327818590809969,1.384413369508379,-0.02430771477520466,-0.013136248104274273,-0.005226127337664366,-0.4325748324394226,0.08242556154727936,-1.3937332302331924,0.011528444071473973,-0.02773927709090762,0.0016061819127820122,0.2525323316618182
1.1393048763275146,-0.2759765708469786,0.08794921547087142,0.09483398497104645,0.3604790270328522,-0.06868796795606613,0.4076773524284363,0.9481434160961378,1.0088196605862074,0.09327818590809969,1.384413369508379,-0.02430771477520466,-0.013136248104274273,-0.005226127337664366,-0.4325748324394226,0.08242556154727936,-1.3937332302331924,0.011528444071473973,-0.02773927709090762,0.0016061819127820122,0.2525323316618182
1.1447947025299072,-0.28089842438930646,0.08900390475901077,0.10071288794279099,0.3627398610115051,-0.068904809653759,0.42011454701423645,0.9518727516485861,1.0019225063473436,0.07368590609627437,1.3819616998838768,-0.02486451528966427,-0.0071945516392588615,-0.004488893784582615,-0.43528783321380615,0.0826857715845108,-1.4416268393397331,0.011637461364336977,-0.028003248439460934,0.0012518297980789374,0.2533048472240682
1.1501455307006836,-0.28089842438930646,0.08900390475901077,0.10071288794279099,0.3627398610115051,-0.068904809653759,0.42011454701423645,0.9518727516485861,1.0019225063473436,0.07368590609627437,1.3819616998838768,-0.02486451528966427,-0.0071945516392588615,-0.004488893784582615,-0.43528783321380615,0.0826857715845108,-1.4416268393397331,0.011637461364336977,-0.028003248439460934,0.0012518297980789374,0.2533048472240682
1.155890703201294,-0.2858203077339567,0.09005859404715011,0.10675780475139618,0.36501485109329224,-0.06909570097923279,0.4318688213825226,0.9549874703333076,0.9993897896784155,0.053666392389201005,1.3822765816682114,-0.02532339096069336,-0.0019368815701454878,-0.003722452325746417,-0.43801782131195066,0.08291484117507934,-1.4877705127000809,0.011735334743852516,-0.02817558651449542,0.000889750597212309,0.2540493407314295
1.1616120338439941,-0.2858203077339567,0.09005859404715011,0.10675780475139618,0.36501485109329224,-0.06909570097923279,0.4318688213825226,0.9549874703333076,0.9993897896784155,0.053666392389201005,1.3822765816682114,-0.02532339096069336,-0.0019368815701454878,-0.003722452325746417,-0.43801782131195066,0.08291484117507934,-1.4877705127000809,0.011735334743852516,-0.02817558651449542,0.000889750597212309,0.2540493407314295
1.1670446395874023,-0.29082030296558514,0.09111327588470886,0.11295898258686066,0.36731159687042236,-0.06925798952579498,0.44294390082359314,0.9574872182615399,1.0007017612616982,0.033311160330261616,1.3849523770681558,-0.025763459503650665,0.0028204373084008694,-0.002921062521636486,-0.44077391624450685,0.08310958743095398,-1.5321578711271286,0.011822320804746331,-0.02826929470139855,0.0005215994889883468,0.2547656806758518
1.1726977825164795,-0.29082030296558514,0.09111327588470886,0.11295898258686066,0.36731159687042236,-0.06925798952579498,0.44294390082359314,0.9574872182615399,1.0007017612616982,0.033311160330261616,1.3849523770681558,-0.025763459503650665,0.0028204373084008694,-0.002921062521636486,-0.44077391624450685,0.08310958743095398,-1.5321578711271286,0.011822320804746331,-0.02826929470139855,0.0005215994889883468,0.2547656806758518
1.1783101558685303,-0.29082030296558514,0.09111327588470886,0.11295898258686066,0.36731159687042236,-0.06925798952579498,0.44294390082359314,0.9574872182615399,1.0007017612616982,0.033311160330261616,1.3849523770681558,-0.025763459503650665,0.0028204373084008694,-0.002921062521636486,-0.44077391624450685,0.08310958743095398,-1.5321578711271286,0.011822320804746331,-0.02826929470139855,0.0005215994889883468,0.2547656806758518
1.1841316223144531,-0.29582029819721356,0.0921679651728482,0.11932128667831421,0.36964356899261475,-0.06939100474119186,0.45336565375328064,0.9592906876689045,1.0055543524801105,0.012528695488053443,1.3897063541031296,-0.026181969791650772,0.00711732218042016,-0.0020475334022194147,-0.4435722827911377,0.08326920568943023,-1.5748752772808075,0.01189684466597324,-0.028292855800370772,0.00014572131471231976,0.2554552415266603
1.1900038719177246,-0.29582029819721356,0.0921679651728482,0.11932128667831421,0.36964356899261475,-0.06939100474119186,0.45336565375328064,0.9592906876689045,1.0055543524801105,0.012528695488053443,1.3897063541031296,-0.026181969791650772,0.00711732218042016,-0.0020475334022194147,-0.4435722827911377,0.08326920568943023,-1.5748752772808075,0.01189684466597324,-0.028292855800370772,0.00014572131471231976,0.2554552415266603
1.1951069831848145,-0.300820293428842,0.09322265446098754,0.12581054866313934,0.37200605869293213,-0.06949134171009064,0.4631315767765045,0.9603972074862281,1.0135195048378032,-0.008498541160026291,1.3962407542289237,-0.0265511404722929,0.010947191156446934,-0.0011552907526493073,-0.44640727043151857,0.08338961005210876,-1.6158537179231645,0.011959133302230885,-0.0282556794100627,-0.00023458387917908022,0.25611688981002245
1.2003450393676758,-0.300820293428842,0.09322265446098754,0.12581054866313934,0.37200605869293213,-0.06949134171009064,0.4631315767765045,0.9603972074862281,1.0135195048378032,-0.008498541160026291,1.3962407542289237,-0.0265511404722929,0.010947191156446934,-0.0011552907526493073,-0.44640727043151857,0.08338961005210876,-1.6158537179231645,0.011959133302230885,-0.0282556794100627,-0.00023458387917908022,0.25611688981002245
1.2054722309112549,-0.300820293428842,0.09322265446098754,0.12581054866313934,0.37200605869293213,-0.06949134171009064,0.4631315767765045,0.9603972074862281,1.0135195048378032,-0.008498541160026291,1.3962407542289237,-0.0265511404722929,0.010947191156446934,-0.0011552907526493073,-0.44640727043151857,0.08338961005210876,-1.6158537179231645,0.011959133302230885,-0.0282556794100627,-0.00023458387917908022,0.25611688981002245
1.210902452468872,-0.30589843034977093,0.09427734374912689,0.13243164122104645,0.3744097948074341,-0.06955765932798386,0.47229793667793274,0.9607931217034152,1.0242918470614797,-0.02980995527675319,1.4043500777242541,-0.026868652552366257,0.014379959553480148,-0.00027414082433097064,-0.4492917537689209,0.08346919119358062,-1.6552707642316817,0.012009233047384304,-0.028165438527962553,-0.0006200287958557936,0.25675347742238075
1.2168855667114258,-0.30589843034977093,0.09427734374912689,0.13243164122104645,0.3744097948074341,-0.06955765932798386,0.47229793667793274,0.9607931217034152,1.0242918470614797,-0.02980995527675319,1.4043500777242541,-0.026868652552366257,0.014379959553480148,-0.00027414082433097064,-0.4492917537689209,0.08346919119358062,-1.6552707642316817,0.012009233047384304,-0.028165438527962553,-0.0006200287958557936,0.25675347742238075
1.2221672534942627,-0.3109765672706999,0.09533202558668563,0.13917969167232513,0.3768596947193146,-0.06958794593811035,0.4808944761753082,0.9604995117553663,1.037597620770966,-0.05135963539547251,1.4138838960413016,-0.027141541242599487,0.01747296191751957,0.0005832822062075138,-0.4522316336631775,0.08350553512573242,-1.6932068735361099,0.012047881904220093,-0.02802871356716797,-0.0010097830661387618,0.25736629364759883
1.227435827255249,-0.3109765672706999,0.09533202558668563,0.13917969167232513,0.3768596947193146,-0.06958794593811035,0.4808944761753082,0.9604995117553663,1.037597620770966,-0.05135963539547251,1.4138838960413016,-0.027141541242599487,0.01747296191751957,0.0005832822062075138,-0.4522316336631775,0.08350553512573242,-1.6932068735361099,0.012047881904220093,-0.02802871356716797,-0.0010097830661387618,0.25736629364759883
1.2332367897033691,-0.3109765672706999,0.09533202558668563,0.13917969167232513,0.3768596947193146,-0.06958794593811035,0.4808944761753082,0.9604995117553663,1.037597620770966,-0.05135963539547251,1.4138838960413016,-0.027141541242599487,0.01747296191751957,0.0005832822062075138,-0.4522316336631775,0.08350553512573242,-1.6932068735361099,0.012047881904220093,-0.02802871356716797,-0.0010097830661387618,0.25736629364759883
1.2389302253723145,-0.313515605928842,0.0958593702307553,0.14259766042232513,0.3781035542488098,-0.06958910822868347,0.48499467968940735,0.9600829292613838,1.045135492137429,-0.06221339486257963,1.4191425165836236,-0.02725948393344879,0.01892152801156044,0.0009927222272381186,-0.4537242650985718,0.08350692987442017,-1.7116598278284072,0.012062746493646276,-0.027944439538982353,-0.0012060875624294984,0.25766443446890525
1.2442030906677246,-0.313515605928842,0.0958593702307553,0.14259766042232513,0.3781035542488098,-0.06958910822868347,0.48499467968940735,0.9600829292613838,1.045135492137429,-0.06221339486257963,1.4191425165836236,-0.02725948393344879,0.01892152801156044,0.0009927222272381186,-0.4537242650985718,0.08350692987442017,-1.7116598278284072,0.012062746493646276,-0.027944439538982353,-0.0012060875624294984,0.25766443446890525
1.2493999004364014,-0.3186718547367491,0.09689453154715011,0.14951170980930328,0.38063105940818787,-0.06956196576356888,0.49278512597084045,0.9587783164655751,1.0617678555545316,-0.08406513075257535,1.4305598191078859,-0.02748033218085766,0.02158033661544323,0.0018230407731607556,-0.4567572712898254,0.08347435891628265,-1.7474764555692672,0.012085189495677886,-0.02774949051683808,-0.0016013049080839377,0.2582432234969799
1.2551374435424805,-0.3186718547367491,0.09689453154715011,0.14951170980930328,0.38063105940818787,-0.06956196576356888,0.49278512597084045,0.9587783164655751,1.0617678555545316,-0.08406513075257535,1.4305598191078859,-0.02748033218085766,0.02158033661544323,0.0018230407731607556,-0.4567572712898254,0.08347435891628265,-1.7474764555692672,0.012085189495677886,-0.02774949051683808,-0.0016013049080839377,0.2582432234969799
1.2608668804168701,-0.3238281035446562,0.09792968541296432,0.15653319656848907,0.3832154870033264,-0.06949427723884583,0.50016188621521,0.956879343514454,1.0804748283786088,-0.1060680199031295,1.4432378941088593,-0.027644384652376175,0.02413848787546158,0.0024822987616062164,-0.4598585844039917,0.08339313268661498,-1.7822454124689102,0.01209911852371344,-0.027517984556624533,-0.0019992560589942397,0.2588052260645564
1.266813039779663,-0.3238281035446562,0.09792968541296432,0.15653319656848907,0.3832154870033264,-0.06949427723884583,0.50016188621521,0.956879343514454,1.0804748283786088,-0.1060680199031295,1.4432378941088593,-0.027644384652376175,0.02413848787546158,0.0024822987616062164,-0.4598585844039917,0.08339313268661498,-1.7822454124689102,0.01209911852371344,-0.027517984556624533,-0.0019992560589942397,0.2588052260645564
1.2717094421386719,-0.3238281035446562,0.09792968541296432,0.15653319656848907,0.3832154870033264,-0.06949427723884583,0.50016188621521,0.956879343514454,1.0804748283786088,-0.1060680199031295,1.4432378941088593,-0.027644384652376175,0.02413848787546158,0.0024822987616062164,-0.4598585844039917,0.08339313268661498,-1.7822454124689102,0.01209911852371344,-0.027517984556624533,-0.0019992560589942397,0.2588052260645564
1.2770237922668457,-0.3291015648865141,0.09907226174982497,0.1631152331829071,0.39768970012664795,-0.07563721388578415,0.44885504245758057,0.9790168898782673,1.6395570182228083,0.39744685842313066,1.9095444411369231,0.8439697027206421,0.9205285310745239,-0.038424938917160034,-0.4772276401519775,0.09076465666294098,-1.6401725471019746,0.011207172696434186,-0.017173751999969313,0.007107471878385799,0.25655700969531564
1.2822010517120361,-0.3291015648865141,0.09907226174982497,0.1631152331829071,0.39768970012664795,-0.07563721388578415,0.44885504245758057,0.9790168898782673,1.6395570182228083,0.39744685842313066,1.9095444411369231,0.8439697027206421,0.9205285310745239,-0.038424938917160034,-0.4772276401519775,0.09076465666294098,-1.6401725471019746,0.011207172696434186,-0.017173751999969313,0.007107471878385799,0.25655700969531564
1.2882490158081055,-0.3291015648865141,0.09907226174982497,0.1631152331829071,0.39768970012664795,-0.07563721388578415,0.44885504245758057,0.9790168898782673,1.6395570182228083,0.39744685842313066,1.9095444411369231,0.8439697027206421,0.9205285310745239,-0.038424938917160034,-0.4772276401519775,0.09076465666294098,-1.6401725471019746,0.011207172696434186,-0.017173751999969313,0.007107471878385799,0.25655700969531564
1.2937240600585938,-0.33449217915767804,0.10029296487482497,0.1687597632408142,0.4066043198108673,-0.07281208783388138,0.37604641914367676,1.0190568125444044,2.494354334070279,1.0501261105215753,2.6943690900838,0.68002849817276,1.0314778089523315,-0.030357500538229942,-0.4879251837730407,0.08737450540065765,-1.4319068312644958,0.011651241566359835,0.00040646580766939524,0.01891203344167275,0.2532959438283067
1.2993717193603516,-0.33449217915767804,0.10029296487482497,0.1687597632408142,0.4066043198108673,-0.07281208783388138,0.37604641914367676,1.0190568125444044,2.494354334070279,1.0501261105215753,2.6943690900838,0.68002849817276,1.0314778089523315,-0.030357500538229942,-0.4879251837730407,0.08737450540065765,-1.4319068312644958,0.011651241566359835,0.00040646580766939524,0.01891203344167275,0.2532959438283067
1.30521821975708,-0.34007811784977093,0.10152343571098754,0.17345702648162842,0.4230092167854309,-0.07604284584522247,0.30096280574798584,0.9982102226545762,3.084594537308365,1.2765056208962797,3.2419416374527303,0.17130517959594727,0.6278008222579956,0.057036660611629486,-0.5076110601425171,0.09125141501426696,-1.2151110649108887,0.010269427735753942,0.010608995738422075,0.023006404234513306,0.2498836057683753
1.3114452362060547,-0.34007811784977093,0.10152343571098754,0.17345702648162842,0.4230092167854309,-0.07604284584522247,0.30096280574798584,0.9982102226545762,3.084594537308365,1.2765056208962797,3.2419416374527303,0.17130517959594727,0.6278008222579956,0.057036660611629486,-0.5076110601425171,0.09125141501426696,-1.2151110649108887,0.010269427735753942,0.010608995738422075,0.023006404234513306,0.2498836057683753
1.3169569969177246,-0.3458593809627928,0.10283202588470886,0.17729979753494263,0.43685171008110046,-0.08344337344169617,0.24027253687381744,0.9527944890225103,3.3370971152335582,1.2617045093453605,3.4703038828901573,-0.05987571179866791,0.21250048279762268,0.06043541803956032,-0.5242220520973205,0.1001320481300354,-1.0399572461843491,0.008022279336573944,0.013461884535584398,0.02273870669097101,0.24709498874684444
1.3222103118896484,-0.3458593809627928,0.10283202588470886,0.17729979753494263,0.43685171008110046,-0.08344337344169617,0.24027253687381744,0.9527944890225103,3.3370971152335582,1.2617045093453605,3.4703038828901573,-0.05987571179866791,0.21250048279762268,0.06043541803956032,-0.5242220520973205,0.1001320481300354,-1.0399572461843491,0.008022279336573944,0.013461884535584398,0.02273870669097101,0.24709498874684444
1.3275210857391357,-0.3458593809627928,0.10283202588470886,0.17729979753494263,0.43685171008110046,-0.08344337344169617,0.24027253687381744,0.9527944890225103,3.3370971152335582,1.2617045093453605,3.4703038828901573,-0.05987571179866791,0.21250048279762268,0.06043541803956032,-0.5242220520973205,0.1001320481300354,-1.0399572461843491,0.008022279336573944,0.013461884535584398,0.02273870669097101,0.24709498874684444
1.3328065872192383,-0.3518359386944212,0.10421875029715011,0.18059569597244263,0.4483886659145355,-0.08980555087327957,0.20718954503536224,0.9254319694712009,3.3148803504638824,1.176896290814407,3.441496952474419,-0.1082325279712677,-0.09292867034673691,0.023562386631965637,-0.5380663990974426,0.10776666104793549,-0.9466408878564835,0.006469969397042395,0.010699822583550771,0.021204838663907866,0.2455818438790456
1.337817668914795,-0.3518359386944212,0.10421875029715011,0.18059569597244263,0.4483886659145355,-0.08980555087327957,0.20718954503536224,0.9254319694712009,3.3148803504638824,1.176896290814407,3.441496952474419,-0.1082325279712677,-0.09292867034673691,0.023562386631965637,-0.5380663990974426,0.10776666104793549,-0.9466408878564835,0.006469969397042395,0.010699822583550771,0.021204838663907866,0.2455818438790456
1.34336519241333,-0.3579687500023283,0.10565429091366241,0.18369628489017487,0.45852550864219666,-0.09331336617469788,0.19916418194770813,0.9238130649132658,3.159820018236533,1.108597795764354,3.2919643763675217,-0.07908826321363449,-0.22007888555526733,-0.009275166317820549,-0.5502306103706359,0.11197603940963745,-0.9281458586454392,0.005963139902692943,0.005505717851791735,0.019969570671389065,0.24525636088123695
1.3494560718536377,-0.3579687500023283,0.10565429091366241,0.18369628489017487,0.45852550864219666,-0.09331336617469788,0.19916418194770813,0.9238130649132658,3.159820018236533,1.108597795764354,3.2919643763675217,-0.07908826321363449,-0.22007888555526733,-0.009275166317820549,-0.5502306103706359,0.11197603940963745,-0.9281458586454392,0.005963139902692943,0.005505717851791735,0.019969570671389065,0.24525636088123695
1.3543241024017334,-0.3579687500023283,0.10565429091366241,0.18369628489017487,0.45852550864219666,-0.09331336617469788,0.19916418194770813,0.9238130649132658,3.159820018236533,1.108597795764354,3.2919643763675217,-0.07908826321363449,-0.22007888555526733,-0.009275166317820549,-0.5502306103706359,0.11197603940963745,-0.9281458586454392,0.005963139902692943,0.005505717851791735,0.019969570671389065,0.24525636088123695
1.3598573207855225,-0.3642578148865141,0.10711913466366241,0.18684570491313934,0.467670202255249,-0.09441664069890976,0.20709572732448578,0.9362854856507131,2.98034640004521,1.065476470061999,3.1238287243587575,-0.04966925457119942,-0.22091840207576752,-0.021901484578847885,-0.5612042427062988,0.1132999688386917,-0.9576094508171082,0.006145984470057664,0.00019440574085605552,0.019189664856538273,0.24570375685235823
1.3650319576263428,-0.3642578148865141,0.10711913466366241,0.18684570491313934,0.467670202255249,-0.09441664069890976,0.20709572732448578,0.9362854856507131,2.98034640004521,1.065476470061999,3.1238287243587575,-0.04966925457119942,-0.22091840207576752,-0.021901484578847885,-0.5612042427062988,0.1132999688386917,-0.9576094508171082,0.006145984470057664,0.00019440574085605552,0.019189664856538273,0.24570375685235823
1.3701179027557373,-0.3642578148865141,0.10711913466366241,0.18684570491313934,0.467670202255249,-0.09441664069890976,0.20709572732448578,0.9362854856507131,2.98034640004521,1.065476470061999,3.1238287243587575,-0.04966925457119942,-0.22091840207576752,-0.021901484578847885,-0.5612042427062988,0.1132999688386917,-0.9576094508171082,0.006145984470057664,0.00019440574085605552,0.019189664856538273,0.24570375685235823
1.375206470489502,-0.3706640625023283,0.10858397841366241,0.19018065929412842,0.47619229555130005,-0.09428292512893677,0.2224273532629013,0.9501102411565802,2.841002544158619,1.038498877658256,2.9955412261880277,-0.030948061496019363,-0.15756185352802277,-0.01932632364332676,-0.57143075466156,0.11313951015472412,-1.0096072465181352,0.006547359564151743,-0.00394722032039374,0.018701739663060404,0.2465227635014956
1.3811500072479248,-0.3706640625023283,0.10858397841366241,0.19018065929412842,0.47619229555130005,-0.09428292512893677,0.2224273532629013,0.9501102411565802,2.841002544158619,1.038498877658256,2.9955412261880277,-0.030948061496019363,-0.15756185352802277,-0.01932632364332676,-0.57143075466156,0.11313951015472412,-1.0096072465181352,0.006547359564151743,-0.00394722032039374,0.018701739663060404,0.2465227635014956
1.3869297504425049,-0.37718749284977093,0.11004882216366241,0.1937304586172104,0.4845641851425171,-0.09389306604862213,0.23822800815105438,0.9595499327669056,2.7709650950803546,1.0299236030513383,2.9322801620878955,-0.007735924329608679,-0.06937661021947861,-0.011546767316758633,-0.5814770221710205,0.11267167925834655,-1.0633988499641418,0.006869499222220051,-0.0064424293492476,0.018546644558238273,0.24738151792549423
1.3920707702636719,-0.37718749284977093,0.11004882216366241,0.1937304586172104,0.4845641851425171,-0.09389306604862213,0.23822800815105438,0.9595499327669056,2.7709650950803546,1.0299236030513383,2.9322801620878955,-0.007735924329608679,-0.06937661021947861,-0.011546767316758633,-0.5814770221710205,0.11267167925834655,-1.0633988499641418,0.006869499222220051,-0.0064424293492476,0.018546644558238273,0.24738151792549423
1.3977277278900146,-0.37718749284977093,0.11004882216366241,0.1937304586172104,0.4845641851425171,-0.09389306604862213,0.23822800815105438,0.9595499327669056,2.7709650950803546,1.0299236030513383,2.9322801620878955,-0.007735924329608679,-0.06937661021947861,-0.011546767316758633,-0.5814770221710205,0.11267167925834655,-1.0633988499641418,0.006869499222220051,-0.0064424293492476,0.018546644558238273,0.24738151792549423
1.403007984161377,-0.3837890648865141,0.11152343362482497,0.19748534262180328,0.49293309450149536,-0.09369268268346786,0.2518870234489441,0.964720545522566,2.7556456434642103,1.035416648411718,2.9195122578772383,0.011403493583202362,-0.004707275424152613,-0.005537518300116062,-0.5915197134017944,0.11243121922016143,-1.111134687066078,0.007046353278717125,-0.007700638013931898,0.0186459934986527,0.2481504513023997
1.4091532230377197,-0.3837890648865141,0.11152343362482497,0.19748534262180328,0.49293309450149536,-0.09369268268346786,0.2518870234489441,0.964720545522566,2.7556456434642103,1.035416648411718,2.9195122578772383,0.011403493583202362,-0.004707275424152613,-0.005537518300116062,-0.5915197134017944,0.11243121922016143,-1.111134687066078,0.007046353278717125,-0.007700638013931898,0.0186459934986527,0.2481504513023997
1.4146804809570312,-0.3905077898525633,0.11300781279715011,0.20139648020267487,0.5014383792877197,-0.09381875395774841,0.2618606388568878,0.9678078866487599,2.7742922595148394,1.0544596829310187,2.9381315801127186,0.025421947240829468,0.027711879462003708,-0.0030585131607949734,-0.6017260551452637,0.1125825047492981,-1.1480955809354783,0.0071011453400573,-0.008252992029593719,0.018990411790811026,0.24875031190620583
1.4204635620117188,-0.3905077898525633,0.11300781279715011,0.20139648020267487,0.5014383792877197,-0.09381875395774841,0.2618606388568878,0.9678078866487599,2.7742922595148394,1.0544596829310187,2.9381315801127186,0.025421947240829468,0.027711879462003708,-0.0030585131607949734,-0.6017260551452637,0.1125825047492981,-1.1480955809354783,0.0071011453400573,-0.008252992029593719,0.018990411790811026,0.24875031190620583
1.4258272647857666,-0.3973437273525633,0.11450195223005721,0.2054101526737213,0.5100991725921631,-0.09423556923866272,0.2679697275161743,0.9706561725811289,2.8070980732577273,1.0845501146971155,2.970053969726074,0.036062609404325485,0.03792694956064224,-0.0030580712482333183,-0.6121190071105956,0.11308268308639526,-1.1736474573612212,0.007081388266165105,-0.008566415797501706,0.019534636772847384,0.2491680816670232
1.4308063983917236,-0.3973437273525633,0.11450195223005721,0.2054101526737213,0.5100991725921631,-0.09423556923866272,0.2679697275161743,0.9706561725811289,2.8070980732577273,1.0845501146971155,2.970053969726074,0.036062609404325485,0.03792694956064224,-0.0030580712482333183,-0.6121190071105956,0.11308268308639526,-1.1736474573612212,0.007081388266165105,-0.008566415797501706,0.019534636772847384,0.2491680816670232
1.4368445873260498,-0.3973437273525633,0.11450195223005721,0.2054101526737213,0.5100991725921631,-0.09423556923866272,0.2679697275161743,0.9706561725811289,2.8070980732577273,1.0845501146971155,2.970053969726074,0.036062609404325485,0.03792694956064224,-0.0030580712482333183,-0.6121190071105956,0.11308268308639526,-1.1736474573612212,0.007081388266165105,-0.008566415797501706,0.019534636772847384,0.2491680816670232
1.4424328804016113,-0.4042968773865141,0.11601561963470886,0.20954100787639618,0.51751708984375,-0.09551070630550385,0.27878430485725403,0.9804238342251282,2.773773001095034,1.0595561453496602,2.9418188321465046,-0.10019312798976898,-0.11706026643514633,-0.022560492157936096,-0.6210205078125,0.11461284756660461,-1.2135267287492753,0.007184990960349873,-0.010138521059129636,0.01908258800781541,0.2498076305231312
1.4481165409088135,-0.4042968773865141,0.11601561963470886,0.20954100787639618,0.51751708984375,-0.09551070630550385,0.27878430485725403,0.9804238342251282,2.773773001095034,1.0595561453496602,2.9418188321465046,-0.10019312798976898,-0.11706026643514633,-0.022560492157936096,-0.6210205078125,0.11461284756660461,-1.2135267287492753,0.007184990960349873,-0.010138521059129636,0.01908258800781541,0.2498076305231312
1.454118251800537,-0.41132810950512066,0.11754882246168563,0.2139013558626175,0.5230857729911804,-0.09761808812618256,0.29594114422798157,1.0140501222505394,2.6016232991780597,0.9085552576411288,2.79213818792136,-0.20689605176448822,-0.23119479417800903,-0.05257098376750946,-0.6277029275894165,0.11714170575141906,-1.272845873236656,0.007887881474705807,-0.014545810125185498,0.016351538615123427,0.250742237492131
1.4590871334075928,-0.41132810950512066,0.11754882246168563,0.2139013558626175,0.5230857729911804,-0.09761808812618256,0.29594114422798157,1.0140501222505394,2.6016232991780597,0.9085552576411288,2.79213818792136,-0.20689605176448822,-0.23119479417800903,-0.05257098376750946,-0.6277029275894165,0.11714170575141906,-1.272845873236656,0.007887881474705807,-0.014545810125185498,0.016351538615123427,0.250742237492131
1.4648430347442627,-0.41843748331302777,0.11911132842215011,0.21846678853034973,0.5282365679740906,-0.09939966350793839,0.3112529516220093,1.062976697481541,2.4356384549610235,0.7581341562216701,2.6573622031834376,-0.1799595057964325,-0.19147703051567078,-0.0669393539428711,-0.6338838815689086,0.11927959620952605,-1.3269990742206574,0.008969939741419205,-0.018783136147708327,0.013630975419013548,0.25159658223710535
1.4704086780548096,-0.41843748331302777,0.11911132842215011,0.21846678853034973,0.5282365679740906,-0.09939966350793839,0.3112529516220093,1.062976697481541,2.4356384549610235,0.7581341562216701,2.6573622031834376,-0.1799595057964325,-0.19147703051567078,-0.0669393539428711,-0.6338838815689086,0.11927959620952605,-1.3269990742206574,0.008969939741419205,-0.018783136147708327,0.013630975419013548,0.25159658223710535
1.4759149551391602,-0.41843748331302777,0.11911132842215011,0.21846678853034973,0.5282365679740906,-0.09939966350793839,0.3112529516220093,1.062976697481541,2.4356384549610235,0.7581341562216701,2.6573622031834376,-0.1799595057964325,-0.19147703051567078,-0.0669393539428711,-0.6338838815689086,0.11927959620952605,-1.3269990742206574,0.008969939741419205,-0.018783136147708327,0.013630975419013548,0.25159658223710535
1.4814486503601074,-0.4256249988102354,0.12069335490377853,0.2232080101966858,0.5333378314971924,-0.10071145743131638,0.32440653443336487,1.1148065038248731,2.33312998839163,0.6551678769931795,2.5856532369195557,-0.11640597134828568,-0.1064455658197403,-0.06534240394830704,-0.6400053977966308,0.12085374891757965,-1.374994021654129,0.010116148140032668,-0.021574717094641625,0.01176869501376476,0.2523611790299022
1.4870598316192627,-0.4256249988102354,0.12069335490377853,0.2232080101966858,0.5333378314971924,-0.10071145743131638,0.32440653443336487,1.1148065038248731,2.33312998839163,0.6551678769931795,2.5856532369195557,-0.11640597134828568,-0.1064455658197403,-0.06534240394830704,-0.6400053977966308,0.12085374891757965,-1.374994021654129,0.010116148140032668,-0.021574717094641625,0.01176869501376476,0.2523611790299022
1.4927263259887695,-0.42921874165767804,0.1214941358557553,0.2256445288658142,0.5359178185462952,-0.10123540461063385,0.3306228220462799,1.1384127887430713,2.304901137272484,0.6200726172148476,2.570574766524057,-0.090561643242836,-0.07034392654895782,-0.060062386095523834,-0.6431013822555541,0.12148248553276061,-1.3980286180973054,0.010635356947134944,-0.02244428822233797,0.011133951143324682,0.25273093911984856
1.4981942176818848,-0.42921874165767804,0.1214941358557553,0.2256445288658142,0.5359178185462952,-0.10123540461063385,0.3306228220462799,1.1384127887430713,2.304901137272484,0.6200726172148476,2.570574766524057,-0.090561643242836,-0.07034392654895782,-0.060062386095523834,-0.6431013822555541,0.12148248553276061,-1.3980286180973054,0.010635356947134944,-0.02244428822233797,0.011133951143324682,0.25273093911984856
1.504110336303711,-0.42921874165767804,0.1214941358557553,0.2256445288658142,0.5359178185462952,-0.10123540461063385,0.3306228220462799,1.1384127887430713,2.304901137272484,0.6200726172148476,2.570574766524057,-0.090561643242836,-0.07034392654895782,-0.060062386095523834,-0.6431013822555541,0.12148248553276061,-1.3980286180973054,0.010635356947134944,-0.02244428822233797,0.011133951143324682,0.25273093911984856
1.509220838546753,-0.43648436904186383,0.12310546547087142,0.23063963651657104,0.5411226153373718,-0.10217101871967316,0.34253185987472534,1.1773536787309895,2.2758479053620144,0.5678264483844472,2.5622095609979776,-0.06272492557764053,-0.027475692331790924,-0.04533137008547783,-0.6493471384048461,0.12260522246360778,-1.442746925354004,0.011483566688962898,-0.02355915324463539,0.010189010555093183,0.2534517397466169
1.5153968334197998,-0.43648436904186383,0.12310546547087142,0.23063963651657104,0.5411226153373718,-0.10217101871967316,0.34253185987472534,1.1773536787309895,2.2758479053620144,0.5678264483844472,2.5622095609979776,-0.06272492557764053,-0.027475692331790924,-0.04533137008547783,-0.6493471384048461,0.12260522246360778,-1.442746925354004,0.011483566688962898,-0.02355915324463539,0.010189010555093183,0.2534517397466169
1.521012783050537,-0.44382810831302777,0.12473632305773208,0.23579588532447815,0.546330451965332,-0.1031038910150528,0.35382598638534546,1.2039384935468125,2.262207629379849,0.5209516080796975,2.5624786505005366,-0.060818471014499664,-0.015300948172807693,-0.029791729524731636,-0.6555965423583984,0.12372466921806335,-1.485910552740097,0.012052488753482093,-0.02432439337566476,0.009341217498446328,0.2541486623097998
1.5267837047576904,-0.44382810831302777,0.12473632305773208,0.23579588532447815,0.546330451965332,-0.1031038910150528,0.35382598638534546,1.2039384935468125,2.262207629379849,0.5209516080796975,2.5624786505005366,-0.060818471014499664,-0.015300948172807693,-0.029791729524731636,-0.6555965423583984,0.12372466921806335,-1.485910552740097,0.012052488753482093,-0.02432439337566476,0.009341217498446328,0.2541486623097998
1.5332472324371338,-0.44382810831302777,0.12473632305773208,0.23579588532447815,0.546330451965332,-0.1031038910150528,0.35382598638534546,1.2039384935468125,2.262207629379849,0.5209516080796975,2.5624786505005366,-0.060818471014499664,-0.015300948172807693,-0.029791729524731636,-0.6555965423583984,0.12372466921806335,-1.485910552740097,0.012052488753482093,-0.02432439337566476,0.009341217498446328,0.2541486623097998
1.538792371749878,-0.45124998927349225,0.1263769483557553,0.24110838770866394,0.5514817237854004,-0.10408443212509155,0.3646232485771179,1.2202496610354452,2.249175862142458,0.46852219046445476,2.5587179443002914,-0.06881950795650482,-0.017013825476169586,-0.018014071509242058,-0.6617780685424804,0.12490131855010986,-1.5278648436069489,0.012395589975353819,-0.02507393342698977,0.008392962615245329,0.25482548442348096
1.5443899631500244,-0.45124998927349225,0.1263769483557553,0.24110838770866394,0.5514817237854004,-0.10408443212509155,0.3646232485771179,1.2202496610354452,2.249175862142458,0.46852219046445476,2.5587179443002914,-0.06881950795650482,-0.017013825476169586,-0.018014071509242058,-0.6617780685424804,0.12490131855010986,-1.5278648436069489,0.012395589975353819,-0.02507393342698977,0.008392962615245329,0.25482548442348096
1.5510411262512207,-0.458710941078607,0.12803710162552306,0.24656736850738525,0.5565658211708069,-0.10506817698478699,0.37493783235549927,1.230379499740733,2.2341310040478684,0.4100811462975279,2.550373999279758,-0.0752214640378952,-0.019150933250784874,-0.01161959022283554,-0.6678789854049683,0.12608181238174437,-1.5686347603797912,0.012609715987717299,-0.025867110116750983,0.007335979569632571,0.25548252639255636
1.556229591369629,-0.458710941078607,0.12803710162552306,0.24656736850738525,0.5565658211708069,-0.10506817698478699,0.37493783235549927,1.230379499740733,2.2341310040478684,0.4100811462975279,2.550373999279758,-0.0752214640378952,-0.019150933250784874,-0.01161959022283554,-0.6678789854049683,0.12608181238174437,-1.5686347603797912,0.012609715987717299,-0.025867110116750983,0.007335979569632571,0.25548252639255636
1.5614018440246582,-0.4662499749683775,0.12969726979645202,0.2521679699420929,0.5616030693054199,-0.10597904026508331,0.3848324120044708,1.2385010705772586,2.2197270393782227,0.34968693297898773,2.541713015903683,-0.07626958191394806,-0.017221983522176743,-0.010200023651123047,-0.6739236831665039,0.12717484831809997,-1.6083995819091796,0.012791998018401633,-0.026643409710919372,0.006243670894440194,0.25612329126776257
1.5670125484466553,-0.4662499749683775,0.12969726979645202,0.2521679699420929,0.5616030693054199,-0.10597904026508331,0.3848324120044708,1.2385010705772586,2.2197270393782227,0.34968693297898773,2.541713015903683,-0.07626958191394806,-0.017221983522176743,-0.010200023651123047,-0.6739236831665039,0.12717484831809997,-1.6083995819091796,0.012791998018401633,-0.026643409710919372,0.006243670894440194,0.25612329126776257
1.572700023651123,-0.4662499749683775,0.12969726979645202,0.2521679699420929,0.5616030693054199,-0.10597904026508331,0.3848324120044708,1.2385010705772586,2.2197270393782227,0.34968693297898773,2.541713015903683,-0.07626958191394806,-0.017221983522176743,-0.010200023651123047,-0.6739236831665039,0.12717484831809997,-1.6083995819091796,0.012791998018401633,-0.026643409710919372,0.006243670894440194,0.25612329126776257
1.578026294708252,-0.47386718034977093,0.13137694358738372,0.2579003870487213,0.5666263699531555,-0.10676881670951843,0.3941609263420105,1.2471212121780042,2.2096253109192427,0.29060482230509704,2.537121336561325,-0.07392314821481705,-0.010926445946097374,-0.011248880997300148,-0.6799516439437866,0.1281225800514221,-1.6467034757137298,0.012999139544626873,-0.027325260578906867,0.005175093319013579,0.2567410469861317
1.582892894744873,-0.47386718034977093,0.13137694358738372,0.2579003870487213,0.5666263699531555,-0.10676881670951843,0.3941609263420105,1.2471212121780042,2.2096253109192427,0.29060482230509704,2.537121336561325,-0.07392314821481705,-0.010926445946097374,-0.011248880997300148,-0.6799516439437866,0.1281225800514221,-1.6467034757137298,0.012999139544626873,-0.027325260578906867,0.005175093319013579,0.2567410469861317
1.588651180267334,-0.47386718034977093,0.13137694358738372,0.2579003870487213,0.5666263699531555,-0.10676881670951843,0.3941609263420105,1.2471212121780042,2.2096253109192427,0.29060482230509704,2.537121336561325,-0.07392314821481705,-0.010926445946097374,-0.011248880997300148,-0.6799516439437866,0.1281225800514221,-1.6467034757137298,0.012999139544626873,-0.027325260578906867,0.005175093319013579,0.2567410469861317
1.594285488128662,-0.485390605928842,0.13389647662552306,0.26673340797424316,0.5741899609565735,-0.10769703984260559,0.40710046887397766,1.26220998673531,2.2056275018280815,0.20692563496650415,2.5410982450181994,-0.0690036192536354,0.00040922267362475395,-0.013188640587031841,-0.6890279531478881,0.1292364478111267,-1.7014215409755706,0.013383620968068907,-0.028106732963819183,0.0036616453040376625,0.25762503443747353
1.599858045578003,-0.485390605928842,0.13389647662552306,0.26673340797424316,0.5741899609565735,-0.10769703984260559,0.40710046887397766,1.26220998673531,2.2056275018280815,0.20692563496650415,2.5410982450181994,-0.0690036192536354,0.00040922267362475395,-0.013188640587031841,-0.6890279531478881,0.1292364478111267,-1.7014215409755706,0.013383620968068907,-0.028106732963819183,0.0036616453040376625,0.25762503443747353
1.605475664138794,-0.4892578148865141,0.1347363209715695,0.26973631978034973,0.5767248272895813,-0.10794258117675781,0.4111521542072296,1.2675173195155949,2.207061623146029,0.18019221864213547,2.544980787675803,-0.06765194237232208,0.0036512655206024647,-0.013349946588277817,-0.6920697927474976,0.12953109741210936,-1.7189818382263184,0.013524463700681654,-0.028308202220607575,0.0031781363556786157,0.25790910401133793
1.6109967231750488,-0.4892578148865141,0.1347363209715695,0.26973631978034973,0.5767248272895813,-0.10794258117675781,0.4111521542072296,1.2675173195155949,2.207061623146029,0.18019221864213547,2.544980787675803,-0.06765194237232208,0.0036512655206024647,-0.013349946588277817,-0.6920697927474976,0.12953109741210936,-1.7189818382263184,0.013524463700681654,-0.028308202220607575,0.0031781363556786157,0.25790910401133793
1.617121696472168,-0.4970703148865141,0.13643554508598754,0.27583006024360657,0.5818177461624146,-0.10834784805774689,0.41890567541122437,1.2779067924079883,2.2131653192443306,0.12803771767186148,2.555451946999451,-0.06561482697725296,0.009018457494676113,-0.012748329900205135,-0.6981812953948975,0.13001741766929625,-1.7532111346721648,0.013810306475167481,-0.028643343708638434,0.0022348537011025356,0.2584632541185356
1.622281789779663,-0.4970703148865141,0.13643554508598754,0.27583006024360657,0.5818177461624146,-0.10834784805774689,0.41890567541122437,1.2779067924079883,2.2131653192443306,0.12803771767186148,2.555451946999451,-0.06561482697725296,0.009018457494676113,-0.012748329900205135,-0.6981812953948975,0.13001741766929625,-1.7532111346721648,0.013810306475167481,-0.028643343708638434,0.0022348537011025356,0.2584632541185356
1.6277127265930176,-0.4970703148865141,0.13643554508598754,0.27583006024360657,0.5818177461624146,-0.10834784805774689,0.41890567541122437,1.2779067924079883,2.2131653192443306,0.12803771767186148,2.555451946999451,-0.06561482697725296,0.009018457494676113,-0.012748329900205135,-0.6981812953948975,0.13001741766929625,-1.7532111346721648,0.013810306475167481,-0.028643343708638434,0.0022348537011025356,0.2584632541185356
1.6339802742004395,-0.504921855928842,0.13813476920040557,0.28203123807907104,0.5869446992874146,-0.10865582525730133,0.42612162232398987,1.286848036202475,2.223114581282085,0.07692078203994086,2.568537533548988,-0.06439477950334549,0.013617284595966339,-0.010621706955134869,-0.7043336391448974,0.13038699030876158,-1.7860210955142977,0.014074709664152975,-0.0289011090337555,0.001310336778504586,0.25899488705232454
1.6391830444335938,-0.504921855928842,0.13813476920040557,0.28203123807907104,0.5869446992874146,-0.10865582525730133,0.42612162232398987,1.286848036202475,2.223114581282085,0.07692078203994086,2.568537533548988,-0.06439477950334549,0.013617284595966339,-0.010621706955134869,-0.7043336391448974,0.13038699030876158,-1.7860210955142977,0.014074709664152975,-0.0289011090337555,0.001310336778504586,0.25899488705232454
1.6441209316253662,-0.5128515386604704,0.1398339784136624,0.2883349657058716,0.5921090245246887,-0.10887610912322998,0.43284738063812256,1.2935762051269195,2.2363281142434244,0.026505738072289838,2.5833415674504603,-0.0634469985961914,0.0175694040954113,-0.007660652510821819,-0.7105308294296264,0.13065133094787598,-1.8175450801849364,0.014300096386688438,-0.029094558532196085,0.00039851448858387495,0.2595060319785254
1.649766206741333,-0.5128515386604704,0.1398339784136624,0.2883349657058716,0.5921090245246887,-0.10887610912322998,0.43284738063812256,1.2935762051269195,2.2363281142434244,0.026505738072289838,2.5833415674504603,-0.0634469985961914,0.0175694040954113,-0.007660652510821819,-0.7105308294296264,0.13065133094787598,-1.8175450801849364,0.014300096386688438,-0.029094558532196085,0.00039851448858387495,0.2595060319785254
1.6553406715393066,-0.5128515386604704,0.1398339784136624,0.2883349657058716,0.5921090245246887,-0.10887610912322998,0.43284738063812256,1.2935762051269195,2.2363281142434244,0.026505738072289838,2.5833415674504603,-0.0634469985961914,0.0175694040954113,-0.007660652510821819,-0.7105308294296264,0.13065133094787598,-1.8175450801849364,0.014300096386688438,-0.029094558532196085,0.00039851448858387495,0.2595060319785254
1.6611087322235107,-0.5208593630813994,0.14153320252808044,0.2947314381599426,0.597316563129425,-0.10901223123073578,0.43910232186317444,1.2977703022819642,2.252472245598308,-0.023280006855206876,2.599417490788485,-0.06249561905860901,0.021143898367881775,-0.004485975950956345,-0.71677987575531,0.13081467747688294,-1.84782355427742,0.014479005290669386,-0.02923199212852295,-0.0005019261016159641,0.2599972814496468
1.666790246963501,-0.5208593630813994,0.14153320252808044,0.2947314381599426,0.597316563129425,-0.10901223123073578,0.43910232186317444,1.2977703022819642,2.252472245598308,-0.023280006855206876,2.599417490788485,-0.06249561905860901,0.021143898367881775,-0.004485975950956345,-0.71677987575531,0.13081467747688294,-1.84782355427742,0.014479005290669386,-0.02923199212852295,-0.0005019261016159641,0.2599972814496468
1.6727895736694336,-0.5289062285446562,0.14323241174133727,0.3012158274650574,0.6025723814964294,-0.10906219482421875,0.4449048638343811,1.2995464127982745,2.271301516876388,-0.07233413165035105,2.6166287465958007,-0.0614524744451046,0.024467865005135536,-0.0015536476857960224,-0.7230868577957154,0.1308746337890625,-1.8769030809402465,0.014614118727094838,-0.029319439294345183,-0.0013891343807448731,0.2604693710657463
1.6784031391143799,-0.5289062285446562,0.14323241174133727,0.3012158274650574,0.6025723814964294,-0.10906219482421875,0.4449048638343811,1.2995464127982745,2.271301516876388,-0.07233413165035105,2.6166287465958007,-0.0614524744451046,0.024467865005135536,-0.0015536476857960224,-0.7230868577957154,0.1308746337890625,-1.8769030809402465,0.014614118727094838,-0.029319439294345183,-0.0013891343807448731,0.2604693710657463
1.6846623420715332,-0.5370312356972136,0.14491210043343017,0.30778807401657104,0.6078820824623108,-0.10902228951454163,0.4502717852592468,1.2992182057208357,2.292663666509422,-0.12059049852597084,2.6350283301778634,-0.06033235415816307,0.027560999616980553,0.0009262152016162872,-0.7294584989547729,0.13082674741744996,-1.9048338890075684,0.014712752427188799,-0.02936081850409355,-0.002261914160050657,0.2609231238631492
1.6912274360656738,-0.5370312356972136,0.14491210043343017,0.30778807401657104,0.6078820824623108,-0.10902228951454163,0.4502717852592468,1.2992182057208357,2.292663666509422,-0.12059049852597084,2.6350283301778634,-0.06033235415816307,0.027560999616980553,0.0009262152016162872,-0.7294584989547729,0.13082674741744996,-1.9048338890075684,0.014712752427188799,-0.02936081850409355,-0.002261914160050657,0.2609231238631492
1.696664571762085,-0.5370312356972136,0.14491210043343017,0.30778807401657104,0.6078820824623108,-0.10902228951454163,0.4502717852592468,1.2992182057208357,2.292663666509422,-0.12059049852597084,2.6350283301778634,-0.06033235415816307,0.027560999616980553,0.0009262152016162872,-0.7294584989547729,0.13082674741744996,-1.9048338890075684,0.014712752427188799,-0.02936081850409355,-0.002261914160050657,0.2609231238631492
1.7027151584625244,-0.5452343845390715,0.14659178912552306,0.31443846225738525,0.613251268863678,-0.10888829827308655,0.4552208185195923,1.29720312541278,2.316283535471389,-0.1680007538694744,2.654616816778223,-0.059178076684474945,0.030403975397348404,0.002958078170195222,-0.7359015226364135,0.13066595792770386,-1.9316516876220704,0.014784564229136205,-0.02936303174085945,-0.003119390900936795,0.26135912090237934
1.7087655067443848,-0.5452343845390715,0.14659178912552306,0.31443846225738525,0.613251268863678,-0.10888829827308655,0.4552208185195923,1.29720312541278,2.316283535471389,-0.1680007538694744,2.654616816778223,-0.059178076684474945,0.030403975397348404,0.002958078170195222,-0.7359015226364135,0.13066595792770386,-1.9316516876220704,0.014784564229136205,-0.02936303174085945,-0.003119390900936795,0.26135912090237934
1.7142143249511719,-0.5535156154655851,0.14827147781761596,0.32115721702575684,0.6186851263046265,-0.10865871608257294,0.4597676396369934,1.2936991182540811,2.3420408379862194,-0.21455036039910144,2.6754216097522603,-0.05802469328045845,0.03298483416438103,0.00467479694634676,-0.7424221515655517,0.13039045929908752,-1.9573859095573427,0.01483406654603507,-0.0293294001724393,-0.003961301677568815,0.2617778462653145
1.7195725440979004,-0.5535156154655851,0.14827147781761596,0.32115721702575684,0.6186851263046265,-0.10865871608257294,0.4597676396369934,1.2936991182540811,2.3420408379862194,-0.21455036039910144,2.6754216097522603,-0.05802469328045845,0.03298483416438103,0.00467479694634676,-0.7424221515655517,0.13039045929908752,-1.9573859095573427,0.01483406654603507,-0.0293294001724393,-0.003961301677568815,0.2617778462653145
1.7253546714782715,-0.5618749880813994,0.14993163108738372,0.3279443383216858,0.6241858601570129,-0.10833205282688141,0.4639289379119873,1.2888971884057112,2.3696595514000665,-0.26024899943469915,2.697331216155255,-0.056893568485975266,0.03531483933329582,0.006245463155210018,-0.7490230321884155,0.12999846339225768,-1.9820866227149962,0.014865696550674627,-0.029266228224046873,-0.004787821589332255,0.26218009585815205
1.7312743663787842,-0.5618749880813994,0.14993163108738372,0.3279443383216858,0.6241858601570129,-0.10833205282688141,0.4639289379119873,1.2888971884057112,2.3696595514000665,-0.26024899943469915,2.697331216155255,-0.056893568485975266,0.03531483933329582,0.006245463155210018,-0.7490230321884155,0.12999846339225768,-1.9820866227149962,0.014865696550674627,-0.029266228224046873,-0.004787821589332255,0.26218009585815205
1.7366814613342285,-0.5618749880813994,0.14993163108738372,0.3279443383216858,0.6241858601570129,-0.10833205282688141,0.4639289379119873,1.2888971884057112,2.3696595514000665,-0.26024899943469915,2.697331216155255,-0.056893568485975266,0.03531483933329582,0.006245463155210018,-0.7490230321884155,0.12999846339225768,-1.9820866227149962,0.014865696550674627,-0.029266228224046873,-0.004787821589332255,0.26218009585815205
1.7424354553222656,-0.5702734017395414,0.15159179925831268,0.33479490876197815,0.6297578811645508,-0.10790936648845673,0.4676890969276428,1.2827703243820974,2.398987165191932,-0.305129851560883,2.7202345949619464,-0.05581163614988327,0.03738098591566086,0.007972043007612228,-0.7557094573974609,0.12949123978614807,-2.0056981265544893,0.014878653699478026,-0.0291781057283816,-0.005599550750681964,0.2625649572913018
1.7476873397827148,-0.5702734017395414,0.15159179925831268,0.33479490876197815,0.6297578811645508,-0.10790936648845673,0.4676890969276428,1.2827703243820974,2.398987165191932,-0.305129851560883,2.7202345949619464,-0.05581163614988327,0.03738098591566086,0.007972043007612228,-0.7557094573974609,0.12949123978614807,-2.0056981265544893,0.014878653699478026,-0.0291781057283816,-0.005599550750681964,0.2625649572913018
1.7542064189910889,-0.5787500166916288,0.1532324171057553,0.3417041003704071,0.6354016661643982,-0.10739359259605408,0.4710870683193207,1.2751540108490087,2.4298095146161693,-0.3492296651983978,2.743905456883114,-0.05474712699651718,0.03927866369485855,0.009776378981769085,-0.7624819993972778,0.1288723111152649,-2.0283285856246946,0.014869090899856772,-0.02906927224703146,-0.00639715380507623,0.26293414508074237
1.7599451541900635,-0.5787500166916288,0.1532324171057553,0.3417041003704071,0.6354016661643982,-0.10739359259605408,0.4710870683193207,1.2751540108490087,2.4298095146161693,-0.3492296651983978,2.743905456883114,-0.05474712699651718,0.03927866369485855,0.009776378981769085,-0.7624819993972778,0.1288723111152649,-2.0283285856246946,0.014869090899856772,-0.02906927224703146,-0.00639715380507623,0.26293414508074237
1.7656445503234863,-0.5873046541237272,0.15486327469261596,0.3486621081829071,0.6411218047142029,-0.10678525269031525,0.4741547405719757,1.2661309043640154,2.4620668029385877,-0.3925563287508501,2.768370163720328,-0.05369987338781357,0.04101954400539398,0.011494314298033714,-0.7693461656570434,0.1281423032283783,-2.05005601644516,0.014838821183414517,-0.02894124412406561,-0.007180773424655592,0.2632889264283208
1.7707452774047852,-0.5873046541237272,0.15486327469261596,0.3486621081829071,0.6411218047142029,-0.10678525269031525,0.4741547405719757,1.2661309043640154,2.4620668029385877,-0.3925563287508501,2.768370163720328,-0.05369987338781357,0.04101954400539398,0.011494314298033714,-0.7693461656570434,0.1281423032283783,-2.05005601644516,0.014838821183414517,-0.02894124412406561,-0.007180773424655592,0.2632889264283208
1.7764732837677002,-0.5873046541237272,0.15486327469261596,0.3486621081829071,0.6411218047142029,-0.10678525269031525,0.4741547405719757,1.2661309043640154,2.4620668029385877,-0.3925563287508501,2.768370163720328,-0.05369987338781357,0.04101954400539398,0.011494314298033714,-0.7693461656570434,0.1281423032283783,-2.05005601644516,0.014838821183414517,-0.02894124412406561,-0.007180773424655592,0.2632889264283208
1.782468557357788,-0.5959374928497709,0.15648437201889465,0.35566893219947815,0.6469185948371887,-0.10608549416065216,0.47687649726867676,1.2556525964492664,2.495544733114001,-0.43512068569841383,2.7934584924789743,-0.05265529453754425,0.04252490773797035,0.013321895152330399,-0.7763023138046264,0.1273025929927826,-2.070833569765091,0.014786574341784525,-0.028799365699903996,-0.007950605728002103,0.2636285203997692
1.7883310317993164,-0.5959374928497709,0.15648437201889465,0.35566893219947815,0.6469185948371887,-0.10608549416065216,0.47687649726867676,1.2556525964492664,2.495544733114001,-0.43512068569841383,2.7934584924789743,-0.05265529453754425,0.04252490773797035,0.013321895152330399,-0.7763023138046264,0.1273025929927826,-2.070833569765091,0.014786574341784525,-0.028799365699903996,-0.007950605728002103,0.2636285203997692
1.794358730316162,-0.6046484136604704,0.1580859339228482,0.36271971464157104,0.6527952551841736,-0.1052965372800827,0.47928404808044434,1.2436649563521007,2.530121184337151,-0.47693997634667556,2.8190796505515405,-0.05164071172475815,0.04393880441784859,0.015137719921767712,-0.7833543062210083,0.12635584473609923,-2.090747630596161,0.014710968601176246,-0.028646332040997976,-0.008706962528686697,0.26395430949861426
1.8000378608703613,-0.6046484136604704,0.1580859339228482,0.36271971464157104,0.6527952551841736,-0.1052965372800827,0.47928404808044434,1.2436649563521007,2.530121184337151,-0.47693997634667556,2.8190796505515405,-0.05164071172475815,0.04393880441784859,0.015137719921767712,-0.7833543062210083,0.12635584473609923,-2.090747630596161,0.014710968601176246,-0.028646332040997976,-0.008706962528686697,0.26395430949861426
1.8060719966888428,-0.6046484136604704,0.1580859339228482,0.36271971464157104,0.6527952551841736,-0.1052965372800827,0.47928404808044434,1.2436649563521007,2.530121184337151,-0.47693997634667556,2.8190796505515405,-0.05164071172475815,0.04393880441784859,0.015137719921767712,-0.7833543062210083,0.12635584473609923,-2.090747630596161,0.014710968601176246,-0.028646332040997976,-0.008706962528686697,0.26395430949861426
1.8117303848266602,-0.6134374761604704,0.15966796040447662,0.3698095679283142,0.658752977848053,-0.10441873967647552,0.4813794791698456,1.2302361772022443,2.5657348329692184,-0.5180184133714585,2.845252895111968,-0.05060436576604843,0.04516781494021416,0.016940124332904816,-0.7905035734176635,0.12530248761177062,-2.1097956597805023,0.014613452982377094,-0.02848376472997732,-0.009449920018484888,0.2642662580633803
1.8174958229064941,-0.6134374761604704,0.15966796040447662,0.3698095679283142,0.658752977848053,-0.10441873967647552,0.4813794791698456,1.2302361772022443,2.5657348329692184,-0.5180184133714585,2.845252895111968,-0.05060436576604843,0.04516781494021416,0.016940124332904816,-0.7905035734176635,0.12530248761177062,-2.1097956597805023,0.014613452982377094,-0.02848376472997732,-0.009449920018484888,0.2642662580633803
1.823549747467041,-0.6223046803497709,0.1612304663649411,0.37693846225738525,0.6647927165031433,-0.10345381498336792,0.48319074511528015,1.21535883332818,2.602233256217381,-0.5583563519345763,2.8718811451496444,-0.04960433393716812,0.04634706303477287,0.018644744530320168,-0.7977512598037719,0.1241445779800415,-2.128061467409134,0.014493725903022997,-0.02831472161850942,-0.01017948462096532,0.26456570542404306
1.8291316032409668,-0.6223046803497709,0.1612304663649411,0.37693846225738525,0.6647927165031433,-0.10345381498336792,0.48319074511528015,1.21535883332818,2.602233256217381,-0.5583563519345763,2.8718811451496444,-0.04960433393716812,0.04634706303477287,0.018644744530320168,-0.7977512598037719,0.1241445779800415,-2.128061467409134,0.014493725903022997,-0.02831472161850942,-0.01017948462096532,0.26456570542404306
1.8351950645446777,-0.6312499666237272,0.16277343690308044,0.384101539850235,0.6709179282188416,-0.10240208357572556,0.48474082350730896,1.1991909809468777,2.639617753609112,-0.5979784417394494,2.8990730489107883,-0.04862257465720177,0.04744703695178032,0.020152483135461807,-0.8051015138626099,0.12288250029087067,-2.14560524225235,0.014355302690909965,-0.028139291109352597,-0.01089610215839115,0.26485364396414973
1.8404350280761719,-0.6312499666237272,0.16277343690308044,0.384101539850235,0.6709179282188416,-0.10240208357572556,0.48474082350730896,1.1991909809468777,2.639617753609112,-0.5979784417394494,2.8990730489107883,-0.04862257465720177,0.04744703695178032,0.020152483135461807,-0.8051015138626099,0.12288250029087067,-2.14560524225235,0.014355302690909965,-0.028139291109352597,-0.01089610215839115,0.26485364396414973
1.8458216190338135,-0.6357421898865141,0.16353515446098754,0.3876953125,0.6740129590034485,-0.10184307396411896,0.48541656136512756,1.1907006045069841,2.6585998713896553,-0.6175159093631484,2.912885958103555,-0.04811277613043785,0.047931522130966187,0.020886627957224846,-0.8088155508041381,0.12221168875694274,-2.1541012465953826,0.014280849738313542,-0.02805024363222546,-0.011249462922676465,0.2649932164649111
1.8511273860931396,-0.6357421898865141,0.16353515446098754,0.3876953125,0.6740129590034485,-0.10184307396411896,0.48541656136512756,1.1907006045069841,2.6585998713896553,-0.6175159093631484,2.912885958103555,-0.04811277613043785,0.047931522130966187,0.020886627957224846,-0.8088155508041381,0.12221168875694274,-2.1541012465953826,0.014280849738313542,-0.02805024363222546,-0.011249462922676465,0.2649932164649111
1.8569269180297852,-0.6357421898865141,0.16353515446098754,0.3876953125,0.6740129590034485,-0.10184307396411896,0.48541656136512756,1.1907006045069841,2.6585998713896553,-0.6175159093631484,2.912885958103555,-0.04811277613043785,0.047931522130966187,0.020886627957224846,-0.8088155508041381,0.12221168875694274,-2.1541012465953826,0.014280849738313542,-0.02805024363222546,-0.011249462922676465,0.2649932164649111
1.8629250526428223,-0.6448046588920988,0.16504882931621978,0.3948974609375,0.6802667379379272,-0.10066162049770355,0.4865524470806122,1.1726474341749469,2.697021263994956,-0.6559876020495777,2.9407501099039846,-0.0470164529979229,0.048731353133916855,0.022525113075971603,-0.8163200855255127,0.12079394459724425,-2.1704727709293365,0.014115221328604932,-0.02787270182813418,-0.01194527401717794,0.26526242579206294
1.8685102462768555,-0.6448046588920988,0.16504882931621978,0.3948974609375,0.6802667379379272,-0.10066162049770355,0.4865524470806122,1.1726474341749469,2.697021263994956,-0.6559876020495777,2.9407501099039846,-0.0470164529979229,0.048731353133916855,0.022525113075971603,-0.8163200855255127,0.12079394459724425,-2.1704727709293365,0.014115221328604932,-0.02787270182813418,-0.01194527401717794,0.26526242579206294
1.8742570877075195,-0.6539452695869841,0.16654296874912689,0.4021289050579071,0.6866076588630676,-0.09939725697040558,0.4874526262283325,1.1532966018113915,2.736053489290697,-0.6937135207408199,2.9690184073410837,-0.04601885378360748,0.04956093803048134,0.024054786190390587,-0.8239291906356812,0.11927670836448669,-2.18618990778923,0.013930248830725493,-0.027694943621471,-0.01262759680940788,0.26552119639008315
1.8794312477111816,-0.6539452695869841,0.16654296874912689,0.4021289050579071,0.6866076588630676,-0.09939725697040558,0.4874526262283325,1.1532966018113915,2.736053489290697,-0.6937135207408199,2.9690184073410837,-0.04601885378360748,0.04956093803048134,0.024054786190390587,-0.8239291906356812,0.11927670836448669,-2.18618990778923,0.013930248830725493,-0.027694943621471,-0.01262759680940788,0.26552119639008315
1.8855738639831543,-0.6632031226181425,0.16800781249912689,0.40937986969947815,0.6930371522903442,-0.0980503261089325,0.4881271421909332,1.1327911467928662,2.7756954636928954,-0.7307353733083333,2.997782425056912,-0.04505056515336037,0.050347212702035904,0.025464976206421852,-0.831644582748413,0.11766039133071898,-2.2012651920318604,0.013729123140975769,-0.027517090629398902,-0.013297185641004608,0.26576974864262315
1.892223596572876,-0.6632031226181425,0.16800781249912689,0.40937986969947815,0.6930371522903442,-0.0980503261089325,0.4881271421909332,1.1327911467928662,2.7756954636928954,-0.7307353733083333,2.997782425056912,-0.04505056515336037,0.050347212702035904,0.025464976206421852,-0.831644582748413,0.11766039133071898,-2.2012651920318604,0.013729123140975769,-0.027517090629398902,-0.013297185641004608,0.26576974864262315
1.897146224975586,-0.6632031226181425,0.16800781249912689,0.40937986969947815,0.6930371522903442,-0.0980503261089325,0.4881271421909332,1.1327911467928662,2.7756954636928954,-0.7307353733083333,2.997782425056912,-0.04505056515336037,0.050347212702035904,0.025464976206421852,-0.831644582748413,0.11766039133071898,-2.2012651920318604,0.013729123140975769,-0.027517090629398902,-0.013297185641004608,0.26576974864262315
1.902043104171753,-0.6725390577339567,0.16944336056621978,0.4166503846645355,0.6995564699172974,-0.09662213921546936,0.4885629713535309,1.1110975843111945,2.8158568592112307,-0.7670011190463601,3.0269778275175714,-0.043948471546173096,0.05094302445650101,0.0269632451236248,-0.8394677639007568,0.11594656705856322,-2.2156596064567564,0.013510804491987454,-0.027341800944622865,-0.013953099287449876,0.26600744307461566
1.9084053039550781,-0.6725390577339567,0.16944336056621978,0.4166503846645355,0.6995564699172974,-0.09662213921546936,0.4885629713535309,1.1110975843111945,2.8158568592112307,-0.7670011190463601,3.0269778275175714,-0.043948471546173096,0.05094302445650101,0.0269632451236248,-0.8394677639007568,0.11594656705856322,-2.2156596064567564,0.013510804491987454,-0.027341800944622865,-0.013953099287449876,0.26600744307461566
1.9131896495819092,-0.6819531345390715,0.17085937321098754,0.42393064498901367,0.7061653733253479,-0.09511545300483704,0.4887816309928894,1.0881470660427264,2.8564447642247477,-0.8024786496580615,3.0565276733376647,-0.04291413351893425,0.05154026299715042,0.028462490066885948,-0.8473984479904174,0.11413854360580444,-2.2294200539588926,0.0132734309926853,-0.02717083488730435,-0.014594757028021285,0.266235025144953
1.919219970703125,-0.6819531345390715,0.17085937321098754,0.42393064498901367,0.7061653733253479,-0.09511545300483704,0.4887816309928894,1.0881470660427264,2.8564447642247477,-0.8024786496580615,3.0565276733376647,-0.04291413351893425,0.05154026299715042,0.028462490066885948,-0.8473984479904174,0.11413854360580444,-2.2294200539588926,0.0132734309926853,-0.02717083488730435,-0.014594757028021285,0.266235025144953
1.9249696731567383,-0.6819531345390715,0.17085937321098754,0.42393064498901367,0.7061653733253479,-0.09511545300483704,0.4887816309928894,1.0881470660427264,2.8564447642247477,-0.8024786496580615,3.0565276733376647,-0.04291413351893425,0.05154026299715042,0.028462490066885948,-0.8473984479904174,0.11413854360580444,-2.2294200539588926,0.0132734309926853,-0.02717083488730435,-0.014594757028021285,0.266235025144953
1.9304330348968506,-0.691445293428842,0.17223632991226623,0.43122556805610657,0.7128651142120361,-0.09353181719779968,0.48878413438796997,1.0639875724860492,2.897430363700414,-0.8371937542144935,3.0864555922576398,-0.04180290177464485,0.05203064903616905,0.02997714839875698,-0.8554381370544434,0.11223818063735962,-2.242558425664902,0.01301790851407466,-0.02700502460246759,-0.015222625291942229,0.2664526926872082
1.9367294311523438,-0.691445293428842,0.17223632991226623,0.43122556805610657,0.7128651142120361,-0.09353181719779968,0.48878413438796997,1.0639875724860492,2.897430363700414,-0.8371937542144935,3.0864555922576398,-0.04180290177464485,0.05203064903616905,0.02997714839875698,-0.8554381370544434,0.11223818063735962,-2.242558425664902,0.01301790851407466,-0.02700502460246759,-0.015222625291942229,0.2664526926872082
1.9419856071472168,-0.701015594007913,0.17359375119121978,0.4385302662849426,0.7196556925773621,-0.09187380969524384,0.48858922719955444,1.0385916982788757,2.938750474112617,-0.8711303879109291,3.1167265796960923,-0.04078822210431099,0.05255226790904999,0.03142504766583443,-0.8635868310928344,0.1102485716342926,-2.25512216091156,0.012743333165418742,-0.02684548028986632,-0.01583641388784471,0.2666612070883051
1.947751522064209,-0.701015594007913,0.17359375119121978,0.4385302662849426,0.7196556925773621,-0.09187380969524384,0.48858922719955444,1.0385916982788757,2.938750474112617,-0.8711303879109291,3.1167265796960923,-0.04078822210431099,0.05255226790904999,0.03142504766583443,-0.8635868310928344,0.1102485716342926,-2.25512216091156,0.012743333165418742,-0.02684548028986632,-0.01583641388784471,0.2666612070883051
1.953505516052246,-0.7107031369232573,0.17491210162552306,0.44584470987319946,0.7265402674674988,-0.09014292061328888,0.4882120192050934,1.01211020565637,2.9804686224794263,-0.9043651978454585,3.1474810315917017,-0.039816245436668396,0.05306554213166237,0.03271694853901863,-0.8718483209609985,0.10817150473594665,-2.267156535387039,0.012452988380935514,-0.026690940819057048,-0.01643750907917358,0.26686132742911084
1.9588682651519775,-0.7107031369232573,0.17491210162552306,0.44584470987319946,0.7265402674674988,-0.09014292061328888,0.4882120192050934,1.01211020565637,2.9804686224794263,-0.9043651978454585,3.1474810315917017,-0.039816245436668396,0.05306554213166237,0.03271694853901863,-0.8718483209609985,0.10817150473594665,-2.267156535387039,0.012452988380935514,-0.026690940819057048,-0.01643750907917358,0.26686132742911084
1.9648840427398682,-0.7107031369232573,0.17491210162552306,0.44584470987319946,0.7265402674674988,-0.09014292061328888,0.4882120192050934,1.01211020565637,2.9804686224794263,-0.9043651978454585,3.1474810315917017,-0.039816245436668396,0.05306554213166237,0.03271694853901863,-0.8718483209609985,0.10817150473594665,-2.267156535387039,0.012452988380935514,-0.026690940819057048,-0.01643750907917358,0.26686132742911084
1.969862699508667,-0.7204687619232573,0.1762109315386624,0.4531640410423279,0.733517050743103,-0.08833914995193481,0.4876423180103302,0.9845903816804389,3.022491728385256,-0.9368110733764661,3.178675000713668,-0.038637302815914154,0.053430669009685516,0.034052763134241104,-0.8802204608917236,0.10600697994232178,-2.2786222279071806,0.012147755085446665,-0.026543610136893384,-0.017024335355555212,0.26705241255971857
1.9763333797454834,-0.7204687619232573,0.1762109315386624,0.4531640410423279,0.733517050743103,-0.08833914995193481,0.4876423180103302,0.9845903816804389,3.022491728385256,-0.9368110733764661,3.178675000713668,-0.038637302815914154,0.053430669009685516,0.034052763134241104,-0.8802204608917236,0.10600697994232178,-2.2786222279071806,0.012147755085446665,-0.026543610136893384,-0.017024335355555212,0.26705241255971857
1.9820308685302734,-0.7303515696548857,0.17747070550831268,0.4604882597923279,0.7405871152877808,-0.0864657387137413,0.4868975281715393,0.9559502982494607,3.064757946329206,-0.9684046670855188,3.2102510263924597,-0.037540748715400696,0.05381002277135849,0.03536828234791756,-0.8887045383453369,0.10375888645648956,-2.289571452140808,0.011825363635007169,-0.026404696193770918,-0.017595746995721136,0.26723529700618787
1.9878108501434326,-0.7303515696548857,0.17747070550831268,0.4604882597923279,0.7405871152877808,-0.0864657387137413,0.4868975281715393,0.9559502982494607,3.064757946329206,-0.9684046670855188,3.2102510263924597,-0.037540748715400696,0.05381002277135849,0.03536828234791756,-0.8887045383453369,0.10375888645648956,-2.289571452140808,0.011825363635007169,-0.026404696193770918,-0.017595746995721136,0.26723529700618787
1.9931366443634033,-0.7303515696548857,0.17747070550831268,0.4604882597923279,0.7405871152877808,-0.0864657387137413,0.4868975281715393,0.9559502982494607,3.064757946329206,-0.9684046670855188,3.2102510263924597,-0.037540748715400696,0.05381002277135849,0.03536828234791756,-0.8887045383453369,0.10375888645648956,-2.289571452140808,0.011825363635007169,-0.026404696193770918,-0.017595746995721136,0.26723529700618787
1.9984397888183594,-0.7403124594711699,0.17869140863331268,0.4678124785423279,0.7477514743804932,-0.08452505618333817,0.485991507768631,0.9262925109893622,3.107299310560626,-0.999247767772085,3.242296650419013,-0.036513201892375946,0.054196521639823914,0.03657620772719383,-0.8973017692565918,0.10143006742000579,-2.300036984682083,0.011487962565242498,-0.026273435717795845,-0.018153584983808858,0.26741052896981743
2.0040700435638428,-0.7403124594711699,0.17869140863331268,0.4678124785423279,0.7477514743804932,-0.08452505618333817,0.485991507768631,0.9262925109893622,3.107299310560626,-0.999247767772085,3.242296650419013,-0.036513201892375946,0.054196521639823914,0.03657620772719383,-0.8973017692565918,0.10143006742000579,-2.300036984682083,0.011487962565242498,-0.026273435717795845,-0.018153584983808858,0.26741052896981743
2.010207176208496,-0.7503515505813994,0.17988280117424438,0.4751366972923279,0.7550113797187805,-0.08251859992742538,0.4849279820919037,0.8956786243684646,3.150115888720232,-1.02933200076925,3.2748531196214454,-0.03545580059289932,0.0545494519174099,0.03773091733455658,-0.9060136556625366,0.09902231991291045,-2.310030001401901,0.011136717718242725,-0.02614997161772854,-0.018697697852967342,0.26757829943774364
2.0159201622009277,-0.7503515505813994,0.17988280117424438,0.4751366972923279,0.7550113797187805,-0.08251859992742538,0.4849279820919037,0.8956786243684646,3.150115888720232,-1.02933200076925,3.2748531196214454,-0.03545580059289932,0.0545494519174099,0.03773091733455658,-0.9060136556625366,0.09902231991291045,-2.310030001401901,0.011136717718242725,-0.02614997161772854,-0.018697697852967342,0.26757829943774364
2.021427869796753,-0.7605078244232573,0.18104491293343017,0.4824511706829071,0.7623659372329712,-0.08044756203889847,0.4837002158164978,0.8640744584934147,3.193084543377734,-1.058540224394264,3.3078152938154517,-0.034147217869758606,0.054791126400232315,0.03898663818836212,-0.9148391246795654,0.09653707444667815,-2.319512754678726,0.01077050965415796,-0.026037357600019666,-0.019225966941998466,0.2677379804436969
2.026101589202881,-0.7605078244232573,0.18104491293343017,0.4824511706829071,0.7623659372329712,-0.08044756203889847,0.4837002158164978,0.8640744584934147,3.193084543377734,-1.058540224394264,3.3078152938154517,-0.034147217869758606,0.054791126400232315,0.03898663818836212,-0.9148391246795654,0.09653707444667815,-2.319512754678726,0.01077050965415796,-0.026037357600019666,-0.019225966941998466,0.2677379804436969
2.031481981277466,-0.7605078244232573,0.18104491293343017,0.4824511706829071,0.7623659372329712,-0.08044756203889847,0.4837002158164978,0.8640744584934147,3.193084543377734,-1.058540224394264,3.3078152938154517,-0.034147217869758606,0.054791126400232315,0.03898663818836212,-0.9148391246795654,0.09653707444667815,-2.319512754678726,0.01077050965415796,-0.026037357600019666,-0.019225966941998466,0.2677379804436969
2.0370066165924072,-0.7707812213920988,0.18216796874912689,0.48976561427116394,0.7698161602020264,-0.07831494510173798,0.4823102056980133,0.8313775633035392,3.2362371206278002,-1.086739546073691,3.3412099306181844,-0.03276921436190605,0.055002689361572266,0.040356021374464035,-0.9237793922424316,0.09397793412208556,-2.328508722782135,0.010386496244954293,-0.025934887598567796,-0.019735988714159422,0.26788995860367604
2.04215407371521,-0.7707812213920988,0.18216796874912689,0.48976561427116394,0.7698161602020264,-0.07831494510173798,0.4823102056980133,0.8313775633035392,3.2362371206278002,-1.086739546073691,3.3412099306181844,-0.03276921436190605,0.055002689361572266,0.040356021374464035,-0.9237793922424316,0.09397793412208556,-2.328508722782135,0.010386496244954293,-0.025934887598567796,-0.019735988714159422,0.26788995860367604
2.0474655628204346,-0.7811328196548857,0.18325195372017333,0.4970702826976776,0.7773615121841431,-0.07612501829862595,0.4807692766189575,0.7975399152009692,3.279510175781008,-1.1139752503673261,3.3749908227127396,-0.03146956488490105,0.055243272334337234,0.041722435504198074,-0.9328338146209716,0.09135002195835114,-2.337034338712692,0.009983173614581077,-0.02584386883952666,-0.020228582200193725,0.26803449224986725
2.0533506870269775,-0.7811328196548857,0.18325195372017333,0.4970702826976776,0.7773615121841431,-0.07612501829862595,0.4807692766189575,0.7975399152009692,3.279510175781008,-1.1139752503673261,3.3749908227127396,-0.03146956488490105,0.055243272334337234,0.041722435504198074,-0.9328338146209716,0.09135002195835114,-2.337034338712692,0.009983173614581077,-0.02584386883952666,-0.020228582200193725,0.26803449224986725
2.059347629547119,-0.7811328196548857,0.18325195372017333,0.4970702826976776,0.7773615121841431,-0.07612501829862595,0.4807692766189575,0.7975399152009692,3.279510175781008,-1.1139752503673261,3.3749908227127396,-0.03146956488490105,0.055243272334337234,0.041722435504198074,-0.9328338146209716,0.09135002195835114,-2.337034338712692,0.009983173614581077,-0.02584386883952666,-0.020228582200193725,0.26803449224986725
2.0653138160705566,-0.7916015410446562,0.1842968678465695,0.5043652355670929,0.7850031852722168,-0.07388006150722504,0.4790855348110199,0.7626777567281635,3.322967568638597,-1.140310765283329,3.4092725336497094,-0.03024374321103096,0.05551409348845482,0.04300309717655182,-0.9420038223266601,0.08865607380867004,-2.345114028453827,0.009562934618565522,-0.025762904791706367,-0.020704894578942416,0.2681720013288219
2.0703463554382324,-0.7916015410446562,0.1842968678465695,0.5043652355670929,0.7850031852722168,-0.07388006150722504,0.4790855348110199,0.7626777567281635,3.322967568638597,-1.140310765283329,3.4092725336497094,-0.03024374321103096,0.05551409348845482,0.04300309717655182,-0.9420038223266601,0.08865607380867004,-2.345114028453827,0.009562934618565522,-0.025762904791706367,-0.020704894578942416,0.2681720013288219
2.0762150287628174,-0.7968750023865141,0.18480468451889465,0.5080077946186066,0.7888604998588562,-0.07273826748132706,0.4781944155693054,0.7448506621434506,3.344757030521781,-1.1531586583163325,3.426597741928081,-0.029686734080314636,0.0556640550494194,0.04358307272195816,-0.9466325998306274,0.08728592097759247,-2.3489972770214083,0.009346083580061539,-0.025726369170983573,-0.020937265600051082,0.26823829348131345
2.0812368392944336,-0.7968750023865141,0.18480468451889465,0.5080077946186066,0.7888604998588562,-0.07273826748132706,0.4781944155693054,0.7448506621434506,3.344757030521781,-1.1531586583163325,3.426597741928081,-0.029686734080314636,0.0556640550494194,0.04358307272195816,-0.9466325998306274,0.08728592097759247,-2.3489972770214083,0.009346083580061539,-0.025726369170983573,-0.020937265600051082,0.26823829348131345
2.087001085281372,-0.7968750023865141,0.18480468451889465,0.5080077946186066,0.7888604998588562,-0.07273826748132706,0.4781944155693054,0.7448506621434506,3.344757030521781,-1.1531586583163325,3.426597741928081,-0.029686734080314636,0.0556640550494194,0.04358307272195816,-0.9466325998306274,0.08728592097759247,-2.3489972770214083,0.009346083580061539,-0.025726369170983573,-0.020937265600051082,0.26823829348131345
2.0927677154541016,-0.8075000071548857,0.18579100727947662,0.5152880847454071,0.7966482639312744,-0.07041522115468979,0.4763110876083374,0.7085541572789168,3.3884877492756065,-1.1781693356653544,3.4616926244047446,-0.028466276824474335,0.055942706763744354,0.04468243196606636,-0.9559779167175293,0.08449826538562774,-2.356451815366745,0.008902245747929478,-0.025660511489115863,-0.021389616551237105,0.2683659903565405
2.099738359451294,-0.8075000071548857,0.18579100727947662,0.5152880847454071,0.7966482639312744,-0.07041522115468979,0.4763110876083374,0.7085541572789168,3.3884877492756065,-1.1781693356653544,3.4616926244047446,-0.028466276824474335,0.055942706763744354,0.04468243196606636,-0.9559779167175293,0.08449826538562774,-2.356451815366745,0.008902245747929478,-0.025660511489115863,-0.021389616551237105,0.2683659903565405
2.104844093322754,-0.8182421946548857,0.1867382740965695,0.5225537121295929,0.8045361042022705,-0.06804240494966507,0.4743155539035797,0.6714724010930717,3.432433731384164,-1.202418024074642,3.4974188586102777,-0.027470726519823074,0.056253060698509216,0.045552533119916916,-0.9654433250427246,0.08165088593959809,-2.3635433435440065,0.008446393691520032,-0.02560400471772144,-0.02182818593158132,0.2684880369992223
2.110598087310791,-0.8182421946548857,0.1867382740965695,0.5225537121295929,0.8045361042022705,-0.06804240494966507,0.4743155539035797,0.6714724010930717,3.432433731384164,-1.202418024074642,3.4974188586102777,-0.027470726519823074,0.056253060698509216,0.045552533119916916,-0.9654433250427246,0.08165088593959809,-2.3635433435440065,0.008446393691520032,-0.02560400471772144,-0.02182818593158132,0.2684880369992223
2.1158103942871094,-0.8290624642395414,0.18764648497017333,0.5298046767711639,0.8125213980674744,-0.06562205404043198,0.4722119867801666,0.6337349725852298,3.476592288095864,-1.2259082978918625,3.5338115492288282,-0.026414744555950165,0.05654182285070419,0.046289969235658646,-0.9750256776809691,0.07874646484851837,-2.370284378528595,0.00798111601165637,-0.025556478725363502,-0.022253038387856396,0.2686046469238205
2.1215128898620605,-0.8290624642395414,0.18764648497017333,0.5298046767711639,0.8125213980674744,-0.06562205404043198,0.4722119867801666,0.6337349725852298,3.476592288095864,-1.2259082978918625,3.5338115492288282,-0.026414744555950165,0.05654182285070419,0.046289969235658646,-0.9750256776809691,0.07874646484851837,-2.370284378528595,0.00798111601165637,-0.025556478725363502,-0.022253038387856396,0.2686046469238205
2.1272547245025635,-0.8290624642395414,0.18764648497017333,0.5298046767711639,0.8125213980674744,-0.06562205404043198,0.4722119867801666,0.6337349725852298,3.476592288095864,-1.2259082978918625,3.5338115492288282,-0.026414744555950165,0.05654182285070419,0.046289969235658646,-0.9750256776809691,0.07874646484851837,-2.370284378528595,0.00798111601165637,-0.025556478725363502,-0.022253038387856396,0.2686046469238205
2.132913112640381,-0.8399999761604704,0.18850584983738372,0.5370409786701202,0.8206059336662292,-0.063153937458992,0.47000187635421753,0.5954238911802429,3.5209341077845386,-1.2485273799188406,3.570863137443325,-0.025197738781571388,0.05679783225059509,0.04701545089483261,-0.9847271203994751,0.0757847249507904,-2.376679390668869,0.007508047472034876,-0.02551888301151198,-0.022662134196301573,0.26871589486472514
2.1383020877838135,-0.8399999761604704,0.18850584983738372,0.5370409786701202,0.8206059336662292,-0.063153937458992,0.47000187635421753,0.5954238911802429,3.5209341077845386,-1.2485273799188406,3.570863137443325,-0.025197738781571388,0.05679783225059509,0.04701545089483261,-0.9847271203994751,0.0757847249507904,-2.376679390668869,0.007508047472034876,-0.02551888301151198,-0.022662134196301573,0.26871589486472514
2.144111394882202,-0.8510546708130278,0.18931639850052306,0.5442626774311066,0.8287907242774963,-0.06064078211784363,0.4676879048347473,0.5564845856014152,3.5654297267655735,-1.2701763189001445,3.6085404193165633,-0.023868948221206665,0.05703413113951683,0.04779729247093201,-0.9945488691329956,0.07276893854141235,-2.3827365338802338,0.007025464974104794,-0.025492039939621992,-0.023053683693490073,0.2688219095178977
2.1499147415161133,-0.8510546708130278,0.18931639850052306,0.5442626774311066,0.8287907242774963,-0.06064078211784363,0.4676879048347473,0.5564845856014152,3.5654297267655735,-1.2701763189001445,3.6085404193165633,-0.023868948221206665,0.05703413113951683,0.04779729247093201,-0.9945488691329956,0.07276893854141235,-2.3827365338802338,0.007025464974104794,-0.025492039939621992,-0.023053683693490073,0.2688219095178977
2.156233787536621,-0.8621875071548857,0.19008789122017333,0.5514648258686066,0.8370748162269592,-0.05808620899915695,0.46527281403541565,0.5168553971147162,3.610077197369561,-1.2908161135127094,3.646840122608305,-0.02250528521835804,0.05726700276136398,0.04864918068051338,-1.004489779472351,0.06970345079898833,-2.388455128669739,0.006531479885512826,-0.02547589536883634,-0.023426981489267317,0.2689226831322595
2.1625142097473145,-0.8621875071548857,0.19008789122017333,0.5514648258686066,0.8370748162269592,-0.05808620899915695,0.46527281403541565,0.5168553971147162,3.610077197369561,-1.2908161135127094,3.646840122608305,-0.02250528521835804,0.05726700276136398,0.04864918068051338,-1.004489779472351,0.06970345079898833,-2.388455128669739,0.006531479885512826,-0.02547589536883634,-0.023426981489267317,0.2689226831322595
2.1684250831604004,-0.8734765672706999,0.19082031309517333,0.5586474239826202,0.8454592823982239,-0.055493250489234924,0.46275171637535095,0.47646810908491827,3.6548767761572574,-1.3103453554267344,3.6857614214470864,-0.020879356190562248,0.057499244809150696,0.04962565004825592,-1.0145511388778685,0.0665919005870819,-2.393820512294769,0.006024005575468838,-0.02547081819940481,-0.023780193480788345,0.2690179825057906
2.174143075942993,-0.8734765672706999,0.19082031309517333,0.5586474239826202,0.8454592823982239,-0.055493250489234924,0.46275171637535095,0.47646810908491827,3.6548767761572574,-1.3103453554267344,3.6857614214470864,-0.020879356190562248,0.057499244809150696,0.04962565004825592,-1.0145511388778685,0.0665919005870819,-2.393820512294769,0.006024005575468838,-0.02547081819940481,-0.023780193480788345,0.2690179825057906
2.178943395614624,-0.8734765672706999,0.19082031309517333,0.5586474239826202,0.8454592823982239,-0.055493250489234924,0.46275171637535095,0.47646810908491827,3.6548767761572574,-1.3103453554267344,3.6857614214470864,-0.020879356190562248,0.057499244809150696,0.04962565004825592,-1.0145511388778685,0.0665919005870819,-2.393820512294769,0.006024005575468838,-0.02547081819940481,-0.023780193480788345,0.2690179825057906
2.1847496032714844,-0.8848437094711699,0.1915039038649411,0.5658105313777924,0.8539445400238037,-0.05286591872572899,0.46012604236602783,0.43522708799578497,3.699859848673828,-1.3286360905321517,3.7253351638684227,-0.019225476309657097,0.057747624814510345,0.05067608505487442,-1.0247334480285644,0.06343910247087478,-2.39883708357811,0.005500185640554167,-0.0254761689558507,-0.024111005449907314,0.26910788962700477
2.191819190979004,-0.8848437094711699,0.1915039038649411,0.5658105313777924,0.8539445400238037,-0.05286591872572899,0.46012604236602783,0.43522708799578497,3.699859848673828,-1.3286360905321517,3.7253351638684227,-0.019225476309657097,0.057747624814510345,0.05067608505487442,-1.0247334480285644,0.06343910247087478,-2.39883708357811,0.005500185640554167,-0.0254761689558507,-0.024111005449907314,0.26910788962700477
2.197704315185547,-0.8963671946548857,0.19213866352947662,0.5729540884494781,0.8625310063362122,-0.05021003633737564,0.45740965008735657,0.39315281105427907,3.7449953484483087,-1.3458907549341488,3.765546299332897,-0.017995014786720276,0.058012399822473526,0.05160841345787048,-1.0350372076034546,0.060252043604850765,-2.4035463094711305,0.0049601131435842325,-0.025492472525586413,-0.024423078719484084,0.2691930756066447
2.2034823894500732,-0.8963671946548857,0.19213866352947662,0.5729540884494781,0.8625310063362122,-0.05021003633737564,0.45740965008735657,0.39315281105427907,3.7449953484483087,-1.3458907549341488,3.765546299332897,-0.017995014786720276,0.058012399822473526,0.05160841345787048,-1.0350372076034546,0.060252043604850765,-2.4035463094711305,0.0049601131435842325,-0.025492472525586413,-0.024423078719484084,0.2691930756066447
2.2084665298461914,-0.9079687023186125,0.19273436725052306,0.580073207616806,0.8712193965911865,-0.047527115792036057,0.4546026587486267,0.3504298075420083,3.7903141781933374,-1.362233034070196,3.806455208608649,-0.016615958884358406,0.058296699076890945,0.05242365226149559,-1.0454632759094238,0.057032538950443266,-2.407939749956131,0.00440787872406405,-0.025519279031957547,-0.024718650303115243,0.26927342214208616
2.21364688873291,-0.9079687023186125,0.19273436725052306,0.580073207616806,0.8712193965911865,-0.047527115792036057,0.4546026587486267,0.3504298075420083,3.7903141781933374,-1.362233034070196,3.806455208608649,-0.016615958884358406,0.058296699076890945,0.05242365226149559,-1.0454632759094238,0.057032538950443266,-2.407939749956131,0.00440787872406405,-0.025519279031957547,-0.024718650303115243,0.26927342214208616
2.2195606231689453,-0.9079687023186125,0.19273436725052306,0.580073207616806,0.8712193965911865,-0.047527115792036057,0.4546026587486267,0.3504298075420083,3.7903141781933374,-1.362233034070196,3.806455208608649,-0.016615958884358406,0.058296699076890945,0.05242365226149559,-1.0454632759094238,0.057032538950443266,-2.407939749956131,0.00440787872406405,-0.025519279031957547,-0.024718650303115243,0.26927342214208616
2.22518253326416,-0.9197265529655851,0.19328123986633727,0.5871679484844208,0.8800106048583984,-0.04481802135705948,0.45170485973358154,0.30708523563211954,3.8358769514653717,-1.377436391951118,3.8481306844384515,-0.01505594328045845,0.05859435349702835,0.05316614732146263,-1.056012725830078,0.05378162562847137,-2.412016886472702,0.0038435340392143037,-0.02555535218093436,-0.02499362299988304,0.26934894158428824
2.231072425842285,-0.9197265529655851,0.19328123986633727,0.5871679484844208,0.8800106048583984,-0.04481802135705948,0.45170485973358154,0.30708523563211954,3.8358769514653717,-1.377436391951118,3.8481306844384515,-0.01505594328045845,0.05859435349702835,0.05316614732146263,-1.056012725830078,0.05378162562847137,-2.412016886472702,0.0038435340392143037,-0.02555535218093436,-0.02499362299988304,0.26934894158428824
2.237070322036743,-0.9315624856972136,0.19377929627808044,0.5942431390285492,0.8889040946960449,-0.04208596050739288,0.4487226903438568,0.2631464420225092,3.8816218590758815,-1.3914568021553697,3.890517861150358,-0.013482263311743736,0.05889828875660896,0.05382848531007767,-1.0666849136352539,0.050503152608871456,-2.4158057212829593,0.003267178551021952,-0.025601862426212603,-0.025247200534125838,0.26942007913484406
2.2427101135253906,-0.9315624856972136,0.19377929627808044,0.5942431390285492,0.8889040946960449,-0.04208596050739288,0.4487226903438568,0.2631464420225092,3.8816218590758815,-1.3914568021553697,3.890517861150358,-0.013482263311743736,0.05889828875660896,0.05382848531007767,-1.0666849136352539,0.050503152608871456,-2.4158057212829593,0.003267178551021952,-0.025601862426212603,-0.025247200534125838,0.26942007913484406
2.2480628490448,-0.9315624856972136,0.19377929627808044,0.5942431390285492,0.8889040946960449,-0.04208596050739288,0.4487226903438568,0.2631464420225092,3.8816218590758815,-1.3914568021553697,3.890517861150358,-0.013482263311743736,0.05889828875660896,0.05382848531007767,-1.0666849136352539,0.050503152608871456,-2.4158057212829593,0.003267178551021952,-0.025601862426212603,-0.025247200534125838,0.26942007913484406
2.2534637451171875,-0.9435546422027983,0.19423828184517333,0.6012890636920929,0.8979015946388245,-0.0393332876265049,0.4456595182418823,0.21872961513151043,3.927611733716474,-1.4043205329709665,3.9336883288633007,-0.011952275410294533,0.05920804664492607,0.05441708117723465,-1.0774819135665894,0.047199945151805874,-2.4192988693714144,0.0026811005939765434,-0.025657781806177015,-0.02547985800233589,0.2694867374674644
2.259547233581543,-0.9435546422027983,0.19423828184517333,0.6012890636920929,0.8979015946388245,-0.0393332876265049,0.4456595182418823,0.21872961513151043,3.927611733716474,-1.4043205329709665,3.9336883288633007,-0.011952275410294533,0.05920804664492607,0.05441708117723465,-1.0774819135665894,0.047199945151805874,-2.4192988693714144,0.0026811005939765434,-0.025657781806177015,-0.02547985800233589,0.2694867374674644
2.2654473781585693,-0.9556640410446562,0.19463866114529083,0.6083105504512787,0.9070034623146057,-0.0365646556019783,0.4425250291824341,0.17386887427490794,3.9738160929879833,-1.4161764803198498,3.9776119944579955,-0.0107664093375206,0.05949299409985542,0.05489448085427284,-1.0884041547775267,0.04387758672237396,-2.422534078359604,0.0020857434049089967,-0.025723604895138485,-0.025694288382834364,0.269549525373183
2.2704920768737793,-0.9556640410446562,0.19463866114529083,0.6083105504512787,0.9070034623146057,-0.0365646556019783,0.4425250291824341,0.17386887427490794,3.9738160929879833,-1.4161764803198498,3.9776119944579955,-0.0107664093375206,0.05949299409985542,0.05489448085427284,-1.0884041547775267,0.04387758672237396,-2.422534078359604,0.0020857434049089967,-0.025723604895138485,-0.025694288382834364,0.269549525373183
2.275963306427002,-0.9556640410446562,0.19463866114529083,0.6083105504512787,0.9070034623146057,-0.0365646556019783,0.4425250291824341,0.17386887427490794,3.9738160929879833,-1.4161764803198498,3.9776119944579955,-0.0107664093375206,0.05949299409985542,0.05489448085427284,-1.0884041547775267,0.04387758672237396,-2.422534078359604,0.0020857434049089967,-0.025723604895138485,-0.025694288382834364,0.269549525373183
2.281475782394409,-0.9678906226181425,0.19499999940308044,0.6153075993061066,0.9162095785140991,-0.03378192335367203,0.4393185079097748,0.12865980438509586,4.020262697837243,-1.4270649552102475,4.022317775563281,-0.009298204444348812,0.05982000753283501,0.05532696098089218,-1.099451494216919,0.04053830802440643,-2.425509202480316,0.0014830367410584083,-0.025798741809136612,-0.025891220753153747,0.2696084208175621
2.287160873413086,-0.9678906226181425,0.19499999940308044,0.6153075993061066,0.9162095785140991,-0.03378192335367203,0.4393185079097748,0.12865980438509586,4.020262697837243,-1.4270649552102475,4.022317775563281,-0.009298204444348812,0.05982000753283501,0.05532696098089218,-1.099451494216919,0.04053830802440643,-2.425509202480316,0.0014830367410584083,-0.025798741809136612,-0.025891220753153747,0.2696084208175621
2.2921149730682373,-0.9802734279655851,0.19530273139389465,0.6222753822803497,0.9255247712135315,-0.030986476689577103,0.4360436499118805,0.08306827976933576,4.066955897437062,-1.4368196538299551,4.067802482056333,-0.007910259068012238,0.06013552099466324,0.05572796240448952,-1.1106297254562378,0.03718377202749252,-2.428226637840271,0.0008717124737883976,-0.02588381221592838,-0.026067647290411167,0.26966346771487193
2.2971861362457275,-0.9802734279655851,0.19530273139389465,0.6222753822803497,0.9255247712135315,-0.030986476689577103,0.4360436499118805,0.08306827976933576,4.066955897437062,-1.4368196538299551,4.067802482056333,-0.007910259068012238,0.06013552099466324,0.05572796240448952,-1.1106297254562378,0.03718377202749252,-2.428226637840271,0.0008717124737883976,-0.02588381221592838,-0.026067647290411167,0.26966346771487193
2.303288221359253,-0.9802734279655851,0.19530273139389465,0.6222753822803497,0.9255247712135315,-0.030986476689577103,0.4360436499118805,0.08306827976933576,4.066955897437062,-1.4368196538299551,4.067802482056333,-0.007910259068012238,0.06013552099466324,0.05572796240448952,-1.1106297254562378,0.03718377202749252,-2.428226637840271,0.0008717124737883976,-0.02588381221592838,-0.026067647290411167,0.26966346771487193
2.3092739582061768,-0.9927343750023283,0.19556640744121978,0.6292138397693634,0.9349414110183716,-0.02818312682211399,0.4327031075954437,0.03718304758362876,4.11386054981827,-1.4454337239552322,4.114028187179607,-0.00623967032879591,0.06050170212984085,0.05612916499376297,-1.121929693222046,0.03381975218653679,-2.4306942343711855,0.00025306082675452757,-0.02597859785280711,-0.026223444063140724,0.26971478959390466
2.3153793811798096,-0.9927343750023283,0.19556640744121978,0.6292138397693634,0.9349414110183716,-0.02818312682211399,0.4327031075954437,0.03718304758362876,4.11386054981827,-1.4454337239552322,4.114028187179607,-0.00623967032879591,0.06050170212984085,0.05612916499376297,-1.121929693222046,0.03381975218653679,-2.4306942343711855,0.00025306082675452757,-0.02597859785280711,-0.026223444063140724,0.26971478959390466
2.320909023284912,-0.9990234398865141,0.19567382991226623,0.6326757967472076,0.9396892189979553,-0.026778988540172577,0.431007444858551,0.014103831758638188,4.137450024259877,-1.4492400001055024,4.137474388915786,-0.005395505577325821,0.06068681180477142,0.05633305013179779,-1.1276270627975464,0.03213478624820709,-2.4318387687206267,-5.981304144874315e-05,-0.02602845672525222,-0.026292285566832312,0.269739140889997
2.3267698287963867,-0.9990234398865141,0.19567382991226623,0.6326757967472076,0.9396892189979553,-0.026778988540172577,0.431007444858551,0.014103831758638188,4.137450024259877,-1.4492400001055024,4.137474388915786,-0.005395505577325821,0.06068681180477142,0.05633305013179779,-1.1276270627975464,0.03213478624820709,-2.4318387687206267,-5.981304144874315e-05,-0.02602845672525222,-0.026292285566832312,0.269739140889997
2.332571268081665,-1.0117186927818693,0.19585936427029083,0.6395751535892487,0.9492654204368591,-0.02396780624985695,0.4275665879249573,-0.032314142839179286,4.184813560943401,-1.4558017716366372,4.184938394266219,-0.003604695200920105,0.061085015535354614,0.05674632266163826,-1.139118504524231,0.028761367499828338,-2.4339350402355198,-0.0006927370709928105,-0.026135679810715167,-0.026410963823808357,0.26978497386645134
2.3389172554016113,-1.0117186927818693,0.19585936427029083,0.6395751535892487,0.9492654204368591,-0.02396780624985695,0.4275665879249573,-0.032314142839179286,4.184813560943401,-1.4558017716366372,4.184938394266219,-0.003604695200920105,0.061085015535354614,0.05674632266163826,-1.139118504524231,0.028761367499828338,-2.4339350402355198,-0.0006927370709928105,-0.026135679810715167,-0.026410963823808357,0.26978497386645134
2.344454050064087,-1.0117186927818693,0.19585936427029083,0.6395751535892487,0.9492654204368591,-0.02396780624985695,0.4275665879249573,-0.032314142839179286,4.184813560943401,-1.4558017716366372,4.184938394266219,-0.003604695200920105,0.061085015535354614,0.05674632266163826,-1.139118504524231,0.028761367499828338,-2.4339350402355198,-0.0006927370709928105,-0.026135679810715167,-0.026410963823808357,0.26978497386645134
2.3508875370025635,-1.0245311880134977,0.19599608242424438,0.6464453041553497,0.95894855260849,-0.021158430725336075,0.4240681529045105,-0.0790463101896782,4.232451931949345,-1.4612817850143422,4.233188878808071,-0.002301580738276243,0.061412639915943146,0.05708715319633484,-1.150738263130188,0.02539011687040329,-2.435806006193161,-0.0013346168076243834,-0.02625187965479021,-0.02651007706369886,0.2698275056018625
2.3564553260803223,-1.0245311880134977,0.19599608242424438,0.6464453041553497,0.95894855260849,-0.021158430725336075,0.4240681529045105,-0.0790463101896782,4.232451931949345,-1.4612817850143422,4.233188878808071,-0.002301580738276243,0.061412639915943146,0.05708715319633484,-1.150738263130188,0.02539011687040329,-2.435806006193161,-0.0013346168076243834,-0.02625187965479021,-0.02651007706369886,0.2698275056018625
2.362391710281372,-1.037578048708383,0.19608398437412689,0.6533398330211639,0.9688178896903992,-0.018331153318285942,0.4204854369163513,-0.12637953518148476,4.280730379692036,-1.465857426021151,4.282592298885477,-0.0010320013388991356,0.06174760311841965,0.05735376849770546,-1.162581467628479,0.02199738398194313,-2.437468010187149,-0.0019887687869059065,-0.026378635881232914,-0.026592833541375482,0.26986710177869466
2.3677566051483154,-1.037578048708383,0.19608398437412689,0.6533398330211639,0.9688178896903992,-0.018331153318285942,0.4204854369163513,-0.12637953518148476,4.280730379692036,-1.465857426021151,4.282592298885477,-0.0010320013388991356,0.06174760311841965,0.05735376849770546,-1.162581467628479,0.02199738398194313,-2.437468010187149,-0.0019887687869059065,-0.026378635881232914,-0.026592833541375482,0.26986710177869466
2.3733959197998047,-1.050664010050241,0.19612304031761596,0.660151332616806,0.978715717792511,-0.015535312704741955,0.4168829321861267,-0.173507859188893,4.328856562023795,-1.46964458957934,4.332326241035203,-1.2824777513742447e-05,0.062039509415626526,0.0575241819024086,-1.1744588613510132,0.018642375245690346,-2.438921195268631,-0.0026437996033131577,-0.02651420945670856,-0.026661329368735297,0.2699035592440044
2.3788042068481445,-1.050664010050241,0.19612304031761596,0.660151332616806,0.978715717792511,-0.015535312704741955,0.4168829321861267,-0.173507859188893,4.328856562023795,-1.46964458957934,4.332326241035203,-1.2824777513742447e-05,0.062039509415626526,0.0575241819024086,-1.1744588613510132,0.018642375245690346,-2.438921195268631,-0.0026437996033131577,-0.02651420945670856,-0.026661329368735297,0.2699035592440044
2.385115623474121,-1.0639062547706999,0.196113280057034,0.6669335663318634,0.9887218475341797,-0.012746255844831467,0.4132241904735565,-0.2207592233359078,4.377319144742357,-1.4721918198433965,4.3828715489575,0.001731689553707838,0.06247527524828911,0.05767783150076866,-1.1864662170410156,0.01529550701379776,-2.4401529908180235,-0.0033046330938595056,-0.026657736093020242,-0.026707399373827413,0.2699368045890048
2.390854597091675,-1.0639062547706999,0.196113280057034,0.6669335663318634,0.9887218475341797,-0.012746255844831467,0.4132241904735565,-0.2207592233359078,4.377319144742357,-1.4721918198433965,4.3828715489575,0.001731689553707838,0.06247527524828911,0.05767783150076866,-1.1864662170410156,0.01529550701379776,-2.4401529908180235,-0.0033046330938595056,-0.026657736093020242,-0.026707399373827413,0.2699368045890048
2.3961234092712402,-1.0639062547706999,0.196113280057034,0.6669335663318634,0.9887218475341797,-0.012746255844831467,0.4132241904735565,-0.2207592233359078,4.377319144742357,-1.4721918198433965,4.3828715489575,0.001731689553707838,0.06247527524828911,0.05767783150076866,-1.1864662170410156,0.01529550701379776,-2.4401529908180235,-0.0033046330938595056,-0.026657736093020242,-0.026707399373827413,0.2699368045890048
2.401719570159912,-1.0772655630134977,0.19605468869121978,0.6736816465854645,0.99883633852005,-0.009965995326638222,0.4095085561275482,-0.2681744855580941,4.4261470394626965,-1.4731409867413672,4.434248076960551,0.0039976839907467365,0.06303351372480392,0.05782981216907501,-1.19860360622406,0.011959194391965865,-2.4411526322364807,-0.00397324206240212,-0.02680869312307783,-0.026724566303900396,0.2699666759494168
2.407299280166626,-1.0772655630134977,0.19605468869121978,0.6736816465854645,0.99883633852005,-0.009965995326638222,0.4095085561275482,-0.2681744855580941,4.4261470394626965,-1.4731409867413672,4.434248076960551,0.0039976839907467365,0.06303351372480392,0.05782981216907501,-1.19860360622406,0.011959194391965865,-2.4411526322364807,-0.00397324206240212,-0.02680869312307783,-0.026724566303900396,0.2699666759494168
2.4131646156311035,-1.0772655630134977,0.19605468869121978,0.6736816465854645,0.99883633852005,-0.009965995326638222,0.4095085561275482,-0.2681744855580941,4.4261470394626965,-1.4731409867413672,4.434248076960551,0.0039976839907467365,0.06303351372480392,0.05782981216907501,-1.19860360622406,0.011959194391965865,-2.4411526322364807,-0.00397324206240212,-0.02680869312307783,-0.026724566303900396,0.2699666759494168
2.419572353363037,-1.0907421731972136,0.19594726622017333,0.6804004013538361,1.0090606212615967,-0.007198436185717583,0.4057386815547943,-0.3156785800995325,4.475402074848647,-1.472479644283119,4.486499590048898,0.005859105382114649,0.06350737810134888,0.05796344578266144,-1.2108727455139159,0.0086381234228611,-2.441936767101288,-0.004648560050921548,-0.026965824706033883,-0.026712605056875192,0.2699934617362677
2.4257876873016357,-1.0907421731972136,0.19594726622017333,0.6804004013538361,1.0090606212615967,-0.007198436185717583,0.4057386815547943,-0.3156785800995325,4.475402074848647,-1.472479644283119,4.486499590048898,0.005859105382114649,0.06350737810134888,0.05796344578266144,-1.2108727455139159,0.0086381234228611,-2.441936767101288,-0.004648560050921548,-0.026965824706033883,-0.026712605056875192,0.2699934617362677
2.4312660694122314,-1.104374947550241,0.19579101264389465,0.6870898306369781,1.019395112991333,-0.00445174053311348,0.40191930532455444,-0.36330574751543787,4.524993423355837,-1.4706264131751554,4.539524558322768,0.007349943742156029,0.06391822546720505,0.05805328115820885,-1.2232741355895995,0.0053420886397361755,-2.442519611120224,-0.00533151660155825,-0.0271312282616609,-0.02667908693808279,0.27001737183942975
2.4366037845611572,-1.104374947550241,0.19579101264389465,0.6870898306369781,1.019395112991333,-0.00445174053311348,0.40191930532455444,-0.36330574751543787,4.524993423355837,-1.4706264131751554,4.539524558322768,0.007349943742156029,0.06391822546720505,0.05805328115820885,-1.2232741355895995,0.0053420886397361755,-2.442519611120224,-0.00533151660155825,-0.0271312282616609,-0.02667908693808279,0.27001737183942975
2.442481279373169,-1.1181640052818693,0.19558592796238372,0.6937499940395355,1.0298385620117188,-0.0017292127013206482,0.3980526328086853,-0.4110012580355414,4.574890935455122,-1.4676595510721377,4.5932764196409845,0.008814159780740738,0.06433583796024323,0.05808371677994728,-1.2358062744140625,0.002075055241584778,-2.4429078876972197,-0.006021207125874297,-0.02730542045021944,-0.026625427339999754,0.2700385090312293
2.4482674598693848,-1.1181640052818693,0.19558592796238372,0.6937499940395355,1.0298385620117188,-0.0017292127013206482,0.3980526328086853,-0.4110012580355414,4.574890935455122,-1.4676595510721377,4.5932764196409845,0.008814159780740738,0.06433583796024323,0.05808371677994728,-1.2358062744140625,0.002075055241584778,-2.4429078876972197,-0.006021207125874297,-0.02730542045021944,-0.026625427339999754,0.2700385090312293
2.4544763565063477,-1.1181640052818693,0.19558592796238372,0.6937499940395355,1.0298385620117188,-0.0017292127013206482,0.3980526328086853,-0.4110012580355414,4.574890935455122,-1.4676595510721377,4.5932764196409845,0.008814159780740738,0.06433583796024323,0.05808371677994728,-1.2358062744140625,0.002075055241584778,-2.4429078876972197,-0.006021207125874297,-0.02730542045021944,-0.026625427339999754,0.2700385090312293
2.4609549045562744,-1.1321093463920988,0.19533202707680175,0.700385719537735,1.0404119491577148,0.0009731631726026535,0.39413145184516907,-0.4587309785967949,4.6252744062313305,-1.4634872949388376,4.647917958705524,0.010404981672763824,0.06479129195213318,0.05804801732301712,-1.2484943389892578,-0.0011677958071231842,-2.44308865070343,-0.006716581803702558,-0.027487114869515543,-0.02654996660760312,0.2700567161765809
2.466728448867798,-1.1321093463920988,0.19533202707680175,0.700385719537735,1.0404119491577148,0.0009731631726026535,0.39413145184516907,-0.4587309785967949,4.6252744062313305,-1.4634872949388376,4.647917958705524,0.010404981672763824,0.06479129195213318,0.05804801732301712,-1.2484943389892578,-0.0011677958071231842,-2.44308865070343,-0.006716581803702558,-0.027487114869515543,-0.02654996660760312,0.2700567161765809
2.4721436500549316,-1.1462109708809294,0.19502929508598754,0.7069824039936066,1.0510766506195068,0.0036421753466129303,0.3901720345020294,-0.5063309471378024,4.675933571774117,-1.458025694386483,4.703207396573546,0.012105031870305538,0.06528063118457794,0.057949282228946686,-1.2612919807434082,-0.0043706104159355165,-2.4430844306945803,-0.007416036713169057,-0.02767613034108698,-0.026451186387844296,0.2700722972901915
2.4776690006256104,-1.1462109708809294,0.19502929508598754,0.7069824039936066,1.0510766506195068,0.0036421753466129303,0.3901720345020294,-0.5063309471378024,4.675933571774117,-1.458025694386483,4.703207396573546,0.012105031870305538,0.06528063118457794,0.057949282228946686,-1.2612919807434082,-0.0043706104159355165,-2.4430844306945803,-0.007416036713169057,-0.02767613034108698,-0.026451186387844296,0.2700722972901915
2.4834461212158203,-1.1604296588920988,0.19468749225052306,0.7135449349880219,1.0618531703948975,0.006280664354562759,0.38616764545440674,-0.5538081397048303,4.7270200456552445,-1.4512094625254486,4.759278132628601,0.013858966529369354,0.0657925084233284,0.05779407545924187,-1.274223804473877,-0.007536797225475311,-2.4428838193416595,-0.00811953274899148,-0.027871802368825156,-0.026327905881570645,0.2700851121130827
2.4891858100891113,-1.1604296588920988,0.19468749225052306,0.7135449349880219,1.0618531703948975,0.006280664354562759,0.38616764545440674,-0.5538081397048303,4.7270200456552445,-1.4512094625254486,4.759278132628601,0.013858966529369354,0.0657925084233284,0.05779407545924187,-1.274223804473877,-0.007536797225475311,-2.4428838193416595,-0.00811953274899148,-0.027871802368825156,-0.026327905881570645,0.2700851121130827
2.4952890872955322,-1.1604296588920988,0.19468749225052306,0.7135449349880219,1.0618531703948975,0.006280664354562759,0.38616764545440674,-0.5538081397048303,4.7270200456552445,-1.4512094625254486,4.759278132628601,0.013858966529369354,0.0657925084233284,0.05779407545924187,-1.274223804473877,-0.007536797225475311,-2.4428838193416595,-0.00811953274899148,-0.027871802368825156,-0.026327905881570645,0.2700851121130827
2.5005898475646973,-1.1747656488441862,0.19428709804924438,0.7200780808925629,1.0727416276931763,0.008885085582733154,0.38210994005203247,-0.6011624006944567,4.778533362015595,-1.4430221542959982,4.816112819833499,0.015618969686329365,0.06631755828857422,0.05758850276470184,-1.2872899532318114,-0.010662102699279785,-2.442470365762711,-0.00882761779816005,-0.028074403473417258,-0.02617982765827546,0.2700948966416109
2.5051753520965576,-1.1747656488441862,0.19428709804924438,0.7200780808925629,1.0727416276931763,0.008885085582733154,0.38210994005203247,-0.6011624006944567,4.778533362015595,-1.4430221542959982,4.816112819833499,0.015618969686329365,0.06631755828857422,0.05758850276470184,-1.2872899532318114,-0.010662102699279785,-2.442470365762711,-0.00882761779816005,-0.028074403473417258,-0.02617982765827546,0.2700948966416109
2.5119709968566895,-1.1892578029655851,0.19384764790447662,0.7265820205211639,1.0837417840957642,0.011452801525592804,0.37798964977264404,-0.6483392476543733,4.830443962849661,-1.433466093387637,4.873657545741414,0.017369495704770088,0.06685171276330948,0.057335592806339264,-1.300490140914917,-0.013743361830711365,-2.441816586256027,-0.009539483911546288,-0.028285016250948702,-0.026006993744936605,0.27010119722923914
2.5176546573638916,-1.1892578029655851,0.19384764790447662,0.7265820205211639,1.0837417840957642,0.011452801525592804,0.37798964977264404,-0.6483392476543733,4.830443962849661,-1.433466093387637,4.873657545741414,0.017369495704770088,0.06685171276330948,0.057335592806339264,-1.300490140914917,-0.013743361830711365,-2.441816586256027,-0.009539483911546288,-0.028285016250948702,-0.026006993744936605,0.27010119722923914
2.52256178855896,-1.2039062404655851,0.19335936665447662,0.7330517470836639,1.0948549509048462,0.013980899006128311,0.3738061487674713,-0.695277106990485,4.8828424698718,-1.4225438042682903,4.93197656834781,0.019115906208753586,0.06739572435617447,0.05703499913215637,-1.3138259410858153,-0.016777078807353973,-2.440911591053009,-0.01025420575886054,-0.02850190763934344,-0.025809449799871972,0.27010386331375225
2.527266263961792,-1.2039062404655851,0.19335936665447662,0.7330517470836639,1.0948549509048462,0.013980899006128311,0.3738061487674713,-0.695277106990485,4.8828424698718,-1.4225438042682903,4.93197656834781,0.019115906208753586,0.06739572435617447,0.05703499913215637,-1.3138259410858153,-0.016777078807353973,-2.440911591053009,-0.01025420575886054,-0.02850190763934344,-0.025809449799871972,0.27010386331375225
2.532259702682495,-1.2039062404655851,0.19335936665447662,0.7330517470836639,1.0948549509048462,0.013980899006128311,0.3738061487674713,-0.695277106990485,4.8828424698718,-1.4225438042682903,4.93197656834781,0.019115906208753586,0.06739572435617447,0.05703499913215637,-1.3138259410858153,-0.016777078807353973,-2.440911591053009,-0.01025420575886054,-0.02850190763934344,-0.025809449799871972,0.27010386331375225
2.5383903980255127,-1.2187109613441862,0.19282225429924438,0.7394872605800629,1.1060810089111328,0.016467232257127762,0.36956048011779785,-0.741928255526439,4.935729484999244,-1.410091885234769,4.9910440114041,0.021259384229779243,0.06807751953601837,0.056642450392246246,-1.3272972106933594,-0.019760678708553314,-2.4397585093975067,-0.010971470413228098,-0.02872517413722572,-0.025584240488652796,0.2701029449692862
2.5436441898345947,-1.2187109613441862,0.19282225429924438,0.7394872605800629,1.1060810089111328,0.016467232257127762,0.36956048011779785,-0.741928255526439,4.935729484999244,-1.410091885234769,4.9910440114041,0.021259384229779243,0.06807751953601837,0.056642450392246246,-1.3272972106933594,-0.019760678708553314,-2.4397585093975067,-0.010971470413228098,-0.02872517413722572,-0.025584240488652796,0.2701029449692862
2.550204277038574,-1.2336718463920988,0.19224608600052306,0.7458935678005219,1.1174209117889404,0.018908493220806122,0.36525315046310425,-0.7882379942427847,4.989166175360536,-1.3960527560831166,5.050893914522583,0.023055998608469963,0.06865306198596954,0.056200768798589706,-1.3409050941467284,-0.022690191864967346,-2.438367873430252,-0.011690725841580703,-0.028953462607942262,-0.025330324397658914,0.2700986301708817
2.5561671257019043,-1.2336718463920988,0.19224608600052306,0.7458935678005219,1.1174209117889404,0.018908493220806122,0.36525315046310425,-0.7882379942427847,4.989166175360536,-1.3960527560831166,5.050893914522583,0.023055998608469963,0.06865306198596954,0.056200768798589706,-1.3409050941467284,-0.022690191864967346,-2.438367873430252,-0.011690725841580703,-0.028953462607942262,-0.025330324397658914,0.2700986301708817
2.5619349479675293,-1.2336718463920988,0.19224608600052306,0.7458935678005219,1.1174209117889404,0.018908493220806122,0.36525315046310425,-0.7882379942427847,4.989166175360536,-1.3960527560831166,5.050893914522583,0.023055998608469963,0.06865306198596954,0.056200768798589706,-1.3409050941467284,-0.022690191864967346,-2.438367873430252,-0.011690725841580703,-0.028953462607942262,-0.025330324397658914,0.2700986301708817
2.5669808387756348,-1.2487890148186125,0.1916210865965695,0.752265602350235,1.1288748979568481,0.021299872547388077,0.360887736082077,-0.8341721203163337,5.0430602627426335,-1.3806084152240892,5.111408958695287,0.024991488084197044,0.06929649412631989,0.05568981543183327,-1.3546498775482176,-0.025559847056865693,-2.436741292476654,-0.01241147562911858,-0.029189065005366287,-0.025050993207202644,0.2700909161597985
2.572075366973877,-1.2487890148186125,0.1916210865965695,0.752265602350235,1.1288748979568481,0.021299872547388077,0.360887736082077,-0.8341721203163337,5.0430602627426335,-1.3806084152240892,5.111408958695287,0.024991488084197044,0.06929649412631989,0.05568981543183327,-1.3546498775482176,-0.025559847056865693,-2.436741292476654,-0.01241147562911858,-0.029189065005366287,-0.025050993207202644,0.2700909161597985
2.577026605606079,-1.2640624666237272,0.19094725608738372,0.7586034834384918,1.140442967414856,0.02363894134759903,0.3564644157886505,-0.8796419260094088,5.09747289222527,-1.3637276849784157,5.17261631871234,0.026605229824781418,0.06983692198991776,0.05514698103070259,-1.368531560897827,-0.028366729617118835,-2.434879517555237,-0.013132245786735136,-0.029430607619109914,-0.024745683028002376,0.27007982988056656
2.581732988357544,-1.2640624666237272,0.19094725608738372,0.7586034834384918,1.140442967414856,0.02363894134759903,0.3564644157886505,-0.8796419260094088,5.09747289222527,-1.3637276849784157,5.17261631871234,0.026605229824781418,0.06983692198991776,0.05514698103070259,-1.368531560897827,-0.028366729617118835,-2.434879517555237,-0.013132245786735136,-0.029430607619109914,-0.024745683028002376,0.27007982988056656
2.5876305103302,-1.2640624666237272,0.19094725608738372,0.7586034834384918,1.140442967414856,0.02363894134759903,0.3564644157886505,-0.8796419260094088,5.09747289222527,-1.3637276849784157,5.17261631871234,0.026605229824781418,0.06983692198991776,0.05514698103070259,-1.368531560897827,-0.028366729617118835,-2.434879517555237,-0.013132245786735136,-0.029430607619109914,-0.024745683028002376,0.27007982988056656
2.5933425426483154,-1.279492201807443,0.19023436963470886,0.7649072110652924,1.152125597000122,0.025920994579792023,0.3519861102104187,-0.9246612933685239,5.152374472875676,-1.3455081222654117,5.2344681175408905,0.028478100895881653,0.07048644125461578,0.05453670024871826,-1.3825507164001465,-0.031105193495750427,-2.432791310548782,-0.01385378605116893,-0.029678873230918775,-0.024416158305084805,0.2700655046776303
2.5988354682922363,-1.279492201807443,0.19023436963470886,0.7649072110652924,1.152125597000122,0.025920994579792023,0.3519861102104187,-0.9246612933685239,5.152374472875676,-1.3455081222654117,5.2344681175408905,0.028478100895881653,0.07048644125461578,0.05453670024871826,-1.3825507164001465,-0.031105193495750427,-2.432791310548782,-0.01385378605116893,-0.029678873230918775,-0.024416158305084805,0.2700655046776303
2.6043715476989746,-1.279492201807443,0.19023436963470886,0.7649072110652924,1.152125597000122,0.025920994579792023,0.3519861102104187,-0.9246612933685239,5.152374472875676,-1.3455081222654117,5.2344681175408905,0.028478100895881653,0.07048644125461578,0.05453670024871826,-1.3825507164001465,-0.031105193495750427,-2.432791310548782,-0.01385378605116893,-0.029678873230918775,-0.024416158305084805,0.2700655046776303
2.6100823879241943,-1.2950781011604704,0.18948241233738372,0.7711767256259918,1.163924217224121,0.02814558893442154,0.34745290875434875,-0.9691272841890741,5.207855345514132,-1.3256827583810018,5.297015710739954,0.030506305396556854,0.07119697332382202,0.053825315088033676,-1.3967090606689452,-0.03377470672130584,-2.4304768323898314,-0.014574650578541019,-0.029932066079880196,-0.024057590558775124,0.27004796578664436
2.6157824993133545,-1.2950781011604704,0.18948241233738372,0.7711767256259918,1.163924217224121,0.02814558893442154,0.34745290875434875,-0.9691272841890741,5.207855345514132,-1.3256827583810018,5.297015710739954,0.030506305396556854,0.07119697332382202,0.053825315088033676,-1.3967090606689452,-0.03377470672130584,-2.4304768323898314,-0.014574650578541019,-0.029932066079880196,-0.024057590558775124,0.27004796578664436
2.621346950531006,-1.3108202838920988,0.1886913990965695,0.7774169743061066,1.175837755203247,0.030307702720165253,0.3428657352924347,-1.0130129105321457,5.263885757933179,-1.3044357582497486,5.360204851043214,0.03205054625868797,0.07174484431743622,0.05312039703130722,-1.4110053062438965,-0.036369243264198305,-2.427947759628296,-0.015294535451088961,-0.030190662003709078,-0.023673310653632977,0.2700273915257935
2.6277427673339844,-1.3108202838920988,0.1886913990965695,0.7774169743061066,1.175837755203247,0.030307702720165253,0.3428657352924347,-1.0130129105321457,5.263885757933179,-1.3044357582497486,5.360204851043214,0.03205054625868797,0.07174484431743622,0.05312039703130722,-1.4110053062438965,-0.036369243264198305,-2.427947759628296,-0.015294535451088961,-0.030190662003709078,-0.023673310653632977,0.2700273915257935
2.6325936317443848,-1.3108202838920988,0.1886913990965695,0.7774169743061066,1.175837755203247,0.030307702720165253,0.3428657352924347,-1.0130129105321457,5.263885757933179,-1.3044357582497486,5.360204851043214,0.03205054625868797,0.07174484431743622,0.05312039703130722,-1.4110053062438965,-0.036369243264198305,-2.427947759628296,-0.015294535451088961,-0.030190662003709078,-0.023673310653632977,0.2700273915257935
2.6384880542755127,-1.3267577314400114,0.18785155475052306,0.7836181223392487,1.187865972518921,0.032401978969573975,0.33824622631073,-1.0563179748185136,5.320403638014297,-1.2819095107021667,5.423955773337547,0.033834993839263916,0.07240251451730728,0.05236278846859932,-1.4254391670227051,-0.03888237476348877,-2.425251299142838,-0.016013880900176775,-0.030455523202926854,-0.023265893878685412,0.27000452676233977
2.6439313888549805,-1.3267577314400114,0.18785155475052306,0.7836181223392487,1.187865972518921,0.032401978969573975,0.33824622631073,-1.0563179748185136,5.320403638014297,-1.2819095107021667,5.423955773337547,0.033834993839263916,0.07240251451730728,0.05236278846859932,-1.4254391670227051,-0.03888237476348877,-2.425251299142838,-0.016013880900176775,-0.030455523202926854,-0.023265893878685412,0.27000452676233977
2.6493899822235107,-1.3428905630134977,0.18696287929924438,0.789790004491806,1.200010895729065,0.03442678600549698,0.33359813690185547,-1.0989744322079322,5.377441012934118,-1.2579734672263163,5.488266370134509,0.03541411831974983,0.07298541814088821,0.05158132687211037,-1.4400130748748778,-0.041312143206596375,-2.4224164187908173,-0.016731842096508843,-0.030725973441849505,-0.022832979092618874,0.2699798457641939
2.655498504638672,-1.3428905630134977,0.18696287929924438,0.789790004491806,1.200010895729065,0.03442678600549698,0.33359813690185547,-1.0989744322079322,5.377441012934118,-1.2579734672263163,5.488266370134509,0.03541411831974983,0.07298541814088821,0.05158132687211037,-1.4400130748748778,-0.041312143206596375,-2.4224164187908173,-0.016731842096508843,-0.030725973441849505,-0.022832979092618874,0.2699798457641939
2.661167860031128,-1.3591796779655851,0.18603514790447662,0.7959277331829071,1.2122706174850464,0.03637686371803284,0.3289197087287903,-1.1410093225611493,5.434965627435451,-1.2328250188669532,5.553094044594751,0.03691545128822327,0.07355441898107529,0.05080808326601982,-1.4547247409820556,-0.043652236461639404,-2.419429045915604,-0.017449280476343754,-0.031002634893027122,-0.02237813637174992,0.2699531119053617
2.6670496463775635,-1.3591796779655851,0.18603514790447662,0.7959277331829071,1.2122706174850464,0.03637686371803284,0.3289197087287903,-1.1410093225611493,5.434965627435451,-1.2328250188669532,5.553094044594751,0.03691545128822327,0.07355441898107529,0.05080808326601982,-1.4547247409820556,-0.043652236461639404,-2.419429045915604,-0.017449280476343754,-0.031002634893027122,-0.02237813637174992,0.2699531119053617
2.672497272491455,-1.3591796779655851,0.18603514790447662,0.7959277331829071,1.2122706174850464,0.03637686371803284,0.3289197087287903,-1.1410093225611493,5.434965627435451,-1.2328250188669532,5.553094044594751,0.03691545128822327,0.07355441898107529,0.05080808326601982,-1.4547247409820556,-0.043652236461639404,-2.419429045915604,-0.017449280476343754,-0.031002634893027122,-0.02237813637174992,0.2699531119053617
2.678593158721924,-1.375624957086984,0.18507812082680175,0.8020312488079071,1.2246487140655518,0.03825191408395767,0.32421770691871643,-1.1823343303160545,5.493102914527895,-1.2062317026041849,5.618523511027638,0.038938164710998535,0.07433948665857315,0.049894604831933975,-1.469578456878662,-0.04590229690074921,-2.4163093686103823,-0.01816500471768508,-0.031283024269263084,-0.021897161317025106,0.2699246863920275
2.684389591217041,-1.375624957086984,0.18507812082680175,0.8020312488079071,1.2246487140655518,0.03825191408395767,0.32421770691871643,-1.1823343303160545,5.493102914527895,-1.2062317026041849,5.618523511027638,0.038938164710998535,0.07433948665857315,0.049894604831933975,-1.469578456878662,-0.04590229690074921,-2.4163093686103823,-0.01816500471768508,-0.031283024269263084,-0.021897161317025106,0.2699246863920275
2.6911871433258057,-1.3924217844032682,0.18407226264389465,0.8081786930561066,1.2372933626174927,0.04007197916507721,0.31942954659461975,-1.2233518706544497,5.552581899097885,-1.1776772647344047,5.685337692161248,0.04073697701096535,0.07503862679004669,0.04889644682407379,-1.484752035140991,-0.04808637499809265,-2.413010287284851,-0.01888653868113644,-0.031569837549390106,-0.02138071680211936,0.2698940816345988
2.6969757080078125,-1.3924217844032682,0.18407226264389465,0.8081786930561066,1.2372933626174927,0.04007197916507721,0.31942954659461975,-1.2233518706544497,5.552581899097885,-1.1776772647344047,5.685337692161248,0.04073697701096535,0.07503862679004669,0.04889644682407379,-1.484752035140991,-0.04808637499809265,-2.413010287284851,-0.01888653868113644,-0.031569837549390106,-0.02138071680211936,0.2698940816345988
2.7032175064086914,-1.4091796302818693,0.1830468690386624,0.8142236173152924,1.249906063079834,0.04178972542285919,0.31467220187187195,-1.2630306750593585,5.611937507523427,-1.147994618860875,5.751868178536546,0.04269414022564888,0.07582192122936249,0.047809090465307236,-1.4998872756958008,-0.050147670507431026,-2.4096191167831424,-0.019595733184581816,-0.03185763340852843,-0.020843867163573802,0.26986214759209326
2.708199977874756,-1.4091796302818693,0.1830468690386624,0.8142236173152924,1.249906063079834,0.04178972542285919,0.31467220187187195,-1.2630306750593585,5.611937507523427,-1.147994618860875,5.751868178536546,0.04269414022564888,0.07582192122936249,0.047809090465307236,-1.4998872756958008,-0.050147670507431026,-2.4096191167831424,-0.019595733184581816,-0.03185763340852843,-0.020843867163573802,0.26986214759209326
2.7136101722717285,-1.4091796302818693,0.1830468690386624,0.8142236173152924,1.249906063079834,0.04178972542285919,0.31467220187187195,-1.2630306750593585,5.611937507523427,-1.147994618860875,5.751868178536546,0.04269414022564888,0.07582192122936249,0.047809090465307236,-1.4998872756958008,-0.050147670507431026,-2.4096191167831424,-0.019595733184581816,-0.03185763340852843,-0.020843867163573802,0.26986214759209326
2.719409465789795,-1.4261718416237272,0.1819824194899411,0.8202343285083771,1.2626367807388306,0.04342745244503021,0.3098905384540558,-1.3017327288046348,5.6719961635249545,-1.1166438235228382,5.818978824213271,0.04472058266401291,0.07664194703102112,0.046577610075473785,-1.5151641368865967,-0.052112942934036253,-2.406093406677246,-0.02029899185880206,-0.03214717726218952,-0.02027684685086107,0.26982849633256256
2.7245075702667236,-1.4261718416237272,0.1819824194899411,0.8202343285083771,1.2626367807388306,0.04342745244503021,0.3098905384540558,-1.3017327288046348,5.6719961635249545,-1.1166438235228382,5.818978824213271,0.04472058266401291,0.07664194703102112,0.046577610075473785,-1.5151641368865967,-0.052112942934036253,-2.406093406677246,-0.02029899185880206,-0.03214717726218952,-0.02027684685086107,0.26982849633256256
2.7300820350646973,-1.4347265386604704,0.18143554687412689,0.8232274949550629,1.2690465450286865,0.04421500861644745,0.3074876070022583,-1.3207153434526147,5.702300798761943,-1.1003773268125512,5.852756965473483,0.04560470208525658,0.07700175046920776,0.04594903066754341,-1.5228558540344237,-0.053058010339736936,-2.4042723119258884,-0.020648460106139587,-0.03229247308125959,-0.019982645891939783,0.2698109042736791
2.7351808547973633,-1.4347265386604704,0.18143554687412689,0.8232274949550629,1.2690465450286865,0.04421500861644745,0.3074876070022583,-1.3207153434526147,5.702300798761943,-1.1003773268125512,5.852756965473483,0.04560470208525658,0.07700175046920776,0.04594903066754341,-1.5228558540344237,-0.053058010339736936,-2.4042723119258884,-0.020648460106139587,-0.03229247308125959,-0.019982645891939783,0.2698109042736791
2.7417185306549072,-1.4347265386604704,0.18143554687412689,0.8232274949550629,1.2690465450286865,0.04421500861644745,0.3074876070022583,-1.3207153434526147,5.702300798761943,-1.1003773268125512,5.852756965473483,0.04560470208525658,0.07700175046920776,0.04594903066754341,-1.5228558540344237,-0.053058010339736936,-2.4042723119258884,-0.020648460106139587,-0.03229247308125959,-0.019982645891939783,0.2698109042736791
2.74780535697937,-1.4519531154655851,0.18032226622017333,0.8291943371295929,1.281954288482666,0.04572358727455139,0.3026527762413025,-1.3579423462623377,5.763182588713504,-1.0670238366302485,5.920477966428143,0.04695679247379303,0.07756144553422928,0.044818997383117676,-1.5383451461791993,-0.05486830472946167,-2.4005081355571747,-0.021342626675609013,-0.0325904881326456,-0.01937940421244466,0.2697740012141895
2.753788709640503,-1.4519531154655851,0.18032226622017333,0.8291943371295929,1.281954288482666,0.04572358727455139,0.3026527762413025,-1.3579423462623377,5.763182588713504,-1.0670238366302485,5.920477966428143,0.04695679247379303,0.07756144553422928,0.044818997383117676,-1.5383451461791993,-0.05486830472946167,-2.4005081355571747,-0.021342626675609013,-0.0325904881326456,-0.01937940421244466,0.2697740012141895
2.7594492435455322,-1.4693358564400114,0.17917968988331268,0.8351317942142487,1.2949796915054321,0.04714055359363556,0.2977851331233978,-1.3942405256401744,5.824645676511213,-1.0324399231749168,5.98863133973268,0.048382461071014404,0.0781601145863533,0.04369634762406349,-1.5539756298065186,-0.05656866431236267,-2.3965926289558412,-0.022032505987353915,-0.032893282215640404,-0.018753908711905458,0.2697350682556844
2.7657339572906494,-1.4693358564400114,0.17917968988331268,0.8351317942142487,1.2949796915054321,0.04714055359363556,0.2977851331233978,-1.3942405256401744,5.824645676511213,-1.0324399231749168,5.98863133973268,0.048382461071014404,0.0781601145863533,0.04369634762406349,-1.5539756298065186,-0.05656866431236267,-2.3965926289558412,-0.022032505987353915,-0.032893282215640404,-0.018753908711905458,0.2697350682556844
2.771291971206665,-1.486953082086984,0.17799804270180175,0.8410351574420929,1.3081231117248535,0.04845885932445526,0.2928721308708191,-1.4297467188697508,5.886474548808896,-0.9969554582176223,6.057025509098565,0.049462806433439255,0.07862389832735062,0.04277115687727928,-1.5697477340698243,-0.05815063118934631,-2.3924796760082243,-0.022721149697460367,-0.03320655215485086,-0.01811212555458579,0.26969329147666743
2.776728630065918,-1.486953082086984,0.17799804270180175,0.8410351574420929,1.3081231117248535,0.04845885932445526,0.2928721308708191,-1.4297467188697508,5.886474548808896,-0.9969554582176223,6.057025509098565,0.049462806433439255,0.07862389832735062,0.04277115687727928,-1.5697477340698243,-0.05815063118934631,-2.3924796760082243,-0.022721149697460367,-0.03320655215485086,-0.01811212555458579,0.26969329147666743
2.781919240951538,-1.486953082086984,0.17799804270180175,0.8410351574420929,1.3081231117248535,0.04845885932445526,0.2928721308708191,-1.4297467188697508,5.886474548808896,-0.9969554582176223,6.057025509098565,0.049462806433439255,0.07862389832735062,0.04277115687727928,-1.5697477340698243,-0.05815063118934631,-2.3924796760082243,-0.022721149697460367,-0.03320655215485086,-0.01811212555458579,0.26969329147666743
2.787811040878296,-1.5047264719032682,0.17679687499912689,0.8469091355800629,1.321384072303772,0.04968033730983734,0.2879360318183899,-1.4643511814329522,5.948943658049714,-0.9600659615062487,6.125891319989702,0.05127423629164696,0.0794200450181961,0.04162329062819481,-1.5856608867645263,-0.059616404771804805,-2.388244539499283,-0.023407524214708337,-0.03352292715284512,-0.01744493055249582,0.2696499789627084
2.7933120727539062,-1.5047264719032682,0.17679687499912689,0.8469091355800629,1.321384072303772,0.04968033730983734,0.2879360318183899,-1.4643511814329522,5.948943658049714,-0.9600659615062487,6.125891319989702,0.05127423629164696,0.0794200450181961,0.04162329062819481,-1.5856608867645263,-0.059616404771804805,-2.388244539499283,-0.023407524214708337,-0.03352292715284512,-0.01744493055249582,0.2696499789627084
2.7985033988952637,-1.522656264307443,0.17556639671238372,0.8527539074420929,1.334764003753662,0.05080588161945343,0.2829729914665222,-1.4979105861114779,6.012145819227307,-0.9215537260663313,6.195271980351671,0.05323489382863045,0.08029870688915253,0.04027188569307327,-1.6017168045043946,-0.060967057943344116,-2.383876007795334,-0.024089130271949522,-0.03384070680757274,-0.016748386189045273,0.26960496995864486
2.804370641708374,-1.522656264307443,0.17556639671238372,0.8527539074420929,1.334764003753662,0.05080588161945343,0.2829729914665222,-1.4979105861114779,6.012145819227307,-0.9215537260663313,6.195271980351671,0.05323489382863045,0.08029870688915253,0.04027188569307327,-1.6017168045043946,-0.060967057943344116,-2.383876007795334,-0.024089130271949522,-0.03384070680757274,-0.016748386189045273,0.26960496995864486
2.8100156784057617,-1.522656264307443,0.17556639671238372,0.8527539074420929,1.334764003753662,0.05080588161945343,0.2829729914665222,-1.4979105861114779,6.012145819227307,-0.9215537260663313,6.195271980351671,0.05323489382863045,0.08029870688915253,0.04027188569307327,-1.6017168045043946,-0.060967057943344116,-2.383876007795334,-0.024089130271949522,-0.03384070680757274,-0.016748386189045273,0.26960496995864486
2.8172953128814697,-1.5408203029655851,0.17430663764389465,0.8585692942142487,1.3482627868652344,0.051831141114234924,0.2779728174209595,-1.5303908735688099,6.075926256205369,-0.8817938948513189,6.264998032546926,0.05464303493499756,0.08094127476215363,0.038995105773210526,-1.6179153442382812,-0.062197369337081906,-2.379343181848526,-0.024764826314075387,-0.03416383264118592,-0.016029277417294565,0.26955770430607784
2.8235018253326416,-1.5591406250023283,0.17302734315308044,0.8643554747104645,1.361881971359253,0.052756890654563904,0.2729647755622864,-1.561662465330655,6.140410639781129,-0.8404995273873597,6.335147205060975,0.05650648474693298,0.08181094378232956,0.03746246546506882,-1.6342583656311034,-0.06330826878547668,-2.374734181165695,-0.025432707066868957,-0.034488513356381076,-0.015282414541880555,0.26950964491355284
2.8296072483062744,-1.5591406250023283,0.17302734315308044,0.8643554747104645,1.361881971359253,0.052756890654563904,0.2729647755622864,-1.561662465330655,6.140410639781129,-0.8404995273873597,6.335147205060975,0.05650648474693298,0.08181094378232956,0.03746246546506882,-1.6342583656311034,-0.06330826878547668,-2.374734181165695,-0.025432707066868957,-0.034488513356381076,-0.015282414541880555,0.26950964491355284
2.8356356620788574,-1.5591406250023283,0.17302734315308044,0.8643554747104645,1.361881971359253,0.052756890654563904,0.2729647755622864,-1.561662465330655,6.140410639781129,-0.8404995273873597,6.335147205060975,0.05650648474693298,0.08181094378232956,0.03746246546506882,-1.6342583656311034,-0.06330826878547668,-2.374734181165695,-0.025432707066868957,-0.034488513356381076,-0.015282414541880555,0.26950964491355284
2.8408186435699463,-1.5776562118553557,0.17171875297935912,0.8701171576976776,1.3756215572357178,0.053584009408950806,0.2679433822631836,-1.5915612426111168,6.205627849103045,-0.7975975905317599,6.4056979577650655,0.05837312340736389,0.08269554376602173,0.0357745885848999,-1.6507458686828613,-0.06430081129074096,-2.3700410306453703,-0.02608944878292056,-0.034814132350615874,-0.014506476662488837,0.2694606586679797
2.8457577228546143,-1.5776562118553557,0.17171875297935912,0.8701171576976776,1.3756215572357178,0.053584009408950806,0.2679433822631836,-1.5915612426111168,6.205627849103045,-0.7975975905317599,6.4056979577650655,0.05837312340736389,0.08269554376602173,0.0357745885848999,-1.6507458686828613,-0.06430081129074096,-2.3700410306453703,-0.02608944878292056,-0.034814132350615874,-0.014506476662488837,0.2694606586679797
2.8517520427703857,-1.5963671827339567,0.17039062738331268,0.8758544623851776,1.3894798755645752,0.054309844970703125,0.262906014919281,-1.6200457218968904,6.271574639488958,-0.7531602153037125,6.476627965505458,0.06011677533388138,0.08353639394044876,0.03401691094040871,-1.6673758506774903,-0.06517181396484374,-2.365256077051163,-0.026734443868599723,-0.03514060047146936,-0.013702768363345438,0.2694106169535361
2.857593536376953,-1.5963671827339567,0.17039062738331268,0.8758544623851776,1.3894798755645752,0.054309844970703125,0.262906014919281,-1.6200457218968904,6.271574639488958,-0.7531602153037125,6.476627965505458,0.06011677533388138,0.08353639394044876,0.03401691094040871,-1.6673758506774903,-0.06517181396484374,-2.365256077051163,-0.026734443868599723,-0.03514060047146936,-0.013702768363345438,0.2694106169535361
2.8636093139648438,-1.5963671827339567,0.17039062738331268,0.8758544623851776,1.3894798755645752,0.054309844970703125,0.262906014919281,-1.6200457218968904,6.271574639488958,-0.7531602153037125,6.476627965505458,0.06011677533388138,0.08353639394044876,0.03401691094040871,-1.6673758506774903,-0.06517181396484374,-2.365256077051163,-0.026734443868599723,-0.03514060047146936,-0.013702768363345438,0.2694106169535361
2.8692567348480225,-1.615273418428842,0.1690429663649411,0.8815625011920929,1.4034600257873535,0.054932549595832825,0.2578510642051697,-1.6470551419747104,6.3382262838526,-0.7072784119717399,6.547887139623743,0.06174781545996666,0.08433853834867477,0.03224385529756546,-1.6841520309448241,-0.06591905951499939,-2.3603656947612763,-0.02736646431715439,-0.03546918895141346,-0.012872935684697238,0.26935928276537546
2.8747947216033936,-1.615273418428842,0.1690429663649411,0.8815625011920929,1.4034600257873535,0.054932549595832825,0.2578510642051697,-1.6470551419747104,6.3382262838526,-0.7072784119717399,6.547887139623743,0.06174781545996666,0.08433853834867477,0.03224385529756546,-1.6841520309448241,-0.06591905951499939,-2.3603656947612763,-0.02736646431715439,-0.03546918895141346,-0.012872935684697238,0.26935928276537546
2.8801748752593994,-1.6343749189400114,0.16767578482540557,0.8872461020946503,1.4175606966018677,0.055448636412620544,0.25277867913246155,-1.6726096389796374,6.405518127369997,-0.6600068434676772,6.619412270485192,0.0633186474442482,0.0851273313164711,0.030474992468953133,-1.7010728359222411,-0.06653836369514465,-2.355379021167755,-0.027986418405062576,-0.03580100388557409,-0.012017967277466101,0.26930678248402534
2.884932279586792,-1.6343749189400114,0.16767578482540557,0.8872461020946503,1.4175606966018677,0.055448636412620544,0.25277867913246155,-1.6726096389796374,6.405518127369997,-0.6600068434676772,6.619412270485192,0.0633186474442482,0.0851273313164711,0.030474992468953133,-1.7010728359222411,-0.06653836369514465,-2.355379021167755,-0.027986418405062576,-0.03580100388557409,-0.012017967277466101,0.26930678248402534
2.8909473419189453,-1.6343749189400114,0.16767578482540557,0.8872461020946503,1.4175606966018677,0.055448636412620544,0.25277867913246155,-1.6726096389796374,6.405518127369997,-0.6600068434676772,6.619412270485192,0.0633186474442482,0.0851273313164711,0.030474992468953133,-1.7010728359222411,-0.06653836369514465,-2.355379021167755,-0.027986418405062576,-0.03580100388557409,-0.012017967277466101,0.26930678248402534
2.8958797454833984,-1.6536718034767546,0.16628905296238372,0.8929052650928497,1.4317827224731445,0.055856019258499146,0.2476864904165268,-1.6966885129939915,6.473510633029968,-0.6113662766593035,6.691250558044484,0.06486537307500839,0.08592189103364944,0.02870294451713562,-1.7181392669677733,-0.06702722311019897,-2.35028894841671,-0.028594217457721872,-0.036134871155188604,-0.011138238737733154,0.2692530223225889
2.901379346847534,-1.6536718034767546,0.16628905296238372,0.8929052650928497,1.4317827224731445,0.055856019258499146,0.2476864904165268,-1.6966885129939915,6.473510633029968,-0.6113662766593035,6.691250558044484,0.06486537307500839,0.08592189103364944,0.02870294451713562,-1.7181392669677733,-0.06702722311019897,-2.35028894841671,-0.028594217457721872,-0.036134871155188604,-0.011138238737733154,0.2692530223225889
2.9071011543273926,-1.6731640720390715,0.1648925757399411,0.8985399901866913,1.4461259841918945,0.056151553988456726,0.2425757348537445,-1.7193126377197558,6.542144065857849,-0.5613645212782461,6.763345086693081,0.06639833748340607,0.08673003315925598,0.026907412335276604,-1.7353511810302733,-0.06738186478614806,-2.345099186897278,-0.029190870443625793,-0.036472091331343826,-0.010233891314752712,0.26919804239373096
2.9125726222991943,-1.6731640720390715,0.1648925757399411,0.8985399901866913,1.4461259841918945,0.056151553988456726,0.2425757348537445,-1.7193126377197558,6.542144065857849,-0.5613645212782461,6.763345086693081,0.06639833748340607,0.08673003315925598,0.026907412335276604,-1.7353511810302733,-0.06738186478614806,-2.345099186897278,-0.029190870443625793,-0.036472091331343826,-0.010233891314752712,0.26919804239373096
2.917365312576294,-1.6731640720390715,0.1648925757399411,0.8985399901866913,1.4461259841918945,0.056151553988456726,0.2425757348537445,-1.7193126377197558,6.542144065857849,-0.5613645212782461,6.763345086693081,0.06639833748340607,0.08673003315925598,0.026907412335276604,-1.7353511810302733,-0.06738186478614806,-2.345099186897278,-0.029190870443625793,-0.036472091331343826,-0.010233891314752712,0.26919804239373096
2.9228079319000244,-1.692851486208383,0.1634863233557553,0.9041503965854645,1.4605913162231445,0.05633498728275299,0.2374449372291565,-1.7403996742126582,6.611479027084222,-0.5100081139453908,6.835729785335679,0.0679124966263771,0.08754931390285492,0.02506672963500023,-1.7527095794677734,-0.06760198473930358,-2.3398055255413057,-0.029774751365080863,-0.036811457952613105,-0.009305043231898987,0.2691417906973996
2.9282209873199463,-1.692851486208383,0.1634863233557553,0.9041503965854645,1.4605913162231445,0.05633498728275299,0.2374449372291565,-1.7403996742126582,6.611479027084222,-0.5100081139453908,6.835729785335679,0.0679124966263771,0.08754931390285492,0.02506672963500023,-1.7527095794677734,-0.06760198473930358,-2.3398055255413057,-0.029774751365080863,-0.036811457952613105,-0.009305043231898987,0.2691417906973996
2.9339640140533447,-1.7127342844032682,0.16206055045040557,0.9097411930561066,1.4751805067062378,0.05640453100204468,0.23229490220546722,-1.7599227962543136,6.681487350214163,-0.4573057130359364,6.908368206010451,0.0694018006324768,0.08837700635194778,0.02316521853208542,-1.7702166080474853,-0.06768543720245361,-2.3344188541173936,-0.03034565275448773,-0.03715369096775715,-0.008351851087260765,0.26908443174785557
2.9386868476867676,-1.7127342844032682,0.16206055045040557,0.9097411930561066,1.4751805067062378,0.05640453100204468,0.23229490220546722,-1.7599227962543136,6.681487350214163,-0.4573057130359364,6.908368206010451,0.0694018006324768,0.08837700635194778,0.02316521853208542,-1.7702166080474853,-0.06768543720245361,-2.3344188541173936,-0.03034565275448773,-0.03715369096775715,-0.008351851087260765,0.26908443174785557
2.943946361541748,-1.7328515672706999,0.16063476264389465,0.9153027236461639,1.4898927211761475,0.05636109411716461,0.2271381914615631,-1.7777724013634983,6.752289339531718,-0.4031324870730671,6.9813489726516735,0.07118670642375946,0.08940832316875458,0.021004745736718178,-1.7878712654113769,-0.06763331294059753,-2.3289594769477846,-0.030901659951689944,-0.037495546035387746,-0.0073720571396141315,0.26902633524128183
2.949326276779175,-1.7328515672706999,0.16063476264389465,0.9153027236461639,1.4898927211761475,0.05636109411716461,0.2271381914615631,-1.7777724013634983,6.752289339531718,-0.4031324870730671,6.9813489726516735,0.07118670642375946,0.08940832316875458,0.021004745736718178,-1.7878712654113769,-0.06763331294059753,-2.3289594769477846,-0.030901659951689944,-0.037495546035387746,-0.0073720571396141315,0.26902633524128183
2.9553468227386475,-1.7328515672706999,0.16063476264389465,0.9153027236461639,1.4898927211761475,0.05636109411716461,0.2271381914615631,-1.7777724013634983,6.752289339531718,-0.4031324870730671,6.9813489726516735,0.07118670642375946,0.08940832316875458,0.021004745736718178,-1.7878712654113769,-0.06763331294059753,-2.3289594769477846,-0.030901659951689944,-0.037495546035387746,-0.0073720571396141315,0.26902633524128183
2.961498737335205,-1.753125014307443,0.15919921457680175,0.920844703912735,1.504728078842163,0.056210994720458984,0.2219756692647934,-1.7936270869402902,6.823944533192092,-0.34732607732315995,7.0546502195656196,0.07294555753469467,0.0904494971036911,0.01857561618089676,-1.8056736946105956,-0.06745319366455078,-2.3234474748373035,-0.031435663016323376,-0.037835269181171326,-0.00636272491800461,0.2689678219219661
2.9667394161224365,-1.753125014307443,0.15919921457680175,0.920844703912735,1.504728078842163,0.056210994720458984,0.2219756692647934,-1.7936270869402902,6.823944533192092,-0.34732607732315995,7.0546502195656196,0.07294555753469467,0.0904494971036911,0.01857561618089676,-1.8056736946105956,-0.06745319366455078,-2.3234474748373035,-0.031435663016323376,-0.037835269181171326,-0.00636272491800461,0.2689678219219661
2.972133159637451,-1.753125014307443,0.15919921457680175,0.920844703912735,1.504728078842163,0.056210994720458984,0.2219756692647934,-1.7936270869402902,6.823944533192092,-0.34732607732315995,7.0546502195656196,0.07294555753469467,0.0904494971036911,0.01857561618089676,-1.8056736946105956,-0.06745319366455078,-2.3234474748373035,-0.031435663016323376,-0.037835269181171326,-0.00636272491800461,0.2689678219219661
2.977588653564453,-1.773632826807443,0.15775390624912689,0.9263671934604645,1.5196880102157593,0.055952608585357666,0.21679924428462982,-1.807439358844726,6.8963921622614635,-0.2900274604214318,7.128202745886324,0.07447335124015808,0.09138131141662598,0.016072459518909454,-1.823625612258911,-0.0671431303024292,-2.3178586810827255,-0.03194655020507884,-0.0381748265806915,-0.005326404170052606,0.2689084727714965
2.983325242996216,-1.773632826807443,0.15775390624912689,0.9263671934604645,1.5196880102157593,0.055952608585357666,0.21679924428462982,-1.807439358844726,6.8963921622614635,-0.2900274604214318,7.128202745886324,0.07447335124015808,0.09138131141662598,0.016072459518909454,-1.823625612258911,-0.0671431303024292,-2.3178586810827255,-0.03194655020507884,-0.0381748265806915,-0.005326404170052606,0.2689084727714965
2.988807201385498,-1.7943359041237272,0.15630858302029083,0.9318700730800629,1.5347732305526733,0.055581867694854736,0.211591437458992,-1.8192504348164864,6.969481511934522,-0.23153543610307836,7.201875214540082,0.0755021795630455,0.09202275425195694,0.013823476620018482,-1.841727876663208,-0.06669824123382569,-2.3121404439210895,-0.032434915540171555,-0.03851859222528839,-0.004268499081439233,0.268847377218224
2.9940991401672363,-1.7943359041237272,0.15630858302029083,0.9318700730800629,1.5347732305526733,0.055581867694854736,0.211591437458992,-1.8192504348164864,6.969481511934522,-0.23153543610307836,7.201875214540082,0.0755021795630455,0.09202275425195694,0.013823476620018482,-1.841727876663208,-0.06669824123382569,-2.3121404439210895,-0.032434915540171555,-0.03851859222528839,-0.004268499081439233,0.268847377218224
2.999544143676758,-1.7943359041237272,0.15630858302029083,0.9318700730800629,1.5347732305526733,0.055581867694854736,0.211591437458992,-1.8192504348164864,6.969481511934522,-0.23153543610307836,7.201875214540082,0.0755021795630455,0.09202275425195694,0.013823476620018482,-1.841727876663208,-0.06669824123382569,-2.3121404439210895,-0.032434915540171555,-0.03851859222528839,-0.004268499081439233,0.268847377218224
3.004578113555908,-1.8152733469032682,0.15486327469261596,0.9373535215854645,1.5499827861785889,0.05508679151535034,0.2063521295785904,-1.8294352563598693,7.043028298710551,-0.17212233699637774,7.275590225135196,0.07642056792974472,0.09262414276599884,0.011885374784469604,-1.8599793434143066,-0.0661041498184204,-2.3062927275896072,-0.0329097843610908,-0.03887060413650481,-0.003193935145453945,0.26878450104333895
3.0102107524871826,-1.8152733469032682,0.15486327469261596,0.9373535215854645,1.5499827861785889,0.05508679151535034,0.2063521295785904,-1.8294352563598693,7.043028298710551,-0.17212233699637774,7.275590225135196,0.07642056792974472,0.09262414276599884,0.011885374784469604,-1.8599793434143066,-0.0661041498184204,-2.3062927275896072,-0.0329097843610908,-0.03887060413650481,-0.003193935145453945,0.26878450104333895
3.014913320541382,-1.836406173708383,0.1534179663649411,0.942817360162735,1.5653175115585327,0.05446639657020569,0.20108744502067566,-1.838008097629196,7.1171547806673905,-0.11172328393638303,7.3494753620890805,0.0774724930524826,0.09334579110145569,0.010031715035438538,-1.8783810138702393,-0.06535967588424682,-2.3003335833549503,-0.03337198789970085,-0.039227850677109356,-0.002101538937180727,0.2687201936806588
3.0200371742248535,-1.836406173708383,0.1534179663649411,0.942817360162735,1.5653175115585327,0.05446639657020569,0.20108744502067566,-1.838008097629196,7.1171547806673905,-0.11172328393638303,7.3494753620890805,0.0774724930524826,0.09334579110145569,0.010031715035438538,-1.8783810138702393,-0.06535967588424682,-2.3003335833549503,-0.03337198789970085,-0.039227850677109356,-0.002101538937180727,0.2687201936806588
3.0253026485443115,-1.836406173708383,0.1534179663649411,0.942817360162735,1.5653175115585327,0.05446639657020569,0.20108744502067566,-1.838008097629196,7.1171547806673905,-0.11172328393638303,7.3494753620890805,0.0774724930524826,0.09334579110145569,0.010031715035438538,-1.8783810138702393,-0.06535967588424682,-2.3003335833549503,-0.03337198789970085,-0.039227850677109356,-0.002101538937180727,0.2687201936806588
3.030996322631836,-1.8577733659767546,0.15197265803726623,0.9482714831829071,1.5807791948318481,0.05372215807437897,0.19581669569015503,-1.844907578536007,7.192015990837781,-0.05010161536207422,7.423671283313577,0.07891721278429031,0.09439616650342941,0.007872417569160461,-1.8969350337982176,-0.06446658968925476,-2.2943387567996982,-0.0338210098158163,-0.039585774992116934,-0.0009870301214355323,0.268655751240148
3.036998748779297,-1.8577733659767546,0.15197265803726623,0.9482714831829071,1.5807791948318481,0.05372215807437897,0.19581669569015503,-1.844907578536007,7.192015990837781,-0.05010161536207422,7.423671283313577,0.07891721278429031,0.09439616650342941,0.007872417569160461,-1.8969350337982176,-0.06446658968925476,-2.2943387567996982,-0.0338210098158163,-0.039585774992116934,-0.0009870301214355323,0.268655751240148
3.0424044132232666,-1.8685155534767546,0.1512499964228482,0.9509911835193634,1.5885591506958008,0.05330674350261688,0.19317740201950073,-1.8476063573815662,7.22979707894042,-0.018758943258171505,7.4609294497443726,0.07962032407522202,0.09491695463657379,0.006655815988779068,-1.906270980834961,-0.06396809220314026,-2.2913163363933564,-0.034037768193719765,-0.03976368942563713,-0.0004201567280819203,0.2686233110031395
3.0472006797790527,-1.8685155534767546,0.1512499964228482,0.9509911835193634,1.5885591506958008,0.05330674350261688,0.19317740201950073,-1.8476063573815662,7.22979707894042,-0.018758943258171505,7.4609294497443726,0.07962032407522202,0.09491695463657379,0.006655815988779068,-1.906270980834961,-0.06396809220314026,-2.2913163363933564,-0.034037768193719765,-0.03976368942563713,-0.0004201567280819203,0.2686233110031395
3.0533978939056396,-1.8685155534767546,0.1512499964228482,0.9509911835193634,1.5885591506958008,0.05330674350261688,0.19317740201950073,-1.8476063573815662,7.22979707894042,-0.018758943258171505,7.4609294497443726,0.07962032407522202,0.09491695463657379,0.006655815988779068,-1.906270980834961,-0.06396809220314026,-2.2913163363933564,-0.034037768193719765,-0.03976368942563713,-0.0004201567280819203,0.2686233110031395
3.05920672416687,-1.8901953125023283,0.14982420861633727,0.956415981054306,1.604210615158081,0.05238640308380127,0.1878729909658432,-1.8515271350971763,7.305815954024742,0.04475517279094102,7.535549244248953,0.0807262659072876,0.0957527607679367,0.004319996573030949,-1.9250527381896971,-0.06286368370056152,-2.2851677387952805,-0.034456027983401895,-0.040122724118246564,0.0007285794859605821,0.2685570225951295
3.064310073852539,-1.8901953125023283,0.14982420861633727,0.956415981054306,1.604210615158081,0.05238640308380127,0.1878729909658432,-1.8515271350971763,7.305815954024742,0.04475517279094102,7.535549244248953,0.0807262659072876,0.0957527607679367,0.004319996573030949,-1.9250527381896971,-0.06286368370056152,-2.2851677387952805,-0.034456027983401895,-0.040122724118246564,0.0007285794859605821,0.2685570225951295
3.0691847801208496,-1.9121093177818693,0.14839843571098754,0.9618261754512787,1.6199907064437866,0.05134786665439606,0.18255078792572021,-1.8534260690582987,7.3825060175347526,0.10939143396029902,7.61035890751665,0.08174213767051697,0.09655061364173889,0.0019142311066389084,-1.9439888477325438,-0.06161743998527527,-2.2789394795894626,-0.03485285556017204,-0.040484683926150476,0.0018976111684311048,0.26848983598892645
3.074732542037964,-1.9121093177818693,0.14839843571098754,0.9618261754512787,1.6199907064437866,0.05134786665439606,0.18255078792572021,-1.8534260690582987,7.3825060175347526,0.10939143396029902,7.61035890751665,0.08174213767051697,0.09655061364173889,0.0019142311066389084,-1.9439888477325438,-0.06161743998527527,-2.2789394795894626,-0.03485285556017204,-0.040484683926150476,0.0018976111684311048,0.26848983598892645
3.081495761871338,-1.934218707086984,0.14699218332680175,0.9672216475009918,1.6358987092971802,0.05018201470375061,0.1771833896636963,-1.8535559319133033,7.459653978236505,0.1747905668032687,7.685224894791457,0.08243000507354736,0.09710864722728729,-9.385496377944946e-05,-1.9630784511566162,-0.06021841764450073,-2.2725491344928743,-0.035233828285598214,-0.04085575748349931,0.003080440387144923,0.26842034945611876
3.087054491043091,-1.934218707086984,0.14699218332680175,0.9672216475009918,1.6358987092971802,0.05018201470375061,0.1771833896636963,-1.8535559319133033,7.459653978236505,0.1747905668032687,7.685224894791457,0.08243000507354736,0.09710864722728729,-9.385496377944946e-05,-1.9630784511566162,-0.06021841764450073,-2.2725491344928743,-0.035233828285598214,-0.04085575748349931,0.003080440387144923,0.26842034945611876
3.092634916305542,-1.934218707086984,0.14699218332680175,0.9672216475009918,1.6358987092971802,0.05018201470375061,0.1771833896636963,-1.8535559319133033,7.459653978236505,0.1747905668032687,7.685224894791457,0.08243000507354736,0.09710864722728729,-9.385496377944946e-05,-1.9630784511566162,-0.06021841764450073,-2.2725491344928743,-0.035233828285598214,-0.04085575748349931,0.003080440387144923,0.26842034945611876
3.0986008644104004,-1.9565624618553557,0.14559570610435912,0.972602516412735,1.6519361734390259,0.0488927960395813,0.17181473970413208,-1.8518207344352042,7.5374740007847425,0.24125791239550415,7.760345214024938,0.08348385244607925,0.09802738577127457,-0.0023979349061846733,-1.982323408126831,-0.05867135524749756,-2.266128748655319,-0.03559766476762912,-0.041228872336786175,0.0042825896365186675,0.2683508041253448
3.104490041732788,-1.9565624618553557,0.14559570610435912,0.972602516412735,1.6519361734390259,0.0488927960395813,0.17181473970413208,-1.8518207344352042,7.5374740007847425,0.24125791239550415,7.760345214024938,0.08348385244607925,0.09802738577127457,-0.0023979349061846733,-1.982323408126831,-0.05867135524749756,-2.266128748655319,-0.03559766476762912,-0.041228872336786175,0.0042825896365186675,0.2683508041253448
3.11044979095459,-1.979140582086984,0.14420897424133727,0.9779687225818634,1.6681039333343506,0.047487348318099976,0.16643618047237396,-1.8479544491680067,7.616119920637097,0.30888485261722193,7.83582041893222,0.08458922058343887,0.09903989732265472,-0.004962394014000893,-2.0017247200012207,-0.05698481798171997,-2.259652242064476,-0.03593812400811761,-0.04160100649550686,0.005505711677884622,0.26828082570488837
3.1157894134521484,-1.979140582086984,0.14420897424133727,0.9779687225818634,1.6681039333343506,0.047487348318099976,0.16643618047237396,-1.8479544491680067,7.616119920637097,0.30888485261722193,7.83582041893222,0.08458922058343887,0.09903989732265472,-0.004962394014000893,-2.0017247200012207,-0.05698481798171997,-2.259652242064476,-0.03593812400811761,-0.04160100649550686,0.005505711677884622,0.26828082570488837
3.1214795112609863,-1.979140582086984,0.14420897424133727,0.9779687225818634,1.6681039333343506,0.047487348318099976,0.16643618047237396,-1.8479544491680067,7.616119920637097,0.30888485261722193,7.83582041893222,0.08458922058343887,0.09903989732265472,-0.004962394014000893,-2.0017247200012207,-0.05698481798171997,-2.259652242064476,-0.03593812400811761,-0.04160100649550686,0.005505711677884622,0.26828082570488837
3.1269619464874268,-2.0019530677818693,0.14284179270180175,0.9833251535892487,1.6844024658203125,0.045968517661094666,0.16104796528816223,-1.8418339216673671,7.695494829491422,0.3776714768574869,7.911546784302669,0.0856124609708786,0.10002882778644562,-0.0076972199603915215,-2.021282958984375,-0.0551622211933136,-2.253129172325134,-0.036252351536603125,-0.04197415452556585,0.00674980812796221,0.26821052438530646
3.1324269771575928,-2.0019530677818693,0.14284179270180175,0.9833251535892487,1.6844024658203125,0.045968517661094666,0.16104796528816223,-1.8418339216673671,7.695494829491422,0.3776714768574869,7.911546784302669,0.0856124609708786,0.10002882778644562,-0.0076972199603915215,-2.021282958984375,-0.0551622211933136,-2.253129172325134,-0.036252351536603125,-0.04197415452556585,0.00674980812796221,0.26821052438530646
3.1383705139160156,-2.0249609375023283,0.14149413168343017,0.9886718094348907,1.7008322477340698,0.04433809220790863,0.155647873878479,-1.8333770321513476,7.77560458242361,0.4474956394879621,7.987530145211093,0.08652146905660629,0.1009649932384491,-0.010508697479963303,-2.040998697280884,-0.053205710649490354,-2.2465528786182407,-0.036538059682816024,-0.042348332226808776,0.008012669822625188,0.26813979716720876
3.1439321041107178,-2.0249609375023283,0.14149413168343017,0.9886718094348907,1.7008322477340698,0.04433809220790863,0.155647873878479,-1.8333770321513476,7.77560458242361,0.4474956394879621,7.987530145211093,0.08652146905660629,0.1009649932384491,-0.010508697479963303,-2.040998697280884,-0.053205710649490354,-2.2465528786182407,-0.036538059682816024,-0.042348332226808776,0.008012669822625188,0.26813979716720876
3.1487226486206055,-2.048203172686044,0.14017578124912689,0.9940088093280792,1.7173948287963867,0.04259772598743439,0.15023432672023773,-1.822522583537702,7.856444245694514,0.5183269784716869,8.063774889968187,0.08733449131250381,0.10186915844678879,-0.01332983747124672,-2.060873794555664,-0.051117271184921265,-2.239918836951256,-0.036793778210345886,-0.04272382092677095,0.009293747624554866,0.2680685751832046
3.1546146869659424,-2.048203172686044,0.14017578124912689,0.9940088093280792,1.7173948287963867,0.04259772598743439,0.15023432672023773,-1.822522583537702,7.856444245694514,0.5183269784716869,8.063774889968187,0.08733449131250381,0.10186915844678879,-0.01332983747124672,-2.060873794555664,-0.051117271184921265,-2.239918836951256,-0.036793778210345886,-0.04272382092677095,0.009293747624554866,0.2680685751832046
3.160968065261841,-2.048203172686044,0.14017578124912689,0.9940088093280792,1.7173948287963867,0.04259772598743439,0.15023432672023773,-1.822522583537702,7.856444245694514,0.5183269784716869,8.063774889968187,0.08733449131250381,0.10186915844678879,-0.01332983747124672,-2.060873794555664,-0.051117271184921265,-2.239918836951256,-0.036793778210345886,-0.04272382092677095,0.009293747624554866,0.2680685751832046
3.1663167476654053,-2.0716795349144377,0.13887695133598754,0.999335914850235,1.734092354774475,0.040749698877334595,0.1448248028755188,-1.8092225152636192,7.93801885064959,0.5901653840080842,8.140298269319215,0.08821862190961838,0.10298722237348557,-0.01638796739280224,-2.08091082572937,-0.04889963865280151,-2.2332790553569795,-0.03701836336891981,-0.04309981177984271,0.010593039547863909,0.2679977169778899
3.1718037128448486,-2.0716795349144377,0.13887695133598754,0.999335914850235,1.734092354774475,0.040749698877334595,0.1448248028755188,-1.8092225152636192,7.93801885064959,0.5901653840080842,8.140298269319215,0.08821862190961838,0.10298722237348557,-0.01638796739280224,-2.08091082572937,-0.04889963865280151,-2.2332790553569795,-0.03701836336891981,-0.04309981177984271,0.010593039547863909,0.2679977169778899
3.1772987842559814,-2.095390501024667,0.1376074171057553,1.0046532452106476,1.750923991203308,0.03879977762699127,0.13939999043941498,-1.7932788412183371,8.020384230972661,0.6630107121952247,8.217139542454888,0.08889852464199066,0.10390032082796097,-0.019431905820965767,-2.084668096822901,-0.046195413958103546,-2.2265758126974107,-0.03722513579807462,-0.041722160995604364,0.011910542989896404,0.2679263047567722
3.183882713317871,-2.095390501024667,0.1376074171057553,1.0046532452106476,1.750923991203308,0.03879977762699127,0.13939999043941498,-1.7932788412183371,8.020384230972661,0.6630107121952247,8.217139542454888,0.08889852464199066,0.10390032082796097,-0.019431905820965767,-2.084668096822901,-0.046195413958103546,-2.2265758126974107,-0.03722513579807462,-0.041722160995604364,0.011910542989896404,0.2679263047567722
3.1887080669403076,-2.095390501024667,0.1376074171057553,1.0046532452106476,1.750923991203308,0.03879977762699127,0.13939999043941498,-1.7932788412183371,8.020384230972661,0.6630107121952247,8.217139542454888,0.08889852464199066,0.10390032082796097,-0.019431905820965767,-2.084668096822901,-0.046195413958103546,-2.2265758126974107,-0.03722513579807462,-0.041722160995604364,0.011910542989896404,0.2679263047567722
3.1941938400268555,-2.1193358325981535,0.13636717855843017,1.0099658071994781,1.7678923606872559,0.03674100339412689,0.13394932448863983,-1.774916999007512,8.103363885381038,0.736649763718303,8.294202861270529,0.08942901343107224,0.1047002300620079,-0.022209877148270607,-2.0847297137563454,-0.04332563632956889,-2.2197864264249803,-0.037395334292204006,-0.039936711816336186,0.013242401961008933,0.2678539244224902
3.199890613555908,-2.1193358325981535,0.13636717855843017,1.0099658071994781,1.7678923606872559,0.03674100339412689,0.13394932448863983,-1.774916999007512,8.103363885381038,0.736649763718303,8.294202861270529,0.08942901343107224,0.1047002300620079,-0.022209877148270607,-2.0847297137563454,-0.04332563632956889,-2.2197864264249803,-0.037395334292204006,-0.039936711816336186,0.013242401961008933,0.2678539244224902
3.2050979137420654,-2.1435546302818693,0.1351660108557553,1.015268474817276,1.7849938869476318,0.03456920385360718,0.12852028012275696,-1.7543286339640174,8.185607417328693,0.8110514785834106,8.370237130283064,0.08992130309343338,0.10332191735506058,-0.024849537760019302,-2.0847889420781365,-0.040375204899824685,-2.2130440950393675,-0.0375282115586734,-0.0381659044034514,0.014588054700414155,0.2677821196026241
3.2102394104003906,-2.1435546302818693,0.1351660108557553,1.015268474817276,1.7849938869476318,0.03456920385360718,0.12852028012275696,-1.7543286339640174,8.185607417328693,0.8110514785834106,8.370237130283064,0.08992130309343338,0.10332191735506058,-0.024849537760019302,-2.0847889420781365,-0.040375204899824685,-2.2130440950393675,-0.0375282115586734,-0.0381659044034514,0.014588054700414155,0.2677821196026241
3.216057300567627,-2.168007793428842,0.13399413883598754,1.0205712616443634,1.802221655845642,0.032289206981658936,0.12320607900619507,-1.731465019687118,8.264921847125164,0.8861857121201413,8.443109152091564,0.0904659703373909,0.0986233577132225,-0.027759302407503128,-2.084845284311398,-0.03735278659620768,-2.2066465079784394,-0.037621689281097055,-0.03645473538199785,0.01594695600215316,0.26771464780740073
3.2209577560424805,-2.168007793428842,0.13399413883598754,1.0205712616443634,1.802221655845642,0.032289206981658936,0.12320607900619507,-1.731465019687118,8.264921847125164,0.8861857121201413,8.443109152091564,0.0904659703373909,0.0986233577132225,-0.027759302407503128,-2.084845284311398,-0.03735278659620768,-2.2066465079784394,-0.037621689281097055,-0.03645473538199785,0.01594695600215316,0.26771464780740073
3.2265849113464355,-2.168007793428842,0.13399413883598754,1.0205712616443634,1.802221655845642,0.032289206981658936,0.12320607900619507,-1.731465019687118,8.264921847125164,0.8861857121201413,8.443109152091564,0.0904659703373909,0.0986233577132225,-0.027759302407503128,-2.084845284311398,-0.03735278659620768,-2.2066465079784394,-0.037621689281097055,-0.03645473538199785,0.01594695600215316,0.26771464780740073
3.2322819232940674,-2.1926953220390715,0.13285156249912689,1.0258642733097076,1.8195651769638062,0.029915452003479004,0.11806422472000122,-1.7059721310846456,8.339660994080107,0.9621439369648501,8.511151492329416,0.09093137085437775,0.09289679676294327,-0.03103327378630638,-2.0848981086458576,-0.03427778795229161,-2.2007483661174776,-0.03766624599070171,-0.03483833907306996,0.01732076026900354,0.26765314126606354
3.238057851791382,-2.1926953220390715,0.13285156249912689,1.0258642733097076,1.8195651769638062,0.029915452003479004,0.11806422472000122,-1.7059721310846456,8.339660994080107,0.9621439369648501,8.511151492329416,0.09093137085437775,0.09289679676294327,-0.03103327378630638,-2.0848981086458576,-0.03427778795229161,-2.2007483661174776,-0.03766624599070171,-0.03483833907306996,0.01732076026900354,0.26765314126606354
3.2439396381378174,-2.1926953220390715,0.13285156249912689,1.0258642733097076,1.8195651769638062,0.029915452003479004,0.11806422472000122,-1.7059721310846456,8.339660994080107,0.9621439369648501,8.511151492329416,0.09093137085437775,0.09289679676294327,-0.03103327378630638,-2.0848981086458576,-0.03427778795229161,-2.2007483661174776,-0.03766624599070171,-0.03483833907306996,0.01732076026900354,0.26765314126606354
3.2498998641967773,-2.217617216112558,0.1317480421057553,1.0311571657657623,1.8370137214660645,0.027453690767288208,0.11307266354560852,-1.6777263922930914,8.410126109731719,1.0388042476260642,8.5746562994398,0.09123387932777405,0.08787371963262558,-0.03443499654531479,-2.0849470514963016,-0.031158989695660902,-2.195300889015198,-0.03765774593525453,-0.0333104809199853,0.018707262680029216,0.26759690118326773
3.255467176437378,-2.217617216112558,0.1317480421057553,1.0311571657657623,1.8370137214660645,0.027453690767288208,0.11307266354560852,-1.6777263922930914,8.410126109731719,1.0388042476260642,8.5746562994398,0.09123387932777405,0.08787371963262558,-0.03443499654531479,-2.0849470514963016,-0.031158989695660902,-2.195300889015198,-0.03765774593525453,-0.0333104809199853,0.018707262680029216,0.26759690118326773
3.26110577583313,-2.242773475649301,0.13070312797935912,1.0364501774311066,1.8545606136322021,0.024901270866394043,0.10816678404808044,-1.6468365694701312,8.477536786614762,1.1160440933470694,8.634864898753907,0.09137239307165146,0.08479179441928864,-0.03750085458159447,-2.084991931476757,-0.027995282795456492,-2.190110671520233,-0.03759821416640968,-0.031846467179887324,0.020104246743826184,0.26754336921183586
3.2668933868408203,-2.242773475649301,0.13070312797935912,1.0364501774311066,1.8545606136322021,0.024901270866394043,0.10816678404808044,-1.6468365694701312,8.477536786614762,1.1160440933470694,8.634864898753907,0.09137239307165146,0.08479179441928864,-0.03750085458159447,-2.084991931476757,-0.027995282795456492,-2.190110671520233,-0.03759821416640968,-0.031846467179887324,0.020104246743826184,0.26754336921183586
3.272193670272827,-2.242773475649301,0.13070312797935912,1.0364501774311066,1.8545606136322021,0.024901270866394043,0.10816678404808044,-1.6468365694701312,8.477536786614762,1.1160440933470694,8.634864898753907,0.09137239307165146,0.08479179441928864,-0.03750085458159447,-2.084991931476757,-0.027995282795456492,-2.190110671520233,-0.03759821416640968,-0.031846467179887324,0.020104246743826184,0.26754336921183586
3.2778589725494385,-2.2682029628776945,0.12969726979645202,1.0417383015155792,1.872205376625061,0.022246867418289185,0.10330712795257568,-1.6137072452604655,8.542847264974098,1.193680957420303,8.692810460709554,0.091397725045681,0.08237409591674805,-0.040152255445718765,-2.085032673207366,-0.024775831766524606,-2.1850503265857695,-0.0374969707451842,-0.030426783236283894,0.021508411406003642,0.2674909733695119
3.283413887023926,-2.2682029628776945,0.12969726979645202,1.0417383015155792,1.872205376625061,0.022246867418289185,0.10330712795257568,-1.6137072452604655,8.542847264974098,1.193680957420303,8.692810460709554,0.091397725045681,0.08237409591674805,-0.040152255445718765,-2.085032673207366,-0.024775831766524606,-2.1850503265857695,-0.0374969707451842,-0.030426783236283894,0.021508411406003642,0.2674909733695119
3.2892277240753174,-2.293867053987924,0.128730467557034,1.0470214188098907,1.8899389505386353,0.019489116966724396,0.09850236773490906,-1.578459900679476,8.605986127737241,1.2716225401893175,8.748472819824324,0.09132800251245499,0.07964005321264267,-0.042670704424381256,-2.0850690118229127,-0.021501305025502456,-2.1801456570625306,-0.03735628170501712,-0.029052287383926765,0.02291808730603981,0.2674401019499711
3.294924020767212,-2.293867053987924,0.128730467557034,1.0470214188098907,1.8899389505386353,0.019489116966724396,0.09850236773490906,-1.578459900679476,8.605986127737241,1.2716225401893175,8.748472819824324,0.09132800251245499,0.07964005321264267,-0.042670704424381256,-2.0850690118229127,-0.021501305025502456,-2.1801456570625306,-0.03735628170501712,-0.029052287383926765,0.02291808730603981,0.2674401019499711
3.3003783226013184,-2.319804611208383,0.12782225668343017,1.0523046553134918,1.907759666442871,0.016631074249744415,0.09377017617225647,-1.5411019078927206,8.666562435274972,1.3498085468521506,8.801487025487114,0.09116566926240921,0.07645951211452484,-0.0452754907310009,-2.085100641369633,-0.018177060871334083,-2.1754589080810547,-0.03717547568437173,-0.027730954307093953,0.024332183933244537,0.2673915566524998
3.3052725791931152,-2.319804611208383,0.12782225668343017,1.0523046553134918,1.907759666442871,0.016631074249744415,0.09377017617225647,-1.5411019078927206,8.666562435274972,1.3498085468521506,8.801487025487114,0.09116566926240921,0.07645951211452484,-0.0452754907310009,-2.085100641369633,-0.018177060871334083,-2.1754589080810547,-0.03717547568437173,-0.027730954307093953,0.024332183933244537,0.2673915566524998
3.310795307159424,-2.319804611208383,0.12782225668343017,1.0523046553134918,1.907759666442871,0.016631074249744415,0.09377017617225647,-1.5411019078927206,8.666562435274972,1.3498085468521506,8.801487025487114,0.09116566926240921,0.07645951211452484,-0.0452754907310009,-2.085100641369633,-0.018177060871334083,-2.1754589080810547,-0.03717547568437173,-0.027730954307093953,0.024332183933244537,0.2673915566524998
3.3168017864227295,-2.345976533892099,0.12696289181621978,1.057587891817093,1.9256609678268433,0.01368357241153717,0.08914285898208618,-1.5014288440782384,8.724119674600486,1.4281472517733462,8.851390283763752,0.09080412983894348,0.07233624160289764,-0.048379383981227875,-2.085127227493823,-0.014816725208320825,-2.171086782217026,-0.03694822890789948,-0.026471500191363274,0.02574904230902003,0.2673466467716654
3.3225595951080322,-2.345976533892099,0.12696289181621978,1.057587891817093,1.9256609678268433,0.01368357241153717,0.08914285898208618,-1.5014288440782384,8.724119674600486,1.4281472517733462,8.851390283763752,0.09080412983894348,0.07233624160289764,-0.048379383981227875,-2.085127227493823,-0.014816725208320825,-2.171086782217026,-0.03694822890789948,-0.026471500191363274,0.02574904230902003,0.2673466467716654
3.3281006813049316,-2.3591405773186125,0.12655273735435912,1.0602294504642487,1.9346386194229126,0.012183479964733124,0.0868736207485199,-1.4805471207579344,8.751615900041289,1.4673929757493844,8.875006199826723,0.09059994667768478,0.07039690762758255,-0.050091154873371124,-2.085138523020298,-0.013131260362459266,-2.169033873081207,-0.03681249043605573,-0.025868133854994833,0.026458852776077808,0.2673257046744285
3.333559989929199,-2.3591405773186125,0.12655273735435912,1.0602294504642487,1.9346386194229126,0.012183479964733124,0.0868736207485199,-1.4805471207579344,8.751615900041289,1.4673929757493844,8.875006199826723,0.09059994667768478,0.07039690762758255,-0.050091154873371124,-2.085138523020298,-0.013131260362459266,-2.169033873081207,-0.03681249043605573,-0.025868133854994833,0.026458852776077808,0.2673257046744285
3.338731288909912,-2.3857030296348967,0.12577148437412689,1.0655126869678497,1.9526481628417969,0.009126231074333191,0.08237957954406738,-1.4368441136214953,8.804810800193577,1.5459453758570731,8.920366069870056,0.09023026376962662,0.0674949437379837,-0.05331248790025711,-2.0851570958767804,-0.009745547531492902,-2.165061575174332,-0.03650020462757021,-0.024698961275418055,0.027879576109987838,0.26728508926483335
3.3438503742218018,-2.3857030296348967,0.12577148437412689,1.0655126869678497,1.9526481628417969,0.009126231074333191,0.08237957954406738,-1.4368441136214953,8.804810800193577,1.5459453758570731,8.920366069870056,0.09023026376962662,0.0674949437379837,-0.05331248790025711,-2.0851570958767804,-0.009745547531492902,-2.165061575174332,-0.03650020462757021,-0.024698961275418055,0.027879576109987838,0.26728508926483335
3.3498950004577637,-2.3857030296348967,0.12577148437412689,1.0655126869678497,1.9526481628417969,0.009126231074333191,0.08237957954406738,-1.4368441136214953,8.804810800193577,1.5459453758570731,8.920366069870056,0.09023026376962662,0.0674949437379837,-0.05331248790025711,-2.0851570958767804,-0.009745547531492902,-2.165061575174332,-0.03650020462757021,-0.024698961275418055,0.027879576109987838,0.26728508926483335
3.355578899383545,-2.4124998474144377,0.12504882275970886,1.0707959234714508,1.9707220792770386,0.005997464060783386,0.07795605063438416,-1.390531988033927,8.85565037536262,1.6245583298510269,8.963298053444644,0.08976472914218903,0.06491167843341827,-0.056498486548662186,-2.085170214031876,-0.0063457620690279765,-2.161300814151764,-0.036132312281229706,-0.023578135422383826,0.029301394640467802,0.26724673374538854
3.3605432510375977,-2.4124998474144377,0.12504882275970886,1.0707959234714508,1.9707220792770386,0.005997464060783386,0.07795605063438416,-1.390531988033927,8.85565037536262,1.6245583298510269,8.963298053444644,0.08976472914218903,0.06491167843341827,-0.056498486548662186,-2.085170214031876,-0.0063457620690279765,-2.161300814151764,-0.036132312281229706,-0.023578135422383826,0.029301394640467802,0.26724673374538854
3.366323232650757,-2.4124998474144377,0.12504882275970886,1.0707959234714508,1.9707220792770386,0.005997464060783386,0.07795605063438416,-1.390531988033927,8.85565037536262,1.6245583298510269,8.963298053444644,0.08976472914218903,0.06491167843341827,-0.056498486548662186,-2.085170214031876,-0.0063457620690279765,-2.161300814151764,-0.036132312281229706,-0.023578135422383826,0.029301394640467802,0.26724673374538854
3.371600866317749,-2.4395703697227873,0.12438475996168563,1.0760790407657623,1.9888594150543213,0.0027976706624031067,0.07359012961387634,-1.3416994700965246,8.904416931784601,1.7031714492431542,9.004126399348445,0.08917135745286942,0.06247244030237198,-0.05952998995780945,-2.0851778069892744,-0.002933158941427043,-2.1577126622200016,-0.035710384128096885,-0.022499995467140696,0.030723216162391126,0.26721016053314195
3.376816987991333,-2.4395703697227873,0.12438475996168563,1.0760790407657623,1.9888594150543213,0.0027976706624031067,0.07359012961387634,-1.3416994700965246,8.904416931784601,1.7031714492431542,9.004126399348445,0.08917135745286942,0.06247244030237198,-0.05952998995780945,-2.0851778069892744,-0.002933158941427043,-2.1577126622200016,-0.035710384128096885,-0.022499995467140696,0.030723216162391126,0.26721016053314195
3.3816030025482178,-2.4668750190758146,0.12378905624063918,1.0813622772693634,2.0070559978485107,-0.000473707914352417,0.06928551197052002,-1.2904764763166263,8.951080538208572,1.7816326353231278,9.042875522904898,0.08841156959533691,0.059956274926662445,-0.06248943507671356,-2.085179811904361,0.0004921467965048452,-2.154308634996414,-0.035236664011420116,-0.021465014967205473,0.03214228977080091,0.26717555678204535
3.3867061138153076,-2.4668750190758146,0.12378905624063918,1.0813622772693634,2.0070559978485107,-0.000473707914352417,0.06928551197052002,-1.2904764763166263,8.951080538208572,1.7816326353231278,9.042875522904898,0.08841156959533691,0.059956274926662445,-0.06248943507671356,-2.085179811904361,0.0004921467965048452,-2.154308634996414,-0.035236664011420116,-0.021465014967205473,0.03214228977080091,0.26717555678204535
3.392747163772583,-2.4668750190758146,0.12378905624063918,1.0813622772693634,2.0070559978485107,-0.000473707914352417,0.06928551197052002,-1.2904764763166263,8.951080538208572,1.7816326353231278,9.042875522904898,0.08841156959533691,0.059956274926662445,-0.06248943507671356,-2.085179811904361,0.0004921467965048452,-2.154308634996414,-0.035236664011420116,-0.021465014967205473,0.03214228977080091,0.26717555678204535
3.3983912467956543,-2.4944531345390715,0.12326171904715011,1.086650401353836,2.0253069400787354,-0.0038250982761383057,0.06501355767250061,-1.23718414846802,8.996063249872336,1.8599406132008707,9.080043118419889,0.08777164667844772,0.05809010565280914,-0.06495726108551025,-2.085176151071278,0.00393817033017098,-2.1510113954544066,-0.03471908036420883,-0.020464763175010225,0.03355859240763553,0.2671419172866271
3.4037654399871826,-2.4944531345390715,0.12326171904715011,1.086650401353836,2.0253069400787354,-0.0038250982761383057,0.06501355767250061,-1.23718414846802,8.996063249872336,1.8599406132008707,9.080043118419889,0.08777164667844772,0.05809010565280914,-0.06495726108551025,-2.085176151071278,0.00393817033017098,-2.1510113954544066,-0.03471908036420883,-0.020464763175010225,0.03355859240763553,0.2671419172866271
3.408637523651123,-2.522265615465585,0.12279296576889465,1.0919432938098907,2.043609619140625,-0.0072441548109054565,0.06082001328468323,-1.1816380110615219,9.0388182941173,1.9377909432740523,9.115091810774539,0.08662357926368713,0.05531931295990944,-0.06783939898014069,-2.085166769448743,0.007391465935061679,-2.147957968711853,-0.03415090605120162,-0.019509490333947995,0.034966617882808256,0.26711117664150463
3.413980484008789,-2.522265615465585,0.12279296576889465,1.0919432938098907,2.043609619140625,-0.0072441548109054565,0.06082001328468323,-1.1816380110615219,9.0388182941173,1.9377909432740523,9.115091810774539,0.08662357926368713,0.05531931295990944,-0.06783939898014069,-2.085166769448743,0.007391465935061679,-2.147957968711853,-0.03415090605120162,-0.019509490333947995,0.034966617882808256,0.26711117664150463
3.420424461364746,-2.522265615465585,0.12279296576889465,1.0919432938098907,2.043609619140625,-0.0072441548109054565,0.06082001328468323,-1.1816380110615219,9.0388182941173,1.9377909432740523,9.115091810774539,0.08662357926368713,0.05531931295990944,-0.06783939898014069,-2.085166769448743,0.007391465935061679,-2.147957968711853,-0.03415090605120162,-0.019509490333947995,0.034966617882808256,0.26711117664150463
3.425889015197754,-2.5503515625023283,0.12240233927877853,1.097236305475235,2.0619585514068604,-0.01071772351861,0.056709110736846924,-1.1236056839073407,9.079161512408922,2.0150612321547,9.147845879517872,0.08531229197978973,0.052505843341350555,-0.07101523876190186,-2.08515170237513,0.010838277726372175,-2.145152682065964,-0.0335250922366971,-0.01860339027409274,0.03636415255113391,0.2670832971800258
3.431492805480957,-2.5503515625023283,0.12240233927877853,1.097236305475235,2.0619585514068604,-0.01071772351861,0.056709110736846924,-1.1236056839073407,9.079161512408922,2.0150612321547,9.147845879517872,0.08531229197978973,0.052505843341350555,-0.07101523876190186,-2.08515170237513,0.010838277726372175,-2.145152682065964,-0.0335250922366971,-0.01860339027409274,0.03636415255113391,0.2670832971800258
3.4370343685150146,-2.578710975649301,0.12208007186563918,1.1025293171405792,2.0803511142730713,-0.014234356582164764,0.05267363786697388,-1.062909893788445,9.117247420316842,2.091721521853859,9.178476571881697,0.08395428955554962,0.049966681748628616,-0.0743408203125,-2.085131060896196,0.01426706234236575,-2.1425736844539642,-0.03283639013787235,-0.017743462601139997,0.0377506545830335,0.26705800407934194
3.443066358566284,-2.578710975649301,0.12208007186563918,1.1025293171405792,2.0803511142730713,-0.014234356582164764,0.05267363786697388,-1.062909893788445,9.117247420316842,2.091721521853859,9.178476571881697,0.08395428955554962,0.049966681748628616,-0.0743408203125,-2.085131060896196,0.01426706234236575,-2.1425736844539642,-0.03283639013787235,-0.017743462601139997,0.0377506545830335,0.26705800407934194
3.448672294616699,-2.6073045158409514,0.12182617098005721,1.107822209596634,2.0987837314605713,-0.017788320779800415,0.04870337247848511,-0.9995369240282254,9.15332081628479,2.167710310114858,9.207271213819986,0.08254090696573257,0.04772233963012695,-0.07767457515001297,-2.0851049798403216,0.017672386003843823,-2.1401900947093964,-0.0320836870196,-0.016924711131903324,0.03912501162941196,0.2670349409613938
3.454258441925049,-2.6073045158409514,0.12182617098005721,1.107822209596634,2.0987837314605713,-0.017788320779800415,0.04870337247848511,-0.9995369240282254,9.15332081628479,2.167710310114858,9.207271213819986,0.08254090696573257,0.04772233963012695,-0.07767457515001297,-2.0851049798403216,0.017672386003843823,-2.1401900947093964,-0.0320836870196,-0.016924711131903324,0.03912501162941196,0.2670349409613938
3.4599030017852783,-2.6073045158409514,0.12182617098005721,1.107822209596634,2.0987837314605713,-0.017788320779800415,0.04870337247848511,-0.9995369240282254,9.15332081628479,2.167710310114858,9.207271213819986,0.08254090696573257,0.04772233963012695,-0.07767457515001297,-2.0851049798403216,0.017672386003843823,-2.1401900947093964,-0.0320836870196,-0.016924711131903324,0.03912501162941196,0.2670349409613938
3.4650955200195312,-2.6361717605614103,0.12165038943203399,1.1131152212619781,2.117252826690674,-0.02137705124914646,0.04479050636291504,-0.9335619465387446,9.187561093820575,2.242967069110807,9.234463862406377,0.08101528882980347,0.04567250981926918,-0.08092033118009567,-2.085073595138154,0.02105215047518855,-2.137978917360306,-0.03126817887247741,-0.01614350318605838,0.04048612896501745,0.2670138531760208
3.470831871032715,-2.6361717605614103,0.12165038943203399,1.1131152212619781,2.117252826690674,-0.02137705124914646,0.04479050636291504,-0.9335619465387446,9.187561093820575,2.242967069110807,9.234463862406377,0.08101528882980347,0.04567250981926918,-0.08092033118009567,-2.085073595138154,0.02105215047518855,-2.137978917360306,-0.03126817887247741,-0.01614350318605838,0.04048612896501745,0.2670138531760208
3.4765143394470215,-2.665312471392099,0.12155273467215011,1.118417888879776,2.135755777359009,-0.024998050183057785,0.04093167185783386,-0.8650663643417699,9.220030916928474,2.317368712104997,9.260175128111255,0.07933416962623596,0.04372277483344078,-0.08403865247964859,-2.085037053609835,0.0244044105848682,-2.1359472155570987,-0.03039096170506179,-0.015398263302234719,0.04183178040454272,0.2669949161033764
3.482022762298584,-2.665312471392099,0.12155273467215011,1.118417888879776,2.135755777359009,-0.024998050183057785,0.04093167185783386,-0.8650663643417699,9.220030916928474,2.317368712104997,9.260175128111255,0.07933416962623596,0.04372277483344078,-0.08403865247964859,-2.085037053609835,0.0244044105848682,-2.1359472155570987,-0.03039096170506179,-0.015398263302234719,0.04183178040454272,0.2669949161033764
3.487793445587158,-2.665312471392099,0.12155273467215011,1.118417888879776,2.135755777359009,-0.024998050183057785,0.04093167185783386,-0.8650663643417699,9.220030916928474,2.317368712104997,9.260175128111255,0.07933416962623596,0.04372277483344078,-0.08403865247964859,-2.085037053609835,0.0244044105848682,-2.1359472155570987,-0.03039096170506179,-0.015398263302234719,0.04183178040454272,0.2669949161033764
3.492560863494873,-2.694687547686044,0.12154296696098754,1.1237206757068634,2.1542882919311523,-0.028648266568779945,0.03712424635887146,-0.794126195122093,9.250793203755975,2.3907325878256764,9.284521199001698,0.07748474180698395,0.04183103144168854,-0.08703635632991791,-2.084995519199767,0.027726793880127342,-2.1340699553489686,-0.02945276269847171,-0.014688212708655314,0.04315866245982749,0.26697777922249044
3.4988913536071777,-2.694687547686044,0.12154296696098754,1.1237206757068634,2.1542882919311523,-0.028648266568779945,0.03712424635887146,-0.794126195122093,9.250793203755975,2.3907325878256764,9.284521199001698,0.07748474180698395,0.04183103144168854,-0.08703635632991791,-2.084995519199767,0.027726793880127342,-2.1340699553489686,-0.02945276269847171,-0.014688212708655314,0.04315866245982749,0.26697777922249044
3.503932476043701,-2.72433585167164,0.12162109374912689,1.1290234625339508,2.172851085662842,-0.032325830310583115,0.033365339040756226,-0.7208503458071782,9.279905575059747,2.4629675488987606,9.307616596865772,0.07547355443239212,0.039995625615119934,-0.08994497358798981,-2.0849491522930306,0.031018100111843847,-2.13233824968338,-0.028455496324999045,-0.014012300851762673,0.04446512661088963,0.2669623558549502
3.508993625640869,-2.72433585167164,0.12162109374912689,1.1290234625339508,2.172851085662842,-0.032325830310583115,0.033365339040756226,-0.7208503458071782,9.279905575059747,2.4629675488987606,9.307616596865772,0.07547355443239212,0.039995625615119934,-0.08994497358798981,-2.0849491522930306,0.031018100111843847,-2.13233824968338,-0.028455496324999045,-0.014012300851762673,0.04446512661088963,0.2669623558549502
3.514317512512207,-2.72433585167164,0.12162109374912689,1.1290234625339508,2.172851085662842,-0.032325830310583115,0.033365339040756226,-0.7208503458071782,9.279905575059747,2.4629675488987606,9.307616596865772,0.07547355443239212,0.039995625615119934,-0.08994497358798981,-2.0849491522930306,0.031018100111843847,-2.13233824968338,-0.028455496324999045,-0.014012300851762673,0.04446512661088963,0.2669623558549502
3.5197441577911377,-2.754257860186044,0.12177733987482497,1.1343261301517487,2.191439151763916,-0.03602138161659241,0.02966204285621643,-0.6451706511954651,9.307280977243693,2.53370793181695,9.329418183439952,0.07274184376001358,0.03785707429051399,-0.09309900552034378,-2.084898234458717,0.03427013470793727,-2.130773162841797,-0.027395381568172887,-0.013372358139481011,0.04574455935290419,0.2669489615021768
3.525092840194702,-2.754257860186044,0.12177733987482497,1.1343261301517487,2.191439151763916,-0.03602138161659241,0.02966204285621643,-0.6451706511954651,9.307280977243693,2.53370793181695,9.329418183439952,0.07274184376001358,0.03785707429051399,-0.09309900552034378,-2.084898234458717,0.03427013470793727,-2.130773162841797,-0.027395381568172887,-0.013372358139481011,0.04574455935290419,0.2669489615021768
3.531015157699585,-2.784413995745126,0.12202148049982497,1.1396386921405792,2.2100484371185303,-0.03972233831882477,0.02601158618927002,-0.5669500857733218,9.332884154778176,2.602768599680881,9.349936910776583,0.07040850073099136,0.036137379705905914,-0.09617377817630768,-2.0848431457686853,0.03747195916026209,-2.1293844044208527,-0.02626753269670043,-0.012769101222610948,0.046993612241869875,0.26693775651121565
3.5360207557678223,-2.784413995745126,0.12202148049982497,1.1396386921405792,2.2100484371185303,-0.03972233831882477,0.02601158618927002,-0.5669500857733218,9.332884154778176,2.602768599680881,9.349936910776583,0.07040850073099136,0.036137379705905914,-0.09617377817630768,-2.0848431457686853,0.03747195916026209,-2.1293844044208527,-0.02626753269670043,-0.012769101222610948,0.046993612241869875,0.26693775651121565
3.5414962768554688,-2.784413995745126,0.12202148049982497,1.1396386921405792,2.2100484371185303,-0.03972233831882477,0.02601158618927002,-0.5669500857733218,9.332884154778176,2.602768599680881,9.349936910776583,0.07040850073099136,0.036137379705905914,-0.09617377817630768,-2.0848431457686853,0.03747195916026209,-2.1293844044208527,-0.02626753269670043,-0.012769101222610948,0.046993612241869875,0.26693775651121565
3.546841621398926,-2.8148435974144377,0.12235351562412689,1.1449511349201202,2.2286806106567383,-0.04342842847108841,0.022401779890060425,-0.48635989060367185,9.357025353398354,2.6703349055461687,9.369544579051515,0.06764183938503265,0.034420885145664215,-0.09924641251564026,-2.0847841003862015,0.04062443795147701,-2.1281173825263977,-0.025076543159256403,-0.012196609428709296,0.04821563763125716,0.2669280532243268
3.5543065071105957,-2.8148435974144377,0.12235351562412689,1.1449511349201202,2.2286806106567383,-0.04342842847108841,0.022401779890060425,-0.48635989060367185,9.357025353398354,2.6703349055461687,9.369544579051515,0.06764183938503265,0.034420885145664215,-0.09924641251564026,-2.0847841003862015,0.04062443795147701,-2.1281173825263977,-0.025076543159256403,-0.012196609428709296,0.04821563763125716,0.2669280532243268
3.559565782546997,-2.845546903612558,0.12278319805773208,1.1502636969089508,2.247331380844116,-0.0471307709813118,0.018830597400665283,-0.40336561366644413,9.379698739287155,2.736191632026897,9.388290733911246,0.0652753934264183,0.033061616122722626,-0.10207723081111908,-2.0847214694072327,0.04372053492954425,-2.1269664466381073,-0.02382010352734181,-0.011655237215936256,0.04940674303195597,0.26691978430703833
3.5652599334716797,-2.845546903612558,0.12278319805773208,1.1502636969089508,2.247331380844116,-0.0471307709813118,0.018830597400665283,-0.40336561366644413,9.379698739287155,2.736191632026897,9.388290733911246,0.0652753934264183,0.033061616122722626,-0.10207723081111908,-2.0847214694072327,0.04372053492954425,-2.1269664466381073,-0.02382010352734181,-0.011655237215936256,0.04940674303195597,0.26691978430703833
3.571072578430176,-2.8609764003776945,0.12302733868273208,1.1529199182987213,2.256661891937256,-0.048982832580804825,0.01705390214920044,-0.3610796697447692,9.390621466358832,2.768539428134846,9.397500211100104,0.0640069991350174,0.03240875527262688,-0.1033991351723671,-2.0846888322104435,0.04525000595617664,-2.1264175593853,-0.023170335521817558,-0.011393338238611179,0.049991795413144975,0.26691599968029506
3.575998544692993,-2.8609764003776945,0.12302733868273208,1.1529199182987213,2.256661891937256,-0.048982832580804825,0.01705390214920044,-0.3610796697447692,9.390621466358832,2.768539428134846,9.397500211100104,0.0640069991350174,0.03240875527262688,-0.1033991351723671,-2.0846888322104435,0.04525000595617664,-2.1264175593853,-0.023170335521817558,-0.011393338238611179,0.049991795413144975,0.26691599968029506
3.581749200820923,-2.8609764003776945,0.12302733868273208,1.1529199182987213,2.256661891937256,-0.048982832580804825,0.01705390214920044,-0.3610796697447692,9.390621466358832,2.768539428134846,9.397500211100104,0.0640069991350174,0.03240875527262688,-0.1033991351723671,-2.0846888322104435,0.04525000595617664,-2.1264175593853,-0.023170335521817558,-0.011393338238611179,0.049991795413144975,0.26691599968029506
3.5874783992767334,-2.892070236208383,0.12359374672087142,1.1582323610782623,2.2753374576568604,-0.05268044397234917,0.013531804084777832,-0.2748550568694562,9.411345461127201,2.831558916628847,9.41532279636614,0.06073535978794098,0.03088281862437725,-0.1062050610780716,-2.0846212117705543,0.048264827962415977,-2.1254136621952058,-0.021823316098207847,-0.01089365226928259,0.05113158563816341,0.26690964296386577
3.5933518409729004,-2.892070236208383,0.12359374672087142,1.1582323610782623,2.2753374576568604,-0.05268044397234917,0.013531804084777832,-0.2748550568694562,9.411345461127201,2.831558916628847,9.41532279636614,0.06073535978794098,0.03088281862437725,-0.1062050610780716,-2.0846212117705543,0.048264827962415977,-2.1254136621952058,-0.021823316098207847,-0.01089365226928259,0.05113158563816341,0.26690964296386577
3.598619222640991,-2.9233984375023283,0.12425780951889465,1.163554698228836,2.294027090072632,-0.05636782944202423,0.01003575325012207,-0.18655423233805793,9.430877370314192,2.892715934428733,9.432705994930716,0.058107517659664154,0.02971561998128891,-0.108659528195858,-2.0845506790379873,0.05122066676882565,-2.1245057165622714,-0.020417215595402775,-0.010419431372252985,0.052237690634338606,0.2669046246819745
3.603999614715576,-2.9233984375023283,0.12425780951889465,1.163554698228836,2.294027090072632,-0.05636782944202423,0.01003575325012207,-0.18655423233805793,9.430877370314192,2.892715934428733,9.432705994930716,0.058107517659664154,0.02971561998128891,-0.108659528195858,-2.0845506790379873,0.05122066676882565,-2.1245057165622714,-0.020417215595402775,-0.010419431372252985,0.052237690634338606,0.2669046246819745
3.609529733657837,-2.954999866487924,0.12501952707680175,1.1688769161701202,2.312727928161621,-0.060061078518629074,0.006550222635269165,-0.09673711888461926,9.449584751630251,2.9527141355121262,9.450075330340567,0.05635025352239609,0.028978323563933372,-0.11045432835817337,-2.0844770710666096,0.05413344972883663,-2.123629117012024,-0.018968764273949147,-0.00996314746068465,0.05332283690809887,0.26690012853571976
3.6150825023651123,-2.954999866487924,0.12501952707680175,1.1688769161701202,2.312727928161621,-0.060061078518629074,0.006550222635269165,-0.09673711888461926,9.449584751630251,2.9527141355121262,9.450075330340567,0.05635025352239609,0.028978323563933372,-0.11045432835817337,-2.0844770710666096,0.05413344972883663,-2.123629117012024,-0.018968764273949147,-0.00996314746068465,0.05332283690809887,0.26690012853571976
3.621006727218628,-2.954999866487924,0.12501952707680175,1.1688769161701202,2.312727928161621,-0.060061078518629074,0.006550222635269165,-0.09673711888461926,9.449584751630251,2.9527141355121262,9.450075330340567,0.05635025352239609,0.028978323563933372,-0.11045432835817337,-2.0844770710666096,0.05413344972883663,-2.123629117012024,-0.018968764273949147,-0.00996314746068465,0.05332283690809887,0.26690012853571976
3.626765012741089,-2.9868750000023283,0.12587890684517333,1.1741991341114044,2.3314414024353027,-0.06375017762184143,0.0030882060527801514,-0.005321875919504946,9.4672879113465,3.0105759737516666,9.467288210200996,0.053054697811603546,0.027783522382378578,-0.11248745769262314,-2.0844007867338328,0.0569951791413618,-2.1228230595588684,-0.017471575251745173,-0.009528705738534482,0.05436934425373254,0.26689671450547764
3.631913423538208,-2.9868750000023283,0.12587890684517333,1.1741991341114044,2.3314414024353027,-0.06375017762184143,0.0030882060527801514,-0.005321875919504946,9.4672879113465,3.0105759737516666,9.467288210200996,0.053054697811603546,0.027783522382378578,-0.11248745769262314,-2.0844007867338328,0.0569951791413618,-2.1228230595588684,-0.017471575251745173,-0.009528705738534482,0.05436934425373254,0.26689671450547764
3.637787342071533,-3.019023361208383,0.1268359339228482,1.1795214712619781,2.3501617908477783,-0.0674196258187294,-0.00033080577850341797,0.08782823674335517,9.483733268727143,3.0658121529825038,9.48413661808608,0.04923510551452637,0.026478098705410957,-0.11474104225635529,-2.0843223924927767,0.05979343053516765,-2.1221462309360506,-0.015919410465298055,-0.00912108184075822,0.05536836310741106,0.26689522360933987
3.6431734561920166,-3.019023361208383,0.1268359339228482,1.1795214712619781,2.3501617908477783,-0.0674196258187294,-0.00033080577850341797,0.08782823674335517,9.483733268727143,3.0658121529825038,9.48413661808608,0.04923510551452637,0.026478098705410957,-0.11474104225635529,-2.0843223924927767,0.05979343053516765,-2.1221462309360506,-0.015919410465298055,-0.00912108184075822,0.05536836310741106,0.26689522360933987
3.648862838745117,-3.019023361208383,0.1268359339228482,1.1795214712619781,2.3501617908477783,-0.0674196258187294,-0.00033080577850341797,0.08782823674335517,9.483733268727143,3.0658121529825038,9.48413661808608,0.04923510551452637,0.026478098705410957,-0.11474104225635529,-2.0843223924927767,0.05979343053516765,-2.1221462309360506,-0.015919410465298055,-0.00912108184075822,0.05536836310741106,0.26689522360933987
3.6545188426971436,-3.051445188524667,0.1279003834715695,1.1848436892032623,2.368891954421997,-0.07105571031570435,-0.0037107765674591064,0.18282258260921144,9.499021935664384,3.1182718916718746,9.500765291561114,0.04539570212364197,0.02524747885763645,-0.11714546382427216,-2.0842424632773584,0.062517553163146,-2.121586310863495,-0.014308188032053904,-0.008738649107973406,0.05631716638706432,0.2668955360514136
3.659353017807007,-3.051445188524667,0.1279003834715695,1.1848436892032623,2.368891954421997,-0.07105571031570435,-0.0037107765674591064,0.18282258260921144,9.499021935664384,3.1182718916718746,9.500765291561114,0.04539570212364197,0.02524747885763645,-0.11714546382427216,-2.0842424632773584,0.062517553163146,-2.121586310863495,-0.014308188032053904,-0.008738649107973406,0.05631716638706432,0.2668955360514136
3.664496660232544,-3.084101381304208,0.1290624952307553,1.1901709139347076,2.387629270553589,-0.07464383542537689,-0.007055789232254028,0.2797841072997822,9.513212849299013,3.168106806633662,9.517288959283231,0.041655004024505615,0.02415318600833416,-0.11957942694425583,-2.084161631682123,0.06515660523758589,-2.1211402773857118,-0.012634633268415933,-0.008380189889457476,0.05721849628191895,0.2668976675237634
3.6701488494873047,-3.084101381304208,0.1290624952307553,1.1901709139347076,2.387629270553589,-0.07464383542537689,-0.007055789232254028,0.2797841072997822,9.513212849299013,3.168106806633662,9.517288959283231,0.041655004024505615,0.02415318600833416,-0.11957942694425583,-2.084161631682123,0.06515660523758589,-2.1211402773857118,-0.012634633268415933,-0.008380189889457476,0.05721849628191895,0.2668976675237634
3.6752963066101074,-3.084101381304208,0.1290624952307553,1.1901709139347076,2.387629270553589,-0.07464383542537689,-0.007055789232254028,0.2797841072997822,9.513212849299013,3.168106806633662,9.517288959283231,0.041655004024505615,0.02415318600833416,-0.11957942694425583,-2.084161631682123,0.06515660523758589,-2.1211402773857118,-0.012634633268415933,-0.008380189889457476,0.05721849628191895,0.2668976675237634
3.680314302444458,-3.117031278612558,0.13033202946098754,1.195502907037735,2.4063711166381836,-0.07817879319190979,-0.01037222146987915,0.3786173233535977,9.526427205119097,3.215317266732231,9.533879619429946,0.03791877627372742,0.023174745962023735,-0.12192549556493759,-2.08408030066681,0.06770812768430581,-2.1207885682582854,-0.010900620050967749,-0.00804343651686781,0.05807235946337114,0.26690139641705946
3.6861345767974854,-3.117031278612558,0.13033202946098754,1.195502907037735,2.4063711166381836,-0.07817879319190979,-0.01037222146987915,0.3786173233535977,9.526427205119097,3.215317266732231,9.533879619429946,0.03791877627372742,0.023174745962023735,-0.12192549556493759,-2.08408030066681,0.06770812768430581,-2.1207885682582854,-0.010900620050967749,-0.00804343651686781,0.05807235946337114,0.26690139641705946
3.691873550415039,-3.117031278612558,0.13033202946098754,1.195502907037735,2.4063711166381836,-0.07817879319190979,-0.01037222146987915,0.3786173233535977,9.526427205119097,3.215317266732231,9.533879619429946,0.03791877627372742,0.023174745962023735,-0.12192549556493759,-2.08408030066681,0.06770812768430581,-2.1207885682582854,-0.010900620050967749,-0.00804343651686781,0.05807235946337114,0.26690139641705946
3.6974096298217773,-3.166913928987924,0.13243163287552306,1.203500896692276,2.434490442276001,-0.08337195217609406,-0.015304267406463623,0.5301257919547162,9.544555793730433,3.280899859857245,9.55913042169204,0.03187642991542816,0.02180444821715355,-0.1251584142446518,-2.0839581954471806,0.07136756833818947,-2.120388811826706,-0.008190275810021042,-0.007577203621979777,0.05925850680225943,0.26690932077741797
3.702204465866089,-3.166913928987924,0.13243163287552306,1.203500896692276,2.434490442276001,-0.08337195217609406,-0.015304267406463623,0.5301257919547162,9.544555793730433,3.280899859857245,9.55913042169204,0.03187642991542816,0.02180444821715355,-0.1251584142446518,-2.0839581954471806,0.07136756833818947,-2.120388811826706,-0.008190275810021042,-0.007577203621979777,0.05925850680225943,0.26690932077741797
3.707674741744995,-3.1836718940758146,0.1331835901728482,1.2061670124530792,2.443864345550537,-0.08507270365953445,-0.016938507556915283,0.5814143179824305,9.550170550609534,3.3013467978698965,9.567688500623785,0.03003605827689171,0.021416405215859413,-0.12609443068504333,-2.0839176201485894,0.07254269512649475,-2.120285099744797,-0.007259455373584501,-0.007431744068468015,0.059628316533111236,0.2669125351149306
3.7134592533111572,-3.1836718940758146,0.1331835901728482,1.2061670124530792,2.443864345550537,-0.08507270365953445,-0.016938507556915283,0.5814143179824305,9.550170550609534,3.3013467978698965,9.567688500623785,0.03003605827689171,0.021416405215859413,-0.12609443068504333,-2.0839176201485894,0.07254269512649475,-2.120285099744797,-0.007259455373584501,-0.007431744068468015,0.059628316533111236,0.2669125351149306
3.7197234630584717,-3.1836718940758146,0.1331835901728482,1.2061670124530792,2.443864345550537,-0.08507270365953445,-0.016938507556915283,0.5814143179824305,9.550170550609534,3.3013467978698965,9.567688500623785,0.03003605827689171,0.021416405215859413,-0.12609443068504333,-2.0839176201485894,0.07254269512649475,-2.120285099744797,-0.007259455373584501,-0.007431744068468015,0.059628316533111236,0.2669125351149306
3.725471258163452,-3.217382850649301,0.13477539181621978,1.2114990055561066,2.4626123905181885,-0.08843222260475159,-0.020199865102767944,0.6849410732512554,9.560944942179894,3.340501210736597,9.58521988907305,0.026501622051000595,0.02072175219655037,-0.12769867479801178,-2.0838367255634562,0.07483041744470714,-2.120098614692688,-0.005363745866966948,-0.007151796797629138,0.0603364755188201,0.2669195586672413
3.7312464714050293,-3.217382850649301,0.13477539181621978,1.2114990055561066,2.4626123905181885,-0.08843222260475159,-0.020199865102767944,0.6849410732512554,9.560944942179894,3.340501210736597,9.58521988907305,0.026501622051000595,0.02072175219655037,-0.12769867479801178,-2.0838367255634562,0.07483041744470714,-2.120098614692688,-0.005363745866966948,-0.007151796797629138,0.0603364755188201,0.2669195586672413
3.7360401153564453,-3.2513670349144377,0.13646484076889465,1.216830998659134,2.4813575744628906,-0.09172564744949341,-0.023447245359420776,0.7897796985794425,9.570859532750035,3.3761141893956608,9.603088819065759,0.02173341065645218,0.01988113299012184,-0.12935678660869598,-2.083756651475245,0.07702796644499238,-2.119954061508179,-0.003416268094374172,-0.006892546269463914,0.060980583015237934,0.2669274816639228
3.7418439388275146,-3.2513670349144377,0.13646484076889465,1.216830998659134,2.4813575744628906,-0.09172564744949341,-0.023447245359420776,0.7897796985794425,9.570859532750035,3.3761141893956608,9.603088819065759,0.02173341065645218,0.01988113299012184,-0.12935678660869598,-2.083756651475245,0.07702796644499238,-2.119954061508179,-0.003416268094374172,-0.006892546269463914,0.060980583015237934,0.2669274816639228
3.7464401721954346,-3.2513670349144377,0.13646484076889465,1.216830998659134,2.4813575744628906,-0.09172564744949341,-0.023447245359420776,0.7897796985794425,9.570859532750035,3.3761141893956608,9.603088819065759,0.02173341065645218,0.01988113299012184,-0.12935678660869598,-2.083756651475245,0.07702796644499238,-2.119954061508179,-0.003416268094374172,-0.006892546269463914,0.060980583015237934,0.2669274816639228
3.7521958351135254,-3.2855858230614103,0.13827148735435912,1.2221679985523224,2.50010347366333,-0.09494480490684509,-0.02668154239654541,0.8958623851179395,9.580047174635531,3.408097700057894,9.621453878033412,0.0169471874833107,0.019092030823230743,-0.13094757497310638,-2.083677867922542,0.07913048029517579,-2.1198577702045442,-0.0014176788615335684,-0.00665125361373505,0.06155904681565513,0.2669365004741621
3.757669687271118,-3.2855858230614103,0.13827148735435912,1.2221679985523224,2.50010347366333,-0.09494480490684509,-0.02668154239654541,0.8958623851179395,9.580047174635531,3.408097700057894,9.621453878033412,0.0169471874833107,0.019092030823230743,-0.13094757497310638,-2.083677867922542,0.07913048029517579,-2.1198577702045442,-0.0014176788615335684,-0.00665125361373505,0.06155904681565513,0.2669365004741621
3.7627546787261963,-3.3200780773186125,0.14018554150970886,1.227509766817093,2.5188424587249756,-0.09807883203029633,-0.029899656772613525,1.0031752328518442,9.588501418213346,3.436570100497881,9.640347791894559,0.012260574847459793,0.018383361399173737,-0.13244661688804626,-2.083600919239641,0.08113137201908223,-2.119818609952927,0.0006319671775887465,-0.006427808113111846,0.062074007575887345,0.2669467809788844
3.7675931453704834,-3.3200780773186125,0.14018554150970886,1.227509766817093,2.5188424587249756,-0.09807883203029633,-0.029899656772613525,1.0031752328518442,9.588501418213346,3.436570100497881,9.640347791894559,0.012260574847459793,0.018383361399173737,-0.13244661688804626,-2.083600919239641,0.08113137201908223,-2.119818609952927,0.0006319671775887465,-0.006427808113111846,0.062074007575887345,0.2669467809788844
3.7733423709869385,-3.3200780773186125,0.14018554150970886,1.227509766817093,2.5188424587249756,-0.09807883203029633,-0.029899656772613525,1.0031752328518442,9.588501418213346,3.436570100497881,9.640347791894559,0.012260574847459793,0.018383361399173737,-0.13244661688804626,-2.083600919239641,0.08113137201908223,-2.119818609952927,0.0006319671775887465,-0.006427808113111846,0.062074007575887345,0.2669467809788844
3.7789371013641357,-3.354843559267465,0.14220703303726623,1.2328515350818634,2.537576198577881,-0.1011221706867218,-0.03310734033584595,1.1116089773712208,9.596311997288508,3.4615334113936327,9.65988154679281,0.007585188373923302,0.01774514466524124,-0.1338227093219757,-2.083526190883775,0.08302832097135865,-2.1198107421398165,0.002730443114906549,-0.006220802615846118,0.06252550184255062,0.2669579668314617
3.7839553356170654,-3.354843559267465,0.14220703303726623,1.2328515350818634,2.537576198577881,-0.1011221706867218,-0.03310734033584595,1.1116089773712208,9.596311997288508,3.4615334113936327,9.65988154679281,0.007585188373923302,0.01774514466524124,-0.1338227093219757,-2.083526190883775,0.08302832097135865,-2.1198107421398165,0.002730443114906549,-0.006220802615846118,0.06252550184255062,0.2669579668314617
3.789916753768921,-3.354843559267465,0.14220703303726623,1.2328515350818634,2.537576198577881,-0.1011221706867218,-0.03310734033584595,1.1116089773712208,9.596311997288508,3.4615334113936327,9.65988154679281,0.007585188373923302,0.01774514466524124,-0.1338227093219757,-2.083526190883775,0.08302832097135865,-2.1198107421398165,0.002730443114906549,-0.006220802615846118,0.06252550184255062,0.2669579668314617
3.795194387435913,-3.3898436450981535,0.14434570729645202,1.238193303346634,2.556304454803467,-0.10407151281833649,-0.03630983829498291,1.2210341268722262,9.60354377074967,3.4828643102870025,9.680134972733079,0.002808293327689171,0.017158817499876022,-0.13505181670188904,-2.0834539817985007,0.08482096385887142,-2.1198184311389925,0.004875362807438863,-0.006029185156775743,0.06291129916700583,0.26696984940960644
3.8001317977905273,-3.3898436450981535,0.14434570729645202,1.238193303346634,2.556304454803467,-0.10407151281833649,-0.03630983829498291,1.2210341268722262,9.60354377074967,3.4828643102870025,9.680134972733079,0.002808293327689171,0.017158817499876022,-0.13505181670188904,-2.0834539817985007,0.08482096385887142,-2.1198184311389925,0.004875362807438863,-0.006029185156775743,0.06291129916700583,0.26696984940960644
3.8063037395477295,-3.4251171970390715,0.1465820288649411,1.2435350716114044,2.5750224590301514,-0.10691937804222107,-0.03951099514961243,1.3313350885141444,9.610260397304556,3.5005046052009554,9.701180153342298,-0.0021276120096445084,0.016611043363809586,-0.13612110912799835,-2.0833847097625053,0.08650572992453735,-2.119830143451691,0.0070647330673157035,-0.005851970437753041,0.06323034707091359,0.2669822847804668
3.8120245933532715,-3.4251171970390715,0.1465820288649411,1.2435350716114044,2.5750224590301514,-0.10691937804222107,-0.03951099514961243,1.3313350885141444,9.610260397304556,3.5005046052009554,9.701180153342298,-0.0021276120096445084,0.016611043363809586,-0.13612110912799835,-2.0833847097625053,0.08650572992453735,-2.119830143451691,0.0070647330673157035,-0.005851970437753041,0.06323034707091359,0.2669822847804668
3.81797456741333,-3.460624876024667,0.14893554806621978,1.2488769590854645,2.593726634979248,-0.10966844856739044,-0.04271450638771057,1.4422588118196447,9.616576893991349,3.515213637354102,9.723121824283332,-0.00582278985530138,0.016213446855545044,-0.13688702881336212,-2.083318440098877,0.08808727107793601,-2.1198350071907046,0.009289613516999983,-0.005686185718253466,0.06349637923760208,0.2669951593507701
3.8238584995269775,-3.460624876024667,0.14893554806621978,1.2488769590854645,2.593726634979248,-0.10966844856739044,-0.04271450638771057,1.4422588118196447,9.616576893991349,3.515213637354102,9.723121824283332,-0.00582278985530138,0.016213446855545044,-0.13688702881336212,-2.083318440098877,0.08808727107793601,-2.1198350071907046,0.009289613516999983,-0.005686185718253466,0.06349637923760208,0.2669951593507701
3.82989239692688,-3.4964062595390715,0.15140624999912689,1.254218727350235,2.612417697906494,-0.11231152713298798,-0.04592260718345642,1.5537572496282352,9.622403993206012,3.5258033272986475,9.745875678066742,-0.011463684029877186,0.015702711418271065,-0.13760700821876526,-2.083255558149262,0.08956209925063961,-2.119825887680054,0.011553759279243537,-0.0055347431687541235,0.0636879076897238,0.2670083107211666
3.835613489151001,-3.4964062595390715,0.15140624999912689,1.254218727350235,2.612417697906494,-0.11231152713298798,-0.04592260718345642,1.5537572496282352,9.622403993206012,3.5258033272986475,9.745875678066742,-0.011463684029877186,0.015702711418271065,-0.13760700821876526,-2.083255558149262,0.08956209925063961,-2.119825887680054,0.011553759279243537,-0.0055347431687541235,0.0636879076897238,0.2670083107211666
3.8404273986816406,-3.4964062595390715,0.15140624999912689,1.254218727350235,2.612417697906494,-0.11231152713298798,-0.04592260718345642,1.5537572496282352,9.622403993206012,3.5258033272986475,9.745875678066742,-0.011463684029877186,0.015702711418271065,-0.13760700821876526,-2.083255558149262,0.08956209925063961,-2.119825887680054,0.011553759279243537,-0.0055347431687541235,0.0636879076897238,0.2670083107211666
3.845838785171509,-3.5324217700981535,0.15397459924133727,1.2595604956150055,2.631096601486206,-0.1148398220539093,-0.04914116859436035,1.665763180110753,9.627808483706579,3.5316939286579783,9.769507687606856,-0.017492050305008888,0.015194493345916271,-0.13824570178985596,-2.083196494310861,0.0909255534649898,-2.119785386323929,0.01385831486062235,-0.005396844655108334,0.06379444695256618,0.26702149630309047
3.8514506816864014,-3.5324217700981535,0.15397459924133727,1.2595604956150055,2.631096601486206,-0.1148398220539093,-0.04914116859436035,1.665763180110753,9.627808483706579,3.5316939286579783,9.769507687606856,-0.017492050305008888,0.015194493345916271,-0.13824570178985596,-2.083196494310861,0.0909255534649898,-2.119785386323929,0.01385831486062235,-0.005396844655108334,0.06379444695256618,0.26702149630309047
3.8578312397003174,-3.5324217700981535,0.15397459924133727,1.2595604956150055,2.631096601486206,-0.1148398220539093,-0.04914116859436035,1.665763180110753,9.627808483706579,3.5316939286579783,9.769507687606856,-0.017492050305008888,0.015194493345916271,-0.13824570178985596,-2.083196494310861,0.0909255534649898,-2.119785386323929,0.01385831486062235,-0.005396844655108334,0.06379444695256618,0.26702149630309047
3.863496780395508,-3.568710746767465,0.15666014611633727,1.264902263879776,2.6497550010681152,-0.11724334955215454,-0.05237266421318054,1.778221035660469,9.632812945641346,3.5330055685619293,9.794044348030168,-0.023309674113988876,0.014737864024937153,-0.13877196609973907,-2.083141695303917,0.09217248758875222,-2.1197060823440554,0.016202126606517497,-0.005271980509699817,0.063818169683058,0.26703461404214746
3.8692896366119385,-3.568710746767465,0.15666014611633727,1.264902263879776,2.6497550010681152,-0.11724334955215454,-0.05237266421318054,1.778221035660469,9.632812945641346,3.5330055685619293,9.794044348030168,-0.023309674113988876,0.014737864024937153,-0.13877196609973907,-2.083141695303917,0.09217248758875222,-2.1197060823440554,0.016202126606517497,-0.005271980509699817,0.063818169683058,0.26703461404214746
3.874814033508301,-3.605273427965585,0.15945311546238372,1.270244151353836,2.6683948040008545,-0.1195177435874939,-0.055619388818740845,1.8909677491518713,9.637449657229926,3.5298927265593796,9.81949186092111,-0.028880206868052483,0.014341920614242554,-0.13914458453655243,-2.083091414225336,0.09330193011221814,-2.1195813059806823,0.018581090406129437,-0.005159623465052221,0.06376186984674817,0.26704756247818856
3.8803908824920654,-3.605273427965585,0.15945311546238372,1.270244151353836,2.6683948040008545,-0.1195177435874939,-0.055619388818740845,1.8909677491518713,9.637449657229926,3.5298927265593796,9.81949186092111,-0.028880206868052483,0.014341920614242554,-0.13914458453655243,-2.083091414225336,0.09330193011221814,-2.1195813059806823,0.018581090406129437,-0.005159623465052221,0.06376186984674817,0.26704756247818856
3.8861091136932373,-3.642070236208383,0.16235350727947662,1.2755859196186066,2.6870133876800537,-0.12165918946266174,-0.05888545513153076,2.00388723621117,9.641875583171398,3.523545046260802,9.845981498807037,-0.03285142406821251,0.014067030511796474,-0.13932061195373535,-2.0830458592008134,0.09431351254365244,-2.1193982899188994,0.020988165102726837,-0.005055978345545046,0.0636470637109202,0.26706021447095996
3.8917863368988037,-3.642070236208383,0.16235350727947662,1.2755859196186066,2.6870133876800537,-0.12165918946266174,-0.05888545513153076,2.00388723621117,9.641875583171398,3.523545046260802,9.845981498807037,-0.03285142406821251,0.014067030511796474,-0.13932061195373535,-2.0830458592008134,0.09431351254365244,-2.1193982899188994,0.020988165102726837,-0.005055978345545046,0.0636470637109202,0.26706021447095996
3.897752046585083,-3.642070236208383,0.16235350727947662,1.2755859196186066,2.6870133876800537,-0.12165918946266174,-0.05888545513153076,2.00388723621117,9.641875583171398,3.523545046260802,9.845981498807037,-0.03285142406821251,0.014067030511796474,-0.13932061195373535,-2.0830458592008134,0.09431351254365244,-2.1193982899188994,0.020988165102726837,-0.005055978345545046,0.0636470637109202,0.26706021447095996
3.9034721851348877,-3.6791405105614103,0.16536132156761596,1.280927687883377,2.705606698989868,-0.12366488575935364,-0.062173932790756226,2.1168152194320573,9.646025802203651,3.5126197323424906,9.873414275350633,-0.038925036787986755,0.013739414513111115,-0.13929849863052368,-2.08300518087765,0.0952077025184587,-2.11914803981781,0.023424732897618195,-0.004963181223126069,0.06344946505839305,0.2670723690241263
3.9088892936706543,-3.6791405105614103,0.16536132156761596,1.280927687883377,2.705606698989868,-0.12366488575935364,-0.062173932790756226,2.1168152194320573,9.646025802203651,3.5126197323424906,9.873414275350633,-0.038925036787986755,0.013739414513111115,-0.13929849863052368,-2.08300518087765,0.0952077025184587,-2.11914803981781,0.023424732897618195,-0.004963181223126069,0.06344946505839305,0.2670723690241263
3.914456844329834,-3.7164451503776945,0.16847655832680175,1.2862694561481476,2.7241742610931396,-0.12552955746650696,-0.06549102067947388,2.2296018971953306,9.649992919557723,3.4965673840146274,9.90183803017941,-0.04543700069189072,0.013415228575468063,-0.13908706605434418,-2.0829696026507505,0.09598293918686825,-2.118811959028244,0.02588968697316549,-0.004879740794752853,0.06315913725424967,0.2670837547255433
3.920262575149536,-3.7164451503776945,0.16847655832680175,1.2862694561481476,2.7241742610931396,-0.12552955746650696,-0.06549102067947388,2.2296018971953306,9.649992919557723,3.4965673840146274,9.90183803017941,-0.04543700069189072,0.013415228575468063,-0.13908706605434418,-2.0829696026507505,0.09598293918686825,-2.118811959028244,0.02588968697316549,-0.004879740794752853,0.06315913725424967,0.2670837547255433
3.9258170127868652,-3.7164451503776945,0.16847655832680175,1.2862694561481476,2.7241742610931396,-0.12552955746650696,-0.06549102067947388,2.2296018971953306,9.649992919557723,3.4965673840146274,9.90183803017941,-0.04543700069189072,0.013415228575468063,-0.13908706605434418,-2.0829696026507505,0.09598293918686825,-2.118811959028244,0.02588968697316549,-0.004879740794752853,0.06315913725424967,0.2670837547255433
3.931549549102783,-3.754023256304208,0.171699217557034,1.2916113436222076,2.742713212966919,-0.127248615026474,-0.06883612275123596,2.3420697708676705,9.65374833269606,3.4753579771609133,9.931169707156354,-0.05173613131046295,0.013121003285050392,-0.1386966109275818,-2.0829393004200663,0.09663829958945946,-2.118392050266266,0.028379324384017995,-0.004806302839591711,0.06277553727291069,0.26709435972993745
3.937065839767456,-3.754023256304208,0.171699217557034,1.2916113436222076,2.742713212966919,-0.127248615026474,-0.06883612275123596,2.3420697708676705,9.65374833269606,3.4753579771609133,9.931169707156354,-0.05173613131046295,0.013121003285050392,-0.1386966109275818,-2.0829393004200663,0.09663829958945946,-2.118392050266266,0.028379324384017995,-0.004806302839591711,0.06277553727291069,0.26709435972993745
3.9426052570343018,-3.791835966112558,0.17502929925831268,1.2969531118869781,2.761218309402466,-0.12881460785865784,-0.07221174240112305,2.454123067506176,9.657349023161698,3.449265487789837,9.961423354965554,-0.05775237828493118,0.012864790856838226,-0.1381269246339798,-2.082914526329047,0.097170809348371,-2.1178803741931915,0.03089080298066153,-0.004741542386878027,0.062303620330354324,0.267104067071409
3.9483156204223633,-3.791835966112558,0.17502929925831268,1.2969531118869781,2.761218309402466,-0.12881460785865784,-0.07221174240112305,2.454123067506176,9.657349023161698,3.449265487789837,9.961423354965554,-0.05775237828493118,0.012864790856838226,-0.1381269246339798,-2.082914526329047,0.097170809348371,-2.1178803741931915,0.03089080298066153,-0.004741542386878027,0.062303620330354324,0.267104067071409
3.9542415142059326,-3.829921903612558,0.17845702826889465,1.3022948801517487,2.7796902656555176,-0.1302257478237152,-0.0756227970123291,2.5655640098579755,9.660890603273092,3.4183516090533095,9.992617909426535,-0.06366030126810074,0.01264320220798254,-0.13737009465694427,-2.082895322169196,0.09758159184834048,-2.1172623932361603,0.03341939061775815,-0.0046834803694475345,0.06174450222826631,0.2671126548513207
3.9605329036712646,-3.829921903612558,0.17845702826889465,1.3022948801517487,2.7796902656555176,-0.1302257478237152,-0.0756227970123291,2.5655640098579755,9.660890603273092,3.4183516090533095,9.992617909426535,-0.06366030126810074,0.01264320220798254,-0.13737009465694427,-2.082895322169196,0.09758159184834048,-2.1172623932361603,0.03341939061775815,-0.0046834803694475345,0.06174450222826631,0.2671126548513207
3.966554880142212,-3.8682422065758146,0.1819824194899411,1.3076366484165192,2.798121690750122,-0.13147693872451782,-0.07907107472419739,2.6762416419354786,9.664366541302313,3.38203476754873,10.024679504529681,-0.07108019292354584,0.012423884123563766,-0.1362832933664322,-2.0828818114370384,0.09786955485102797,-2.1165327429771423,0.035964074137163876,-0.004632500718507281,0.061087664447769086,0.2671199956818973
3.972379684448242,-3.8682422065758146,0.1819824194899411,1.3076366484165192,2.798121690750122,-0.13147693872451782,-0.07907107472419739,2.6762416419354786,9.664366541302313,3.38203476754873,10.024679504529681,-0.07108019292354584,0.012423884123563766,-0.1362832933664322,-2.0828818114370384,0.09786955485102797,-2.1165327429771423,0.035964074137163876,-0.004632500718507281,0.061087664447769086,0.2671199956818973
3.97788143157959,-3.8682422065758146,0.1819824194899411,1.3076366484165192,2.798121690750122,-0.13147693872451782,-0.07907107472419739,2.6762416419354786,9.664366541302313,3.38203476754873,10.024679504529681,-0.07108019292354584,0.012423884123563766,-0.1362832933664322,-2.0828818114370384,0.09786955485102797,-2.1165327429771423,0.035964074137163876,-0.004632500718507281,0.061087664447769086,0.2671199956818973
3.983499526977539,-3.906835737230722,0.185615233182034,1.312968760728836,2.816514015197754,-0.13256999850273132,-0.08255869150161743,2.7858224224446557,9.667785650039706,3.3394330011761237,10.057488672268537,-0.07868114858865738,0.012218577787280083,-0.1348729282617569,-2.082873869982505,0.09803842066291703,-2.1156676948070525,0.03852039561978658,-0.004589222704070231,0.06031715554583425,0.2671256332787533
3.9894332885742188,-3.906835737230722,0.185615233182034,1.312968760728836,2.816514015197754,-0.13256999850273132,-0.08255869150161743,2.7858224224446557,9.667785650039706,3.3394330011761237,10.057488672268537,-0.07868114858865738,0.012218577787280083,-0.1348729282617569,-2.082873869982505,0.09803842066291703,-2.1156676948070525,0.03852039561978658,-0.004589222704070231,0.06031715554583425,0.2671256332787533
3.9953699111938477,-3.945663871767465,0.18934569418343017,1.3183007538318634,2.8348584175109863,-0.1334976851940155,-0.08608615398406982,2.8941894034646025,9.671233603020012,3.2915809463006185,10.091054189271642,-0.08406399190425873,0.012059931643307209,-0.13341152667999268,-2.0828716528341213,0.09808551372160747,-2.114682894945145,0.04108221424473863,-0.004550769207997173,0.05945168828011126,0.26712983319022837
4.001176118850708,-3.945663871767465,0.18934569418343017,1.3183007538318634,2.8348584175109863,-0.1334976851940155,-0.08608615398406982,2.8941894034646025,9.671233603020012,3.2915809463006185,10.091054189271642,-0.08406399190425873,0.012059931643307209,-0.13341152667999268,-2.0828716528341213,0.09808551372160747,-2.114682894945145,0.04108221424473863,-0.004550769207997173,0.05945168828011126,0.26712983319022837
4.0068511962890625,-3.945663871767465,0.18934569418343017,1.3183007538318634,2.8348584175109863,-0.1334976851940155,-0.08608615398406982,2.8941894034646025,9.671233603020012,3.2915809463006185,10.091054189271642,-0.08406399190425873,0.012059931643307209,-0.13341152667999268,-2.0828716528341213,0.09808551372160747,-2.114682894945145,0.04108221424473863,-0.004550769207997173,0.05945168828011126,0.26712983319022837
4.011952638626099,-3.984726371767465,0.19316405713470886,1.3236327469348907,2.8531548976898193,-0.13425469398498535,-0.08965355157852173,3.0012606151468844,9.674742047943889,3.2391516333533588,10.125335929287216,-0.09026752412319183,0.011922713369131088,-0.13172201812267303,-2.0828752394055394,0.09800932227749466,-2.113578289747238,0.043645357901163646,-0.004516066321640245,0.05850343528996822,0.2671325742150724
4.017256021499634,-3.984726371767465,0.19316405713470886,1.3236327469348907,2.8531548976898193,-0.13425469398498535,-0.08965355157852173,3.0012606151468844,9.674742047943889,3.2391516333533588,10.125335929287216,-0.09026752412319183,0.011922713369131088,-0.13172201812267303,-2.0828752394055394,0.09800932227749466,-2.113578289747238,0.043645357901163646,-0.004516066321640245,0.05850343528996822,0.2671325742150724
4.022758960723877,-4.024062576296274,0.19708006739529083,1.3289648592472076,2.8714001178741455,-0.13483834266662598,-0.09326231479644775,3.1068653883837043,9.678344989880559,3.1817483042176447,10.16026505212068,-0.09559697657823563,0.011808318085968494,-0.12994839251041412,-2.08288459157369,0.09781036942409098,-2.1123498022556304,0.04620751289109737,-0.004484525484116524,0.05746522068372554,0.2671337514139763
4.027389764785767,-4.024062576296274,0.19708006739529083,1.3289648592472076,2.8714001178741455,-0.13483834266662598,-0.09326231479644775,3.1068653883837043,9.678344989880559,3.1817483042176447,10.16026505212068,-0.09559697657823563,0.011808318085968494,-0.12994839251041412,-2.08288459157369,0.09781036942409098,-2.1123498022556304,0.04620751289109737,-0.004484525484116524,0.05746522068372554,0.2671337514139763
4.032803058624268,-4.024062576296274,0.19708006739529083,1.3289648592472076,2.8714001178741455,-0.13483834266662598,-0.09326231479644775,3.1068653883837043,9.678344989880559,3.1817483042176447,10.16026505212068,-0.09559697657823563,0.011808318085968494,-0.12994839251041412,-2.08288459157369,0.09781036942409098,-2.1123498022556304,0.04620751289109737,-0.004484525484116524,0.05746522068372554,0.2671337514139763
4.038759708404541,-4.06363290786976,0.2010839796057553,1.3342870771884918,2.8895909786224365,-0.13524198532104492,-0.09691175818443298,3.210929036835718,9.682037585062542,3.119339775837091,10.195762418108272,-0.10232959687709808,0.011693780310451984,-0.12788498401641846,-2.082899784814186,0.09748628930774877,-2.1109814643859863,0.048767394804549107,-0.004456449279726389,0.05633648047484973,0.26713305809995497
4.0446617603302,-4.06363290786976,0.2010839796057553,1.3342870771884918,2.8895909786224365,-0.13524198532104492,-0.09691175818443298,3.210929036835718,9.682037585062542,3.119339775837091,10.195762418108272,-0.10232959687709808,0.011693780310451984,-0.12788498401641846,-2.082899784814186,0.09748628930774877,-2.1109814643859863,0.048767394804549107,-0.004456449279726389,0.05633648047484973,0.26713305809995497
4.050763368606567,-4.103476467134897,0.20518553912552306,1.339609295129776,2.907721996307373,-0.1354665458202362,-0.10060268640518188,3.313190824909404,9.685851841851964,3.051499172765954,10.231723703217947,-0.10807178914546967,0.011588369496166706,-0.12571805715560913,-2.08292061314094,0.09704024698313835,-2.1094886720180512,0.05132061045319428,-0.004430729987770204,0.05510949406020736,0.26713068536602436
4.056807518005371,-4.103476467134897,0.20518553912552306,1.339609295129776,2.907721996307373,-0.1354665458202362,-0.10060268640518188,3.313190824909404,9.685851841851964,3.051499172765954,10.231723703217947,-0.10807178914546967,0.011588369496166706,-0.12571805715560913,-2.08292061314094,0.09704024698313835,-2.1094886720180512,0.05132061045319428,-0.004430729987770204,0.05510949406020736,0.26713068536602436
4.061817407608032,-4.12347644806141,0.20726562201889465,1.3422705233097076,2.9167685508728027,-0.13550716638565063,-0.10246527194976807,3.3637010281550417,9.687834620829989,3.0157631099937685,10.249906333503132,-0.11107928305864334,0.011537956073880196,-0.12458281964063644,-2.082933238735021,0.09676886459400712,-2.1086911261081696,0.052595370158189395,-0.004418041646568989,0.054463160425933556,0.2671288138179454
4.0675976276397705,-4.12347644806141,0.20726562201889465,1.3422705233097076,2.9167685508728027,-0.13550716638565063,-0.10246527194976807,3.3637010281550417,9.687834620829989,3.0157631099937685,10.249906333503132,-0.11107928305864334,0.011537956073880196,-0.12458281964063644,-2.082933238735021,0.09676886459400712,-2.1086911261081696,0.052595370158189395,-0.004418041646568989,0.054463160425933556,0.2671288138179454
4.073050022125244,-4.12347644806141,0.20726562201889465,1.3422705233097076,2.9167685508728027,-0.13550716638565063,-0.10246527194976807,3.3637010281550417,9.687834620829989,3.0157631099937685,10.249906333503132,-0.11107928305864334,0.011537956073880196,-0.12458281964063644,-2.082933238735021,0.09676886459400712,-2.1086911261081696,0.052595370158189395,-0.004418041646568989,0.054463160425933556,0.2671288138179454
4.0788414478302,-4.163671913149301,0.21148436427029083,1.3475829660892487,2.9348034858703613,-0.13545697927474976,-0.10621768236160278,3.4629805682799732,9.691862761177036,2.9396823384704835,10.286391225815462,-0.11827369034290314,0.011432019993662834,-0.12187283486127853,-2.082962362798119,0.0961399258812561,-2.106996291875839,0.05513280381426067,-0.004395174669793157,0.053087139741437556,0.26712356810172333
4.084179162979126,-4.163671913149301,0.21148436427029083,1.3475829660892487,2.9348034858703613,-0.13545697927474976,-0.10621768236160278,3.4629805682799732,9.691862761177036,2.9396823384704835,10.286391225815462,-0.11827369034290314,0.011432019993662834,-0.12187283486127853,-2.082962362798119,0.0961399258812561,-2.106996291875839,0.05513280381426067,-0.004395174669793157,0.053087139741437556,0.26712356810172333
4.089130163192749,-4.224413814547006,0.2179589784136624,1.3555517494678497,2.96173095703125,-0.13502764701843262,-0.11191996932029724,3.607822763895346,9.698242253246619,2.816147793131971,10.34155239260442,-0.12661835551261902,0.011301753111183643,-0.11785198003053665,-2.083016198382278,0.09496634908755217,-2.104233241081238,0.05890846466715165,-0.004361608992116699,0.05085285522733261,0.2671124956044671
4.094425678253174,-4.224413814547006,0.2179589784136624,1.3555517494678497,2.96173095703125,-0.13502764701843262,-0.11191996932029724,3.607822763895346,9.698242253246619,2.816147793131971,10.34155239260442,-0.12661835551261902,0.011301753111183643,-0.11785198003053665,-2.083016198382278,0.09496634908755217,-2.104233241081238,0.05890846466715165,-0.004361608992116699,0.05085285522733261,0.2671124956044671
4.1000707149505615,-4.224413814547006,0.2179589784136624,1.3555517494678497,2.96173095703125,-0.13502764701843262,-0.11191996932029724,3.607822763895346,9.698242253246619,2.816147793131971,10.34155239260442,-0.12661835551261902,0.011301753111183643,-0.11785198003053665,-2.083016198382278,0.09496634908755217,-2.104233241081238,0.05890846466715165,-0.004361608992116699,0.05085285522733261,0.2671124956044671
4.105281829833984,-4.265234413149301,0.22237304508598754,1.3608544170856476,2.97959041595459,-0.1344955563545227,-0.11576798558235168,3.7016013077664023,9.702728401960883,2.7278295696956496,10.378512999028706,-0.1327846348285675,0.011220129206776619,-0.11494456976652145,-2.083058808697501,0.09402706892021007,-2.102233994007111,0.0614030546792143,-0.004339209939743487,0.04925550415119193,0.2671027509486733
4.110785961151123,-4.265234413149301,0.22237304508598754,1.3608544170856476,2.97959041595459,-0.1344955563545227,-0.11576798558235168,3.7016013077664023,9.702728401960883,2.7278295696956496,10.378512999028706,-0.1327846348285675,0.011220129206776619,-0.11494456976652145,-2.083058808697501,0.09402706892021007,-2.102233994007111,0.0614030546792143,-0.004339209939743487,0.04925550415119193,0.2671027509486733
4.11699914932251,-4.285742225649301,0.22460936665447662,1.363505870103836,2.9884912967681885,-0.13416016101837158,-0.11770609021186829,3.747483186299204,9.70504623139392,2.6813820507217754,10.396968932235819,-0.13618043065071106,0.01117606833577156,-0.11328809708356857,-2.0830818923489525,0.09351427671688727,-2.1011922955513,0.06264130043751324,-0.004327861995479949,0.04841543976209696,0.2670972030421689
4.122479200363159,-4.285742225649301,0.22460936665447662,1.363505870103836,2.9884912967681885,-0.13416016101837158,-0.11770609021186829,3.747483186299204,9.70504623139392,2.6813820507217754,10.396968932235819,-0.13618043065071106,0.01117606833577156,-0.11328809708356857,-2.0830818923489525,0.09351427671688727,-2.1011922955513,0.06264130043751324,-0.004327861995479949,0.04841543976209696,0.2670972030421689
4.12772798538208,-4.285742225649301,0.22460936665447662,1.363505870103836,2.9884912967681885,-0.13416016101837158,-0.11770609021186829,3.747483186299204,9.70504623139392,2.6813820507217754,10.396968932235819,-0.13618043065071106,0.01117606833577156,-0.11328809708356857,-2.0830818923489525,0.09351427671688727,-2.1011922955513,0.06264130043751324,-0.004327861995479949,0.04841543976209696,0.2670972030421689
4.133159160614014,-4.326913776400033,0.22914061605843017,1.3688036501407623,3.0062339305877686,-0.1333550214767456,-0.121599942445755,3.8369664450142733,9.70983969682815,2.583512319786812,10.433697471576082,-0.14357486367225647,0.011080006137490273,-0.10950954258441925,-2.0831313209375395,0.09240665512287438,-2.0990467429161073,0.06509494874724103,-0.004304297137395137,0.046645337127012916,0.26708503162131264
4.138699054718018,-4.326913776400033,0.22914061605843017,1.3688036501407623,3.0062339305877686,-0.1333550214767456,-0.121599942445755,3.8369664450142733,9.70983969682815,2.583512319786812,10.433697471576082,-0.14357486367225647,0.011080006137490273,-0.10950954258441925,-2.0831313209375395,0.09240665512287438,-2.0990467429161073,0.06509494874724103,-0.004304297137395137,0.046645337127012916,0.26708503162131264
4.143890380859375,-4.36832040786976,0.23373045682819793,1.3740966618061066,3.023890256881714,-0.1323588490486145,-0.12551608681678772,3.923520434923886,9.71484256288286,2.4806375962039904,10.470164229544451,-0.14868193864822388,0.011006148532032967,-0.10596303641796112,-2.083185232675172,0.0911832032013924,-2.096825730800629,0.06751518421414027,-0.004278587726019254,0.04478471262587387,0.26707153499643016
4.149803638458252,-4.36832040786976,0.23373045682819793,1.3740966618061066,3.023890256881714,-0.1323588490486145,-0.12551608681678772,3.923520434923886,9.71484256288286,2.4806375962039904,10.470164229544451,-0.14868193864822388,0.011006148532032967,-0.10596303641796112,-2.083185232675172,0.0911832032013924,-2.096825730800629,0.06751518421414027,-0.004278587726019254,0.04478471262587387,0.26707153499643016
4.156251668930054,-4.36832040786976,0.23373045682819793,1.3740966618061066,3.023890256881714,-0.1323588490486145,-0.12551608681678772,3.923520434923886,9.71484256288286,2.4806375962039904,10.470164229544451,-0.14868193864822388,0.011006148532032967,-0.10596303641796112,-2.083185232675172,0.0911832032013924,-2.096825730800629,0.06751518421414027,-0.004278587726019254,0.04478471262587387,0.26707153499643016
4.1626198291778564,-4.409999790193979,0.23838866412552306,1.3793847858905792,3.0414602756500244,-0.13115942478179932,-0.12945154309272766,4.007260403127959,9.720059859729375,2.3734593008836367,10.506347154085304,-0.1534724086523056,0.010939267463982105,-0.1025472953915596,-2.083243702056202,0.08983745335408042,-2.09453798532486,0.06990260532149245,-0.004250119321272874,0.04284625237715356,0.26705684020990417
4.168430328369141,-4.409999790193979,0.23838866412552306,1.3793847858905792,3.0414602756500244,-0.13115942478179932,-0.12945154309272766,4.007260403127959,9.720059859729375,2.3734593008836367,10.506347154085304,-0.1534724086523056,0.010939267463982105,-0.1025472953915596,-2.083243702056202,0.08983745335408042,-2.09453798532486,0.06990260532149245,-0.004250119321272874,0.04284625237715356,0.26705684020990417
4.173961162567139,-4.451913776400033,0.2431054627886624,1.3846679031848907,3.0589404106140137,-0.12974917888641357,-0.13340350985527039,4.0881804414947736,9.725492598993194,2.2617039053014056,10.5421809469557,-0.15880297124385834,0.010863936506211758,-0.09902244806289673,-2.0833066223487595,0.08836632537216411,-2.092191696166992,0.07225848437303188,-0.004218621362367165,0.04082500925821182,0.2670410379666647
4.17926025390625,-4.451913776400033,0.2431054627886624,1.3846679031848907,3.0589404106140137,-0.12974917888641357,-0.13340350985527039,4.0881804414947736,9.725492598993194,2.2617039053014056,10.5421809469557,-0.15880297124385834,0.010863936506211758,-0.09902244806289673,-2.0833066223487595,0.08836632537216411,-2.092191696166992,0.07225848437303188,-0.004218621362367165,0.04082500925821182,0.2670410379666647
4.1851067543029785,-4.494062366487924,0.24788085281761596,1.3899462521076202,3.0763285160064697,-0.12812823057174683,-0.13737007975578308,4.166115624319916,9.731140636752864,2.144913908320184,10.577540109927972,-0.1646469682455063,0.010774126276373863,-0.09522275626659393,-2.0833736394314233,0.08677193500344856,-2.0897930145263675,0.07458074432356573,-0.004183867966200099,0.03871270876006001,0.2670241467391689
4.190782070159912,-4.494062366487924,0.24788085281761596,1.3899462521076202,3.0763285160064697,-0.12812823057174683,-0.13737007975578308,4.166115624319916,9.731140636752864,2.144913908320184,10.577540109927972,-0.1646469682455063,0.010774126276373863,-0.09522275626659393,-2.0833736394314233,0.08677193500344856,-2.0897930145263675,0.07458074432356573,-0.004183867966200099,0.03871270876006001,0.2670241467391689
4.1962480545043945,-4.494062366487924,0.24788085281761596,1.3899462521076202,3.0763285160064697,-0.12812823057174683,-0.13737007975578308,4.166115624319916,9.731140636752864,2.144913908320184,10.577540109927972,-0.1646469682455063,0.010774126276373863,-0.09522275626659393,-2.0833736394314233,0.08677193500344856,-2.0897930145263675,0.07458074432356573,-0.004183867966200099,0.03871270876006001,0.2670241467391689
4.201761484146118,-4.536445083620492,0.25270505905064056,1.3952197134494781,3.0936167240142822,-0.12630414962768555,-0.14134636521339417,4.240731021866364,9.736969291211103,2.0227824788378537,10.612203043030544,-0.1706610918045044,0.010671982541680336,-0.0910777896642685,-2.083444175703487,0.08506148898998786,-2.087356388568878,0.0768625056930791,-0.0041460012749030915,0.03650380143919583,0.26700625881792983
4.207534313201904,-4.536445083620492,0.25270505905064056,1.3952197134494781,3.0936167240142822,-0.12630414962768555,-0.14134636521339417,4.240731021866364,9.736969291211103,2.0227824788378537,10.612203043030544,-0.1706610918045044,0.010671982541680336,-0.0910777896642685,-2.083444175703487,0.08506148898998786,-2.087356388568878,0.0768625056930791,-0.0041460012749030915,0.03650380143919583,0.26700625881792983
4.213137626647949,-4.579062404634897,0.2575781261912198,1.4004882872104645,3.1108036041259766,-0.12428086996078491,-0.1453312635421753,4.311801468486491,9.743010736102303,1.8953106571282072,10.646045686217185,-0.17658250033855438,0.010561518371105194,-0.08659198880195618,-2.0835177690115474,0.0832393920876474,-2.0848851263523103,0.07909838264806913,-0.004103920835636056,0.03419830611033716,0.26698734448668776
4.218753099441528,-4.579062404634897,0.2575781261912198,1.4004882872104645,3.1108036041259766,-0.12428086996078491,-0.1453312635421753,4.311801468486491,9.743010736102303,1.8953106571282072,10.646045686217185,-0.17658250033855438,0.010561518371105194,-0.08659198880195618,-2.0835177690115474,0.0832393920876474,-2.0848851263523103,0.07909838264806913,-0.004103920835636056,0.03419830611033716,0.26698734448668776
4.2243664264678955,-4.579062404634897,0.2575781261912198,1.4004882872104645,3.1108036041259766,-0.12428086996078491,-0.1453312635421753,4.311801468486491,9.743010736102303,1.8953106571282072,10.646045686217185,-0.17658250033855438,0.010561518371105194,-0.08659198880195618,-2.0835177690115474,0.0832393920876474,-2.0848851263523103,0.07909838264806913,-0.004103920835636056,0.03419830611033716,0.26698734448668776
4.229191303253174,-4.621913852693979,0.2624902343741269,1.4057519733905792,3.12788462638855,-0.12206614017486572,-0.14931991696357727,4.379024107163683,9.749237140354808,1.7626199770603688,10.67885720211538,-0.1823173612356186,0.010446345433592796,-0.08181081712245941,-2.083593856822646,0.08131254511393488,-2.082393801212311,0.08128057652254311,-0.004057615826654551,0.031798420873141386,0.2669675023261649
4.234508514404297,-4.621913852693979,0.2624902343741269,1.4057519733905792,3.12788462638855,-0.12206614017486572,-0.14931991696357727,4.379024107163683,9.749237140354808,1.7626199770603688,10.67885720211538,-0.1823173612356186,0.010446345433592796,-0.08181081712245941,-2.083593856822646,0.08131254511393488,-2.082393801212311,0.08128057652254311,-0.004057615826654551,0.031798420873141386,0.2669675023261649
4.240464448928833,-4.664999904634897,0.26744141340168426,1.4110106527805328,3.144857883453369,-0.11966186761856079,-0.15330904722213745,4.442230451417114,9.75564609503888,1.6247723740859064,10.710503763551918,-0.18787924945354462,0.010326647199690342,-0.07678980380296707,-2.083672042114988,0.07928373786807304,-2.0798920333385467,0.08340489385035586,-0.004006628285849429,0.029305265911601052,0.26694679786615283
4.245881080627441,-4.664999904634897,0.26744141340168426,1.4110106527805328,3.144857883453369,-0.11966186761856079,-0.15330904722213745,4.442230451417114,9.75564609503888,1.6247723740859064,10.710503763551918,-0.18787924945354462,0.010326647199690342,-0.07678980380296707,-2.083672042114988,0.07928373786807304,-2.0798920333385467,0.08340489385035586,-0.004006628285849429,0.029305265911601052,0.26694679786615283
4.2513062953948975,-4.664999904634897,0.26744141340168426,1.4110106527805328,3.144857883453369,-0.11966186761856079,-0.15330904722213745,4.442230451417114,9.75564609503888,1.6247723740859064,10.710503763551918,-0.18787924945354462,0.010326647199690342,-0.07678980380296707,-2.083672042114988,0.07928373786807304,-2.0798920333385467,0.08340489385035586,-0.004006628285849429,0.029305265911601052,0.26694679786615283
4.256667137145996,-4.708320083620492,0.27242185830982635,1.4162645637989044,3.161714792251587,-0.11706918478012085,-0.1572939157485962,4.501260525501816,9.762206351418905,1.4818889038557148,10.740833883304463,-0.19330181181430817,0.01019936054944992,-0.07157506048679352,-2.0837519395531614,0.0771553276865186,-2.0773944675922396,0.08546718237336225,-0.003950914364466316,0.026721030676168763,0.2669253670177284
4.262554168701172,-4.708320083620492,0.27242185830982635,1.4162645637989044,3.161714792251587,-0.11706918478012085,-0.1572939157485962,4.501260525501816,9.762206351418905,1.4818889038557148,10.740833883304463,-0.19330181181430817,0.01019936054944992,-0.07157506048679352,-2.0837519395531614,0.0771553276865186,-2.0773944675922396,0.08546718237336225,-0.003950914364466316,0.026721030676168763,0.2669253670177284
4.268206834793091,-4.752031269075815,0.2774414038649411,1.4215331375598907,3.178511381149292,-0.1142815351486206,-0.16128280758857727,4.556129329776678,9.768921555336853,1.333573548515171,10.769796506661645,-0.19861754775047302,0.010061641223728657,-0.06617648899555206,-2.0838333980626964,0.07492302249943907,-2.074911224842072,0.08746972779609538,-0.0038901546290011414,0.02403855266377718,0.26690333578988995
4.272897958755493,-4.752031269075815,0.2774414038649411,1.4215331375598907,3.178511381149292,-0.1142815351486206,-0.16128280758857727,4.556129329776678,9.768921555336853,1.333573548515171,10.769796506661645,-0.19861754775047302,0.010061641223728657,-0.06617648899555206,-2.0838333980626964,0.07492302249943907,-2.074911224842072,0.08746972779609538,-0.0038901546290011414,0.02403855266377718,0.26690333578988995
4.278345584869385,-4.752031269075815,0.2774414038649411,1.4215331375598907,3.178511381149292,-0.1142815351486206,-0.16128280758857727,4.556129329776678,9.768921555336853,1.333573548515171,10.769796506661645,-0.19861754775047302,0.010061641223728657,-0.06617648899555206,-2.0838333980626964,0.07492302249943907,-2.074911224842072,0.08746972779609538,-0.0038901546290011414,0.02403855266377718,0.26690333578988995
4.283620357513428,-4.795820178987924,0.2824706947794766,1.4267772734165192,3.1951332092285156,-0.11131662130355835,-0.16524776816368103,4.6063575908651755,9.775757327667089,1.1808330229016568,10.797109814771078,-0.20377588272094727,0.009913479909300804,-0.060640912503004074,-2.083915539857021,0.07260243056810643,-2.0724557876586913,0.08939658893060623,-0.003824096158277061,0.021276039634572433,0.2668807355858207
4.289276838302612,-4.795820178987924,0.2824706947794766,1.4267772734165192,3.1951332092285156,-0.11131662130355835,-0.16524776816368103,4.6063575908651755,9.775757327667089,1.1808330229016568,10.797109814771078,-0.20377588272094727,0.009913479909300804,-0.060640912503004074,-2.083915539857021,0.07260243056810643,-2.0724557876586913,0.08939658893060623,-0.003824096158277061,0.021276039634572433,0.2668807355858207
4.2950599193573,-4.839843692781869,0.28751953601749847,1.432016521692276,3.2116334438323975,-0.10816895961761475,-0.16919544339179993,4.65197270460705,9.782684975229083,1.023301264434627,10.822707068680343,-0.20880267024040222,0.009752731770277023,-0.054938673973083496,-2.0839981962142566,0.07018980237685117,-2.070043408870697,0.09125017292757281,-0.0037529473161656115,0.01842687086596512,0.2668577655967012
4.30111837387085,-4.839843692781869,0.28751953601749847,1.432016521692276,3.2116334438323975,-0.10816895961761475,-0.16919544339179993,4.65197270460705,9.782684975229083,1.023301264434627,10.822707068680343,-0.20880267024040222,0.009752731770277023,-0.054938673973083496,-2.0839981962142566,0.07018980237685117,-2.070043408870697,0.09125017292757281,-0.0037529473161656115,0.01842687086596512,0.2668577655967012
4.306695938110352,-4.839843692781869,0.28751953601749847,1.432016521692276,3.2116334438323975,-0.10816895961761475,-0.16919544339179993,4.65197270460705,9.782684975229083,1.023301264434627,10.822707068680343,-0.20880267024040222,0.009752731770277023,-0.054938673973083496,-2.0839981962142566,0.07018980237685117,-2.070043408870697,0.09125017292757281,-0.0037529473161656115,0.01842687086596512,0.2668577655967012
4.3116607666015625,-4.884101333620492,0.2925781226149411,1.4372510015964508,3.228006362915039,-0.1048395037651062,-0.17312029004096985,4.69285729858119,9.789670773264444,0.8610696519272577,10.846463741570227,-0.21367251873016357,0.009579506702721119,-0.04905916005373001,-2.0840809874657746,0.06768698446272396,-2.067690932750702,0.09302739703166432,-0.003676745428869669,0.015492699063816876,0.266834613667563
4.31745457649231,-4.884101333620492,0.2925781226149411,1.4372510015964508,3.228006362915039,-0.1048395037651062,-0.17312029004096985,4.69285729858119,9.789670773264444,0.8610696519272577,10.846463741570227,-0.21367251873016357,0.009579506702721119,-0.04905916005373001,-2.0840809874657746,0.06768698446272396,-2.067690932750702,0.09302739703166432,-0.003676745428869669,0.015492699063816876,0.266834613667563
4.3231751918792725,-4.928593578340951,0.2976367092123837,1.4424804747104645,3.2442550659179688,-0.10133004188537598,-0.17701810598373413,4.728904545921935,9.796692195326456,0.694230340941136,10.868268339683596,-0.2183687537908554,0.009394438937306404,-0.042994990944862366,-2.0841635221238493,0.06509610764313509,-2.065410536527634,0.09472530651754785,-0.0035956069895915718,0.012475190982504355,0.2668113994976656
4.328751802444458,-4.928593578340951,0.2976367092123837,1.4424804747104645,3.2442550659179688,-0.10133004188537598,-0.17701810598373413,4.728904545921935,9.796692195326456,0.694230340941136,10.868268339683596,-0.2183687537908554,0.009394438937306404,-0.042994990944862366,-2.0841635221238493,0.06509610764313509,-2.065410536527634,0.09472530651754785,-0.0035956069895915718,0.012475190982504355,0.2668113994976656
4.334515333175659,-4.928593578340951,0.2976367092123837,1.4424804747104645,3.2442550659179688,-0.10133004188537598,-0.17701810598373413,4.728904545921935,9.796692195326456,0.694230340941136,10.868268339683596,-0.2183687537908554,0.009394438937306404,-0.042994990944862366,-2.0841635221238493,0.06509610764313509,-2.065410536527634,0.09472530651754785,-0.0035956069895915718,0.012475190982504355,0.2668113994976656
4.340111970901489,-4.973320426943246,0.3027050709715695,1.4477050602436066,3.260371208190918,-0.0976482629776001,-0.18088462948799133,4.759878146432413,9.803740613647724,0.5229045398154059,10.887981212636817,-0.2228814959526062,0.009197596460580826,-0.036743663251399994,-2.084245290116987,0.06242323931945672,-2.0632152199745177,0.09633767408406341,-0.0035088448315250334,0.009376538834047302,0.26678823801686835
4.345399618148804,-4.973320426943246,0.3027050709715695,1.4477050602436066,3.260371208190918,-0.0976482629776001,-0.18088462948799133,4.759878146432413,9.803740613647724,0.5229045398154059,10.887981212636817,-0.2228814959526062,0.009197596460580826,-0.036743663251399994,-2.084245290116987,0.06242323931945672,-2.0632152199745177,0.09633767408406341,-0.0035088448315250334,0.009376538834047302,0.26678823801686835
4.351353406906128,-5.018280925753061,0.30776365756901214,1.452924758195877,3.276355504989624,-0.09379661083221436,-0.18471193313598633,4.785685150581117,9.810730477524649,0.3472454250262999,10.905449690826961,-0.2272053211927414,0.008989837020635605,-0.03030768409371376,-2.0843259072326825,0.05967078531938041,-2.0611287653446198,0.09786158440877217,-0.0034177941865620523,0.006199513016214365,0.26676541289772715
4.3566155433654785,-5.018280925753061,0.30776365756901214,1.452924758195877,3.276355504989624,-0.09379661083221436,-0.18471193313598633,4.785685150581117,9.810730477524649,0.3472454250262999,10.905449690826961,-0.2272053211927414,0.008989837020635605,-0.03030768409371376,-2.0843259072326825,0.05967078531938041,-2.0611287653446198,0.09786158440877217,-0.0034177941865620523,0.006199513016214365,0.26676541289772715
4.36290168762207,-5.018280925753061,0.30776365756901214,1.452924758195877,3.276355504989624,-0.09379661083221436,-0.18471193313598633,4.785685150581117,9.810730477524649,0.3472454250262999,10.905449690826961,-0.2272053211927414,0.008989837020635605,-0.03030768409371376,-2.0843259072326825,0.05967078531938041,-2.0611287653446198,0.09786158440877217,-0.0034177941865620523,0.006199513016214365,0.26676541289772715
4.368486166000366,-5.063476505281869,0.312812498807034,1.458139568567276,3.292203187942505,-0.08979368209838867,-0.18849006295204163,4.805906407469756,9.817628439582942,0.1669171096732531,10.920438110166135,-0.23234209418296814,0.008698724210262299,-0.02306099608540535,-2.084404713106727,0.056851404208152774,-2.059181034564972,0.09928778783916015,-0.0033222184966336245,0.00293803857322429,0.26674325352251405
4.373836278915405,-5.063476505281869,0.312812498807034,1.458139568567276,3.292203187942505,-0.08979368209838867,-0.18849006295204163,4.805906407469756,9.817628439582942,0.1669171096732531,10.920438110166135,-0.23234209418296814,0.008698724210262299,-0.02306099608540535,-2.084404713106727,0.056851404208152774,-2.059181034564972,0.09928778783916015,-0.0033222184966336245,0.00293803857322429,0.26674325352251405
4.37969708442688,-5.108867111208383,0.3178417897215695,1.463349610567093,3.3079147338867188,-0.08566868305206299,-0.192216694355011,4.819961356962004,9.824372467091072,-0.01799412576749024,10.932615488773822,-0.23615777492523193,0.008463466539978981,-0.015616636723279953,-2.084480944783575,0.053984081136489254,-2.0573792159557343,0.10060114698491053,-0.003223080642082142,-0.00040632399918108563,0.2667216544692921
4.3852434158325195,-5.108867111208383,0.3178417897215695,1.463349610567093,3.3079147338867188,-0.08566868305206299,-0.192216694355011,4.819961356962004,9.824372467091072,-0.01799412576749024,10.932615488773822,-0.23615777492523193,0.008463466539978981,-0.015616636723279953,-2.084480944783575,0.053984081136489254,-2.0573792159557343,0.10060114698491053,-0.003223080642082142,-0.00040632399918108563,0.2667216544692921
4.390649795532227,-5.154491844179574,0.3228515601149411,1.4685546457767487,3.323486804962158,-0.0813971757888794,-0.1958962380886078,4.82828807222994,9.831024644903719,-0.2064949903344961,10.942215047882632,-0.23932312428951263,0.008276043459773064,-0.008663628250360489,-2.08455477076028,0.05105387235591978,-2.0557096481323245,0.10180905564138185,-0.0031188498663519333,-0.0038156097292849555,0.26670053929111753
4.3971312046051025,-5.154491844179574,0.3228515601149411,1.4685546457767487,3.323486804962158,-0.0813971757888794,-0.1958962380886078,4.82828807222994,9.831024644903719,-0.2064949903344961,10.942215047882632,-0.23932312428951263,0.008276043459773064,-0.008663628250360489,-2.08455477076028,0.05105387235591978,-2.0557096481323245,0.10180905564138185,-0.0031188498663519333,-0.0038156097292849555,0.26670053929111753
4.402383327484131,-5.154491844179574,0.3228515601149411,1.4685546457767487,3.323486804962158,-0.0813971757888794,-0.1958962380886078,4.82828807222994,9.831024644903719,-0.2064949903344961,10.942215047882632,-0.23932312428951263,0.008276043459773064,-0.008663628250360489,-2.08455477076028,0.05105387235591978,-2.0557096481323245,0.10180905564138185,-0.0031188498663519333,-0.0038156097292849555,0.26670053929111753
4.40812087059021,-5.20035165786976,0.32783203482540557,1.4737596809864044,3.338918447494507,-0.07697820663452148,-0.19951114058494568,4.830871010586094,9.837431114197168,-0.3987147806810523,10.94908706744717,-0.24316295981407166,0.007988113909959793,-0.0012736395001411438,-2.0846259278534083,0.04806070227633037,-2.054234004020691,0.10291166601257073,-0.003011576692364623,-0.007292157116891711,0.26668081881234823
4.41419792175293,-5.20035165786976,0.32783203482540557,1.4737596809864044,3.338918447494507,-0.07697820663452148,-0.19951114058494568,4.830871010586094,9.837431114197168,-0.3987147806810523,10.94908706744717,-0.24316295981407166,0.007988113909959793,-0.0012736395001411438,-2.0846259278534083,0.04806070227633037,-2.054234004020691,0.10291166601257073,-0.003011576692364623,-0.007292157116891711,0.26668081881234823
4.420071363449097,-5.246406021120492,0.33278318405064056,1.4789550602436066,3.354210376739502,-0.07243812084197998,-0.20306438207626343,4.827220601275348,9.84362671297396,-0.5947073052311637,10.953047459153934,-0.24611885845661163,0.007733050733804703,0.006223633885383606,-2.084693781422393,0.04502141580159076,-2.052925962209702,0.1038965522100085,-0.0029007572357329773,-0.010836939358026905,0.26666193673590105
4.426666259765625,-5.246406021120492,0.33278318405064056,1.4789550602436066,3.354210376739502,-0.07243812084197998,-0.20306438207626343,4.827220601275348,9.84362671297396,-0.5947073052311637,10.953047459153934,-0.24611885845661163,0.007733050733804703,0.006223633885383606,-2.084693781422393,0.04502141580159076,-2.052925962209702,0.1038965522100085,-0.0029007572357329773,-0.010836939358026905,0.26666193673590105
4.432585954666138,-5.292694988253061,0.3376855468741269,1.4841503202915192,3.369365692138672,-0.06776821613311768,-0.2065451741218567,4.81750784936352,9.849489385808669,-0.7940842170790007,10.95406868417771,-0.24931667745113373,0.007426513358950615,0.014011405408382416,-2.0847582340691124,0.04193084381470508,-2.0518350541591643,0.10476647513341507,-0.0027880609921335144,-0.014442932688807537,0.26664468719056034
4.437959909439087,-5.292694988253061,0.3376855468741269,1.4841503202915192,3.369365692138672,-0.06776821613311768,-0.2065451741218567,4.81750784936352,9.849489385808669,-0.7940842170790007,10.95406868417771,-0.24931667745113373,0.007426513358950615,0.014011405408382416,-2.0847582340691124,0.04193084381470508,-2.0518350541591643,0.10476647513341507,-0.0027880609921335144,-0.014442932688807537,0.26664468719056034
4.443313837051392,-5.292694988253061,0.3376855468741269,1.4841503202915192,3.369365692138672,-0.06776821613311768,-0.2065451741218567,4.81750784936352,9.849489385808669,-0.7940842170790007,10.95406868417771,-0.24931667745113373,0.007426513358950615,0.014011405408382416,-2.0847582340691124,0.04193084381470508,-2.0518350541591643,0.10476647513341507,-0.0027880609921335144,-0.014442932688807537,0.26664468719056034
4.449050664901733,-5.339218559267465,0.3425390636912198,1.4893359243869781,3.384373903274536,-0.06300747394561768,-0.20994630455970764,4.801031787851677,9.85495043895667,-0.9970086254616527,10.951808049441631,-0.2522295415401459,0.007088368758559227,0.02248636819422245,-2.0848186031321685,0.03881342829499223,-2.0509657502174377,0.10550406183564037,-0.002674454020921034,-0.01811308715402881,0.2666289180852348
4.454458475112915,-5.339218559267465,0.3425390636912198,1.4893359243869781,3.384373903274536,-0.06300747394561768,-0.20994630455970764,4.801031787851677,9.85495043895667,-0.9970086254616527,10.951808049441631,-0.2522295415401459,0.007088368758559227,0.02248636819422245,-2.0848186031321685,0.03881342829499223,-2.0509657502174377,0.10550406183564037,-0.002674454020921034,-0.01811308715402881,0.2666289180852348
4.460357427597046,-5.385937156679574,0.34733398914249847,1.4945214092731476,3.399242877960205,-0.05815523862838745,-0.2132694125175476,4.777843670036323,9.859984035828356,-1.2029127607948287,10.946286609157998,-0.254131019115448,0.006868237629532814,0.030446931719779968,-2.084874777507967,0.035668645798278095,-2.050330299139023,0.10610819383368193,-0.002560326317793078,-0.021837133894998858,0.2666148463004741
4.465177297592163,-5.385937156679574,0.34733398914249847,1.4945214092731476,3.399242877960205,-0.05815523862838745,-0.2132694125175476,4.777843670036323,9.859984035828356,-1.2029127607948287,10.946286609157998,-0.254131019115448,0.006868237629532814,0.030446931719779968,-2.084874777507967,0.035668645798278095,-2.050330299139023,0.10610819383368193,-0.002560326317793078,-0.021837133894998858,0.2666148463004741
4.470459699630737,-5.385937156679574,0.34733398914249847,1.4945214092731476,3.399242877960205,-0.05815523862838745,-0.2132694125175476,4.777843670036323,9.859984035828356,-1.2029127607948287,10.946286609157998,-0.254131019115448,0.006868237629532814,0.030446931719779968,-2.084874777507967,0.035668645798278095,-2.050330299139023,0.10610819383368193,-0.002560326317793078,-0.021837133894998858,0.2666148463004741
4.475125789642334,-5.43289035797352,0.35207029342564056,1.499702125787735,3.413973093032837,-0.05318725109100342,-0.21651482582092285,4.748407115646915,9.86465626239231,-1.4113207020115937,10.937800526253218,-0.25607991218566895,0.006595110520720482,0.038377661257982254,-2.0849268648210217,0.0324816645133845,-2.0499193489551546,0.10658874006502161,-0.0024441126132365037,-0.025606465254102786,0.2666025164002648
4.480650186538696,-5.43289035797352,0.35207029342564056,1.499702125787735,3.413973093032837,-0.05318725109100342,-0.21651482582092285,4.748407115646915,9.86465626239231,-1.4113207020115937,10.937800526253218,-0.25607991218566895,0.006595110520720482,0.038377661257982254,-2.0849268648210217,0.0324816645133845,-2.0499193489551546,0.10658874006502161,-0.0024441126132365037,-0.025606465254102786,0.2666025164002648
4.48593282699585,-5.480039062502328,0.35673826098354766,1.5048779547214508,3.428562879562378,-0.04811650514602661,-0.2196718454360962,4.712531388091004,9.868803378950826,-1.6221588829266955,10.926165569384807,-0.2575136721134186,0.006356127560138702,0.04607566446065903,-2.0849745584736485,0.029260565606116853,-2.049764782190323,0.10694029943074136,-0.0023287298764696394,-0.029419750690252117,0.26659233588352976
4.4911863803863525,-5.480039062502328,0.35673826098354766,1.5048779547214508,3.428562879562378,-0.04811650514602661,-0.2196718454360962,4.712531388091004,9.868803378950826,-1.6221588829266955,10.926165569384807,-0.2575136721134186,0.006356127560138702,0.04607566446065903,-2.0849745584736485,0.029260565606116853,-2.049764782190323,0.10694029943074136,-0.0023287298764696394,-0.029419750690252117,0.26659233588352976
4.4971923828125,-5.480039062502328,0.35673826098354766,1.5048779547214508,3.428562879562378,-0.04811650514602661,-0.2196718454360962,4.712531388091004,9.868803378950826,-1.6221588829266955,10.926165569384807,-0.2575136721134186,0.006356127560138702,0.04607566446065903,-2.0849745584736485,0.029260565606116853,-2.049764782190323,0.10694029943074136,-0.0023287298764696394,-0.029419750690252117,0.26659233588352976
4.502778053283691,-5.527421894075815,0.3613281166544766,1.510053664445877,3.443016290664673,-0.04293423891067505,-0.2227383553981781,4.6704226882813735,9.872437007353746,-1.8351498755968134,10.911529256251177,-0.25894835591316223,0.006036534905433655,0.05411549657583237,-2.08501776653056,0.02600006603626718,-2.0498815298080446,0.10716677418280608,-0.0022135715949419977,-0.03327197255469188,0.2665846532906329
4.508010149002075,-5.527421894075815,0.3613281166544766,1.510053664445877,3.443016290664673,-0.04293423891067505,-0.2227383553981781,4.6704226882813735,9.872437007353746,-1.8351498755968134,10.911529256251177,-0.25894835591316223,0.006036534905433655,0.05411549657583237,-2.08501776653056,0.02600006603626718,-2.0498815298080446,0.10716677418280608,-0.0022135715949419977,-0.03327197255469188,0.2665846532906329
4.513322830200195,-5.574999752047006,0.36583983063610503,1.5152197182178497,3.4573330879211426,-0.03769087791442871,-0.22570443153381348,4.6212800607406015,9.875396749681963,-2.0503363760116344,10.893470669489352,-0.26010769605636597,0.005674790591001511,0.06298286467790604,-2.085055971816107,0.022730696776955696,-2.0502821981906894,0.10724739733284151,-0.0021019739002123257,-0.03716390306047711,0.266579407938707
4.518940210342407,-5.574999752047006,0.36583983063610503,1.5152197182178497,3.4573330879211426,-0.03769087791442871,-0.22570443153381348,4.6212800607406015,9.875396749681963,-2.0503363760116344,10.893470669489352,-0.26010769605636597,0.005674790591001511,0.06298286467790604,-2.085055971816107,0.022730696776955696,-2.0502821981906894,0.10724739733284151,-0.0021019739002123257,-0.03716390306047711,0.266579407938707
4.524879693984985,-5.574999752047006,0.36583983063610503,1.5152197182178497,3.4573330879211426,-0.03769087791442871,-0.22570443153381348,4.6212800607406015,9.875396749681963,-2.0503363760116344,10.893470669489352,-0.26010769605636597,0.005674790591001511,0.06298286467790604,-2.085055971816107,0.022730696776955696,-2.0502821981906894,0.10724739733284151,-0.0021019739002123257,-0.03716390306047711,0.266579407938707
4.530644416809082,-5.598866882326547,0.36805664658459136,1.517802745103836,3.4644417762756348,-0.035052716732025146,-0.22714799642562866,4.593985055746586,9.876586021759893,-2.1586803237454526,10.883111477299462,-0.26052233576774597,0.005523558706045151,0.06744683533906937,-2.08507314723038,0.021096466073096953,-2.050600951910019,0.10723040896194141,-0.0020481432794581637,-0.03912344566417031,0.2665778683416111
4.536667108535767,-5.598866882326547,0.36805664658459136,1.517802745103836,3.4644417762756348,-0.035052716732025146,-0.22714799642562866,4.593985055746586,9.876586021759893,-2.1586803237454526,10.883111477299462,-0.26052233576774597,0.005523558706045151,0.06744683533906937,-2.08507314723038,0.021096466073096953,-2.050600951910019,0.10723040896194141,-0.0020481432794581637,-0.03912344566417031,0.2665778683416111
4.542147874832153,-5.64675754547352,0.37243162751110503,1.5229686796665192,3.4785573482513428,-0.02976173162460327,-0.22996044158935547,4.533694384574071,9.878448818848476,-2.3766903774876402,10.859741906290367,-0.2610648274421692,0.005224771797657013,0.0767471119761467,-2.0851035553635118,0.017839663461472154,-2.051462298631668,0.10707436713355632,-0.0019432216410863908,-0.0430664438405963,0.2665767552914323
4.547718524932861,-5.64675754547352,0.37243162751110503,1.5229686796665192,3.4785573482513428,-0.02976173162460327,-0.22996044158935547,4.533694384574071,9.878448818848476,-2.3766903774876402,10.859741906290367,-0.2610648274421692,0.005224771797657013,0.0767471119761467,-2.0851035553635118,0.017839663461472154,-2.051462298631668,0.10707436713355632,-0.0019432216410863908,-0.0430664438405963,0.2665767552914323
4.553731918334961,-5.694843711855356,0.3767089760294766,1.5281249582767487,3.4925425052642822,-0.024381637573242188,-0.23267516493797302,4.467035355405449,9.879698347910155,-2.5960080330069477,10.833495613926074,-0.26126259565353394,0.00511927530169487,0.08411902189254761,-2.085129061059093,0.014556404391227469,-2.0525994300842285,0.10678529225157289,-0.0018404610586587383,-0.04703309171268593,0.2665783317473746
4.559222459793091,-5.694843711855356,0.3767089760294766,1.5281249582767487,3.4925425052642822,-0.024381637573242188,-0.23267516493797302,4.467035355405449,9.879698347910155,-2.5960080330069477,10.833495613926074,-0.26126259565353394,0.00511927530169487,0.08411902189254761,-2.085129061059093,0.014556404391227469,-2.0525994300842285,0.10678529225157289,-0.0018404610586587383,-0.04703309171268593,0.2665783317473746
4.56467080116272,-5.694843711855356,0.3767089760294766,1.5281249582767487,3.4925425052642822,-0.024381637573242188,-0.23267516493797302,4.467035355405449,9.879698347910155,-2.5960080330069477,10.833495613926074,-0.26126259565353394,0.00511927530169487,0.08411902189254761,-2.085129061059093,0.014556404391227469,-2.0525994300842285,0.10678529225157289,-0.0018404610586587383,-0.04703309171268593,0.2665783317473746
4.569751739501953,-5.743164005281869,0.38087888717564056,1.5332812368869781,3.5064027309417725,-0.01888221502304077,-0.2352863848209381,4.394601779428264,9.880278931376983,-2.8162644083815267,10.804654708476448,-0.2611272931098938,0.0049359798431396484,0.091244176030159,-2.085149636626178,0.011228671323620596,-2.0540470719337462,0.10637657548383976,-0.0017404355170084586,-0.051016717566359684,0.2665833636519917
4.575420379638672,-5.743164005281869,0.38087888717564056,1.5332812368869781,3.5064027309417725,-0.01888221502304077,-0.2352863848209381,4.394601779428264,9.880278931376983,-2.8162644083815267,10.804654708476448,-0.2611272931098938,0.0049359798431396484,0.091244176030159,-2.085149636626178,0.011228671323620596,-2.0540470719337462,0.10637657548383976,-0.0017404355170084586,-0.051016717566359684,0.2665833636519917
4.580381393432617,-5.743164005281869,0.38087888717564056,1.5332812368869781,3.5064027309417725,-0.01888221502304077,-0.2352863848209381,4.394601779428264,9.880278931376983,-2.8162644083815267,10.804654708476448,-0.2611272931098938,0.0049359798431396484,0.091244176030159,-2.085149636626178,0.011228671323620596,-2.0540470719337462,0.10637657548383976,-0.0017404355170084586,-0.051016717566359684,0.2665833636519917
4.586296796798706,-5.791679325106088,0.38493164539249847,1.538432627916336,3.520139455795288,-0.013276875019073486,-0.23779019713401794,4.316257684576753,9.880126035355762,-3.0372355998919436,10.773202164851737,-0.2606847584247589,0.00467618927359581,0.09866957366466522,-2.0851650386258602,0.007864596263764347,-2.0558081388473513,0.10584340242333314,-0.00164451774249813,-0.05501327180875525,0.2665919000455636
4.5921549797058105,-5.791679325106088,0.38493164539249847,1.538432627916336,3.520139455795288,-0.013276875019073486,-0.23779019713401794,4.316257684576753,9.880126035355762,-3.0372355998919436,10.773202164851737,-0.2606847584247589,0.00467618927359581,0.09866957366466522,-2.0851650386258602,0.007864596263764347,-2.0558081388473513,0.10584340242333314,-0.00164451774249813,-0.05501327180875525,0.2665919000455636
4.597808599472046,-5.840390625002328,0.38886719107540557,1.5435790121555328,3.5337557792663574,-0.00759577751159668,-0.24017873406410217,4.231613410261325,9.879089319453335,-3.258757503943357,10.73895227251428,-0.2599516212940216,0.0043862611055374146,0.10669584572315216,-2.0851750529076734,0.0044820657577832835,-2.057906019687653,0.10517453693060015,-0.0015558693038724097,-0.059019786410810966,0.2666042184383681
4.603803396224976,-5.840390625002328,0.38886719107540557,1.5435790121555328,3.5337557792663574,-0.00759577751159668,-0.24017873406410217,4.231613410261325,9.879089319453335,-3.258757503943357,10.73895227251428,-0.2599516212940216,0.0043862611055374146,0.10669584572315216,-2.0851750529076734,0.0044820657577832835,-2.057906019687653,0.10517453693060015,-0.0015558693038724097,-0.059019786410810966,0.2666042184383681
4.60955286026001,-5.840390625002328,0.38886719107540557,1.5435790121555328,3.5337557792663574,-0.00759577751159668,-0.24017873406410217,4.231613410261325,9.879089319453335,-3.258757503943357,10.73895227251428,-0.2599516212940216,0.0043862611055374146,0.10669584572315216,-2.0851750529076734,0.0044820657577832835,-2.057906019687653,0.10517453693060015,-0.0015558693038724097,-0.059019786410810966,0.2666042184383681
4.615086793899536,-5.889335575106088,0.3926757788649411,1.5487206280231476,3.547257661819458,-0.0018191933631896973,-0.24245047569274902,4.141080647687228,9.877228593145963,-3.4808087852637395,10.702239054617955,-0.25929245352745056,0.004206225275993347,0.11389072984457016,-2.0851795957713968,0.0010693739342690486,-2.0603457033634185,0.10438003870717019,-0.0014729130627853819,-0.06303587549610952,0.26662063084258286
4.621074438095093,-5.889335575106088,0.3926757788649411,1.5487206280231476,3.547257661819458,-0.0018191933631896973,-0.24245047569274902,4.141080647687228,9.877228593145963,-3.4808087852637395,10.702239054617955,-0.25929245352745056,0.004206225275993347,0.11389072984457016,-2.0851795957713968,0.0010693739342690486,-2.0603457033634185,0.10438003870717019,-0.0014729130627853819,-0.06303587549610952,0.26662063084258286
4.626905202865601,-5.938437404634897,0.39634763359936187,1.5538573563098907,3.56064510345459,0.003990471363067627,-0.24460816383361816,4.043756430901056,9.874388920245385,-3.7029367307881746,10.662704939910956,-0.25781407952308655,0.003927040845155716,0.1226586252450943,-2.085178560487032,-0.002336892639042592,-2.0631187498569488,0.10343436602427643,-0.0013997352147434251,-0.06705335115423586,0.2666407840033677
4.632275581359863,-5.938437404634897,0.39634763359936187,1.5538573563098907,3.56064510345459,0.003990471363067627,-0.24460816383361816,4.043756430901056,9.874388920245385,-3.7029367307881746,10.662704939910956,-0.25781407952308655,0.003927040845155716,0.1226586252450943,-2.085178560487032,-0.002336892639042592,-2.0631187498569488,0.10343436602427643,-0.0013997352147434251,-0.06705335115423586,0.2666407840033677
4.637414455413818,-5.987773361208383,0.3998828148833127,1.558994084596634,3.5739307403564453,0.0097731351852417,-0.2466401755809784,3.938829542849934,9.870455334097077,-3.9249517578012614,10.620095275477762,-0.25597691535949707,0.0036640428006649017,0.13228802382946014,-2.0851720737170574,-0.005702032311598492,-2.0662688255310058,0.10231508782118134,-0.001338776411686598,-0.07106878453276723,0.2666652499446929
4.642449140548706,-5.987773361208383,0.3998828148833127,1.558994084596634,3.5739307403564453,0.0097731351852417,-0.2466401755809784,3.938829542849934,9.870455334097077,-3.9249517578012614,10.620095275477762,-0.25597691535949707,0.0036640428006649017,0.13228802382946014,-2.0851720737170574,-0.005702032311598492,-2.0662688255310058,0.10231508782118134,-0.001338776411686598,-0.07106878453276723,0.2666652499446929
4.648020267486572,-5.987773361208383,0.3998828148833127,1.558994084596634,3.5739307403564453,0.0097731351852417,-0.2466401755809784,3.938829542849934,9.870455334097077,-3.9249517578012614,10.620095275477762,-0.25597691535949707,0.0036640428006649017,0.13228802382946014,-2.0851720737170574,-0.005702032311598492,-2.0662688255310058,0.10231508782118134,-0.001338776411686598,-0.07106878453276723,0.2666652499446929
4.653710126876831,-6.03726572036976,0.40327148795040557,1.564121037721634,3.5871124267578125,0.015498548746109009,-0.24853765964508057,3.8259849265707095,9.865418635743188,-4.146690710833088,10.574480473566183,-0.253879189491272,0.003459528088569641,0.1422097086906433,-2.085160407442038,-0.009009185209008464,-2.0698048889636995,0.1010127753560269,-0.0012902799246291845,-0.0750792247507262,0.2666942412166198
4.658883571624756,-6.03726572036976,0.40327148795040557,1.564121037721634,3.5871124267578125,0.015498548746109009,-0.24853765964508057,3.8259849265707095,9.865418635743188,-4.146690710833088,10.574480473566183,-0.253879189491272,0.003459528088569641,0.1422097086906433,-2.085160407442038,-0.009009185209008464,-2.0698048889636995,0.1010127753560269,-0.0012902799246291845,-0.0750792247507262,0.2666942412166198
4.664547920227051,-6.08707040786976,0.40651365280064056,1.569257766008377,3.600222587585449,0.021168231964111328,-0.25030121207237244,3.704983391110182,9.859190956597793,-4.368345656858033,10.52590962057965,-0.2514612674713135,0.003313671797513962,0.15200498700141907,-2.0851438276631895,-0.012260022026058066,-2.0737603425979616,0.09952288235036331,-0.0012557461613939853,-0.07908814559162303,0.266728358432141
4.670206785202026,-6.08707040786976,0.40651365280064056,1.569257766008377,3.600222587585449,0.021168231964111328,-0.25030121207237244,3.704983391110182,9.859190956597793,-4.368345656858033,10.52590962057965,-0.2514612674713135,0.003313671797513962,0.15200498700141907,-2.0851438276631895,-0.012260022026058066,-2.0737603425979616,0.09952288235036331,-0.0012557461613939853,-0.07908814559162303,0.266728358432141
4.675134658813477,-6.08707040786976,0.40651365280064056,1.569257766008377,3.600222587585449,0.021168231964111328,-0.25030121207237244,3.704983391110182,9.859190956597793,-4.368345656858033,10.52590962057965,-0.2514612674713135,0.003313671797513962,0.15200498700141907,-2.0851438276631895,-0.012260022026058066,-2.0737603425979616,0.09952288235036331,-0.0012557461613939853,-0.07908814559162303,0.266728358432141
4.680059194564819,-6.136952819826547,0.4095800733557553,1.5743798315525055,3.613219976425171,0.026766955852508545,-0.25192949175834656,3.576593302306823,9.85186859941128,-4.5886838578535,10.474969270957782,-0.24864625930786133,0.0032095611095428467,0.16140371561050415,-2.0851226556533806,-0.015446716899356566,-2.07809522151947,0.09785671578872085,-0.001234585548631604,-0.08307325136912748,0.26676733739147995
4.6852967739105225,-6.136952819826547,0.4095800733557553,1.5743798315525055,3.613219976425171,0.026766955852508545,-0.25192949175834656,3.576593302306823,9.85186859941128,-4.5886838578535,10.474969270957782,-0.24864625930786133,0.0032095611095428467,0.16140371561050415,-2.0851226556533806,-0.015446716899356566,-2.07809522151947,0.09785671578872085,-0.001234585548631604,-0.08307325136912748,0.26676733739147995
4.6909825801849365,-6.187070312502328,0.412490210532269,1.5794970095157623,3.626131296157837,0.03231745958328247,-0.25342434644699097,3.4409430360410695,9.843381767462757,-4.8077205937625695,10.421877601879851,-0.24536511301994324,0.0031324848532676697,0.17041070759296417,-2.0850970614605435,-0.018583177085278672,-2.0828215777873993,0.09601851053483837,-0.0012280993278010965,-0.08703481844108048,0.2668115306636545
4.696901559829712,-6.187070312502328,0.412490210532269,1.5794970095157623,3.626131296157837,0.03231745958328247,-0.25342434644699097,3.4409430360410695,9.843381767462757,-4.8077205937625695,10.421877601879851,-0.24536511301994324,0.0031324848532676697,0.17041070759296417,-2.0850970614605435,-0.018583177085278672,-2.0828215777873993,0.09601851053483837,-0.0012280993278010965,-0.08703481844108048,0.2668115306636545
4.702503204345703,-6.187070312502328,0.412490210532269,1.5794970095157623,3.626131296157837,0.03231745958328247,-0.25342434644699097,3.4409430360410695,9.843381767462757,-4.8077205937625695,10.421877601879851,-0.24536511301994324,0.0031324848532676697,0.17041070759296417,-2.0850970614605435,-0.018583177085278672,-2.0828215777873993,0.09601851053483837,-0.0012280993278010965,-0.08703481844108048,0.2668115306636545
4.7081828117370605,-6.237343730928842,0.4152246034136624,1.5846141874790192,3.6389682292938232,0.03782203793525696,-0.25479060411453247,3.29826074352421,9.833771853562691,-5.025039531662915,10.366992289002246,-0.2416190207004547,0.0030767209827899933,0.17912498116493225,-2.0850672509828505,-0.02167138806802365,-2.087933725118637,0.09401176303726827,-0.0012360398030335413,-0.09096531687973151,0.26686108470402925
4.713776588439941,-6.237343730928842,0.4152246034136624,1.5846141874790192,3.6389682292938232,0.03782203793525696,-0.25479060411453247,3.29826074352421,9.833771853562691,-5.025039531662915,10.366992289002246,-0.2416190207004547,0.0030767209827899933,0.17912498116493225,-2.0850672509828505,-0.02167138806802365,-2.087933725118637,0.09401176303726827,-0.0012360398030335413,-0.09096531687973151,0.26686108470402925
4.719384431838989,-6.287851276400033,0.41777341723354766,1.5897215902805328,3.6517317295074463,0.04327899217605591,-0.2560277283191681,3.1487095251480754,9.822967012106588,-5.240248293342115,10.31056303683923,-0.23743626475334167,0.003046385943889618,0.1876836121082306,-2.085033441916507,-0.02471105565897935,-2.093415677547455,0.09183851769372903,-0.0012605587014551313,-0.09485765000972314,0.2669159061911801
4.7247278690338135,-6.287851276400033,0.41777341723354766,1.5897215902805328,3.6517317295074463,0.04327899217605591,-0.2560277283191681,3.1487095251480754,9.822967012106588,-5.240248293342115,10.31056303683923,-0.23743626475334167,0.003046385943889618,0.1876836121082306,-2.085033441916507,-0.02471105565897935,-2.093415677547455,0.09183851769372903,-0.0012605587014551313,-0.09485765000972314,0.2669159061911801
4.730212450027466,-6.287851276400033,0.41777341723354766,1.5897215902805328,3.6517317295074463,0.04327899217605591,-0.2560277283191681,3.1487095251480754,9.822967012106588,-5.240248293342115,10.31056303683923,-0.23743626475334167,0.003046385943889618,0.1876836121082306,-2.085033441916507,-0.02471105565897935,-2.093415677547455,0.09183851769372903,-0.0012605587014551313,-0.09485765000972314,0.2669159061911801
4.735209703445435,-6.338515701296274,0.4201367115965695,1.594829112291336,3.664436101913452,0.0486505925655365,-0.2571476995944977,2.991865991732069,9.810943369557094,-5.452555239961853,10.25271650716029,-0.23141586780548096,0.0030486546456813812,0.19725333154201508,-2.0849961239030437,-0.02768128413312024,-2.099249303340912,0.08948419573881422,-0.0013036255795311317,-0.09869750000285286,0.26697578806314476
4.7413551807403564,-6.338515701296274,0.4201367115965695,1.594829112291336,3.664436101913452,0.0486505925655365,-0.2571476995944977,2.991865991732069,9.810943369557094,-5.452555239961853,10.25271650716029,-0.23141586780548096,0.0030486546456813812,0.19725333154201508,-2.0849961239030437,-0.02768128413312024,-2.099249303340912,0.08948419573881422,-0.0013036255795311317,-0.09869750000285286,0.26697578806314476
4.747470140457153,-6.389374675753061,0.42231445670040557,1.5999316275119781,3.6770823001861572,0.0538957417011261,-0.2581501007080078,2.827430747679677,9.797638763213227,-5.661648902736661,10.193625559453034,-0.22655439376831055,0.003088880330324173,0.20644555985927582,-2.0849559227171572,-0.030559622193745303,-2.1054266273975375,0.08693865628479316,-0.0013675640817144142,-0.10247923353702403,0.26704071680893565
4.75318169593811,-6.389374675753061,0.42231445670040557,1.5999316275119781,3.6770823001861572,0.0538957417011261,-0.2581501007080078,2.827430747679677,9.797638763213227,-5.661648902736661,10.193625559453034,-0.22655439376831055,0.003088880330324173,0.20644555985927582,-2.0849559227171572,-0.030559622193745303,-2.1054266273975375,0.08693865628479316,-0.0013675640817144142,-0.10247923353702403,0.26704071680893565
4.758612394332886,-6.389374675753061,0.42231445670040557,1.5999316275119781,3.6770823001861572,0.0538957417011261,-0.2581501007080078,2.827430747679677,9.797638763213227,-5.661648902736661,10.193625559453034,-0.22655439376831055,0.003088880330324173,0.20644555985927582,-2.0849559227171572,-0.030559622193745303,-2.1054266273975375,0.08693865628479316,-0.0013675640817144142,-0.10247923353702403,0.26704071680893565
4.763429403305054,-6.440429630281869,0.4242871022215695,1.6050292551517487,3.6896800994873047,0.059023886919021606,-0.2590439021587372,2.6556914277247166,9.783081136115221,-5.867570001649669,10.133740197615177,-0.22024604678153992,0.0032056979835033417,0.2159048467874527,-2.084913117562786,-0.03335239716421765,-2.111920952796936,0.08420903581381137,-0.00145253576370275,-0.10620358708661656,0.26711053899887405
4.7691357135772705,-6.440429630281869,0.4242871022215695,1.6050292551517487,3.6896800994873047,0.059023886919021606,-0.2590439021587372,2.6556914277247166,9.783081136115221,-5.867570001649669,10.133740197615177,-0.22024604678153992,0.0032056979835033417,0.2159048467874527,-2.084913117562786,-0.03335239716421765,-2.111920952796936,0.08420903581381137,-0.00145253576370275,-0.10620358708661656,0.26711053899887405
4.774514198303223,-6.49164051056141,0.4260546779623837,1.6101268827915192,3.702237606048584,0.06402447819709778,-0.2598312199115753,2.476736407922645,9.76727475582083,-6.0699838828765005,10.073446509167189,-0.21510536968708038,0.003349706530570984,0.22447362542152405,-2.084868139229245,-0.03605457264704662,-2.1187347292900087,0.08129544294728917,-0.001559036093673149,-0.10986450799765177,0.2671855341703412
4.780398607254028,-6.49164051056141,0.4260546779623837,1.6101268827915192,3.702237606048584,0.06402447819709778,-0.2598312199115753,2.476736407922645,9.76727475582083,-6.0699838828765005,10.073446509167189,-0.21510536968708038,0.003349706530570984,0.22447362542152405,-2.084868139229245,-0.03605457264704662,-2.1187347292900087,0.08129544294728917,-0.001559036093673149,-0.10986450799765177,0.2671855341703412
4.786258935928345,-6.49164051056141,0.4260546779623837,1.6101268827915192,3.702237606048584,0.06402447819709778,-0.2598312199115753,2.476736407922645,9.76727475582083,-6.0699838828765005,10.073446509167189,-0.21510536968708038,0.003349706530570984,0.22447362542152405,-2.084868139229245,-0.03605457264704662,-2.1187347292900087,0.08129544294728917,-0.001559036093673149,-0.10986450799765177,0.2671855341703412
4.791267395019531,-6.543046894075815,0.42760740876110503,1.615214854478836,3.714759588241577,0.06892046332359314,-0.26052403450012207,2.2911127930215627,9.75030381899538,-6.268613421364026,10.013334338309802,-0.20798684656620026,0.0035852454602718353,0.2331300973892212,-2.0848210832476006,-0.03867998226831033,-2.125814634561539,0.0782104155928769,-0.0016863204738412699,-0.11345698409954179,0.2672651858080901
4.797013998031616,-6.543046894075815,0.42760740876110503,1.615214854478836,3.714759588241577,0.06892046332359314,-0.26052403450012207,2.2911127930215627,9.75030381899538,-6.268613421364026,10.013334338309802,-0.20798684656620026,0.0035852454602718353,0.2331300973892212,-2.0848210832476006,-0.03867998226831033,-2.125814634561539,0.0782104155928769,-0.0016863204738412699,-0.11345698409954179,0.2672651858080901
4.8025171756744385,-6.594648303987924,0.42894529461773345,1.6203027069568634,3.727259874343872,0.07369494438171387,-0.2611261010169983,2.0988416374613887,9.732176462899208,-6.4628725971660055,9.953790984635503,-0.20197375118732452,0.003819093108177185,0.24093787372112274,-2.0847724125351323,-0.04121987523538415,-2.1331665694713595,0.07495125513832468,-0.0018350742062485687,-0.11697041645182697,0.26734981843966427
4.807704925537109,-6.594648303987924,0.42894529461773345,1.6203027069568634,3.727259874343872,0.07369494438171387,-0.2611261010169983,2.0988416374613887,9.732176462899208,-6.4628725971660055,9.953790984635503,-0.20197375118732452,0.003819093108177185,0.24093787372112274,-2.0847724125351323,-0.04121987523538415,-2.1331665694713595,0.07495125513832468,-0.0018350742062485687,-0.11697041645182697,0.26734981843966427
4.814291000366211,-6.594648303987924,0.42894529461773345,1.6203027069568634,3.727259874343872,0.07369494438171387,-0.2611261010169983,2.0988416374613887,9.732176462899208,-6.4628725971660055,9.953790984635503,-0.20197375118732452,0.003819093108177185,0.24093787372112274,-2.0847724125351323,-0.04121987523538415,-2.1331665694713595,0.07495125513832468,-0.0018350742062485687,-0.11697041645182697,0.26734981843966427
4.819617509841919,-6.646406116487924,0.4300585901728482,1.6253856718540192,3.7397425174713135,0.07839933037757874,-0.26163947582244873,1.900893739562118,9.71298397684888,-6.653250231831146,9.895492207563448,-0.19588638842105865,0.004070986062288284,0.2480020821094513,-2.084721821223629,-0.04370375608585268,-2.1407757818698885,0.07154426008198314,-0.0020030413988130907,-0.12041364603427827,0.2674395850677324
4.825125455856323,-6.646406116487924,0.4300585901728482,1.6253856718540192,3.7397425174713135,0.07839933037757874,-0.26163947582244873,1.900893739562118,9.71298397684888,-6.653250231831146,9.895492207563448,-0.19588638842105865,0.004070986062288284,0.2480020821094513,-2.084721821223629,-0.04370375608585268,-2.1407757818698885,0.07154426008198314,-0.0020030413988130907,-0.12041364603427827,0.2674395850677324
4.830575704574585,-6.698359432222787,0.4309374904623837,1.630463868379593,3.7522153854370117,0.08302998542785645,-0.2620709538459778,1.6974454334395912,9.692720840136754,-6.839125979111654,9.838830217851815,-0.18892279267311096,0.0043878257274627686,0.25485140085220337,-2.084669543066635,-0.046130102886553635,-2.148622101545334,0.06799087525966753,-0.00219143289854886,-0.123775453070185,0.26753437353683635
4.836681604385376,-6.698359432222787,0.4309374904623837,1.630463868379593,3.7522153854370117,0.08302998542785645,-0.2620709538459778,1.6974454334395912,9.692720840136754,-6.839125979111654,9.838830217851815,-0.18892279267311096,0.0043878257274627686,0.25485140085220337,-2.084669543066635,-0.046130102886553635,-2.148622101545334,0.06799087525966753,-0.00219143289854886,-0.123775453070185,0.26753437353683635
4.841625928878784,-6.750507774355356,0.4315820252886624,1.6355370581150055,3.7646827697753906,0.08754310756921768,-0.26244521141052246,1.4881001314538245,9.671418272998354,-7.018930958247975,9.784154548651175,-0.17882777750492096,0.004886850714683533,0.2628163695335388,-2.084616330191224,-0.048475211005724696,-2.1566310703754428,0.06427427602716416,-0.002402431433714637,-0.12702746229029718,0.2676331537748104
4.846956968307495,-6.750507774355356,0.4315820252886624,1.6355370581150055,3.7646827697753906,0.08754310756921768,-0.26244521141052246,1.4881001314538245,9.671418272998354,-7.018930958247975,9.784154548651175,-0.17882777750492096,0.004886850714683533,0.2628163695335388,-2.084616330191224,-0.048475211005724696,-2.1566310703754428,0.06427427602716416,-0.002402431433714637,-0.12702746229029718,0.2676331537748104
4.852734565734863,-6.750507774355356,0.4315820252886624,1.6355370581150055,3.7646827697753906,0.08754310756921768,-0.26244521141052246,1.4881001314538245,9.671418272998354,-7.018930958247975,9.784154548651175,-0.17882777750492096,0.004886850714683533,0.2628163695335388,-2.084616330191224,-0.048475211005724696,-2.1566310703754428,0.06427427602716416,-0.002402431433714637,-0.12702746229029718,0.2676331537748104
4.858309984207153,-6.802812519075815,0.43199216484936187,1.640605479478836,3.777158498764038,0.09185294806957245,-0.262786328792572,1.27190200629964,9.64911011010972,-7.191324846684694,9.731789167487033,-0.16813482344150543,0.005459591746330261,0.2715287208557129,-2.0845635918740193,-0.050692421674859454,-2.164730876684189,0.0603638329548163,-0.002638793196041139,-0.13014543220069769,0.26773492131664783
4.8641197681427,-6.802812519075815,0.43199216484936187,1.640605479478836,3.777158498764038,0.09185294806957245,-0.262786328792572,1.27190200629964,9.64911011010972,-7.191324846684694,9.731789167487033,-0.16813482344150543,0.005459591746330261,0.2715287208557129,-2.0845635918740193,-0.050692421674859454,-2.164730876684189,0.0603638329548163,-0.002638793196041139,-0.13014543220069769,0.26773492131664783
4.869338274002075,-6.855273189547006,0.4321679687491269,1.645664006471634,3.7896482944488525,0.09595902264118195,-0.26308441162109375,1.0491237317842175,9.625731143876276,-7.357593870771536,9.682200282773023,-0.16055987775325775,0.005875453352928162,0.279267281293869,-2.0845117129164485,-0.052782657152792456,-2.1729419767856597,0.05627052143587798,-0.0029012264442597937,-0.13315262589436938,0.2678402623885216
4.874589443206787,-6.855273189547006,0.4321679687491269,1.645664006471634,3.7896482944488525,0.09595902264118195,-0.26308441162109375,1.0491237317842175,9.625731143876276,-7.357593870771536,9.682200282773023,-0.16055987775325775,0.005875453352928162,0.279267281293869,-2.0845117129164485,-0.052782657152792456,-2.1729419767856597,0.05627052143587798,-0.0029012264442597937,-0.13315262589436938,0.2678402623885216
4.880187511444092,-6.855273189547006,0.4321679687491269,1.645664006471634,3.7896482944488525,0.09595902264118195,-0.26308441162109375,1.0491237317842175,9.625731143876276,-7.357593870771536,9.682200282773023,-0.16055987775325775,0.005875453352928162,0.279267281293869,-2.0845117129164485,-0.052782657152792456,-2.1729419767856597,0.05627052143587798,-0.0029012264442597937,-0.13315262589436938,0.2678402623885216
4.886106729507446,-6.907968463900033,0.43208982705982635,1.6507177650928497,3.8021671772003174,0.0998959168791771,-0.26334822177886963,0.8204824254852016,9.601318858890416,-7.518202543502629,9.635984094248382,-0.15107673406600952,0.006455864757299423,0.28685829043388367,-2.0844605505150122,-0.05476589749677933,-2.181247311830521,0.052014040714775805,-0.003189150485092634,-0.1360574446989454,0.2679492211162164
4.891939401626587,-6.907968463900033,0.43208982705982635,1.6507177650928497,3.8021671772003174,0.0998959168791771,-0.26334822177886963,0.8204824254852016,9.601318858890416,-7.518202543502629,9.635984094248382,-0.15107673406600952,0.006455864757299423,0.28685829043388367,-2.0844605505150122,-0.05476589749677933,-2.181247311830521,0.052014040714775805,-0.003189150485092634,-0.1360574446989454,0.2679492211162164
4.897731065750122,-6.960820140840951,0.43175779938610503,1.6557665169239044,3.814713478088379,0.10365913808345795,-0.2635909914970398,0.5862298859415582,9.576049067717564,-7.672291130148947,9.593808972585794,-0.14286264777183533,0.00700683519244194,0.2933676540851593,-2.084410448272431,-0.05664073900206786,-2.1896067559719086,0.04759681241385792,-0.0034999392261779515,-0.13884433918259587,0.2680615022265722
4.902750253677368,-6.960820140840951,0.43175779938610503,1.6557665169239044,3.814713478088379,0.10365913808345795,-0.2635909914970398,0.5862298859415582,9.576049067717564,-7.672291130148947,9.593808972585794,-0.14286264777183533,0.00700683519244194,0.2933676540851593,-2.084410448272431,-0.05664073900206786,-2.1896067559719086,0.04759681241385792,-0.0034999392261779515,-0.13884433918259587,0.2680615022265722
4.908566951751709,-6.960820140840951,0.43175779938610503,1.6557665169239044,3.814713478088379,0.10365913808345795,-0.2635909914970398,0.5862298859415582,9.576049067717564,-7.672291130148947,9.593808972585794,-0.14286264777183533,0.00700683519244194,0.2933676540851593,-2.084410448272431,-0.05664073900206786,-2.1896067559719086,0.04759681241385792,-0.0034999392261779515,-0.13884433918259587,0.2680615022265722
4.91460919380188,-7.013827743532602,0.4311621105662198,1.6608056128025055,3.827299118041992,0.10727369040250778,-0.2638290524482727,0.3469799082118262,9.550018413393865,-7.819493594248063,9.556261102180587,-0.1318535953760147,0.007777854800224304,0.2998749911785126,-2.0843612933072935,-0.05842164962000863,-2.197962945699692,0.043032743530695305,-0.003832834619453167,-0.14150668909511205,0.2681764781729122
4.920435905456543,-7.013827743532602,0.4311621105662198,1.6608056128025055,3.827299118041992,0.10727369040250778,-0.2638290524482727,0.3469799082118262,9.550018413393865,-7.819493594248063,9.556261102180587,-0.1318535953760147,0.007777854800224304,0.2998749911785126,-2.0843612933072935,-0.05842164962000863,-2.197962945699692,0.043032743530695305,-0.003832834619453167,-0.14150668909511205,0.2681764781729122
4.925903797149658,-7.066992225649301,0.430312476157269,1.665839821100235,3.8399293422698975,0.11072276532649994,-0.2640741467475891,0.10284107616007261,9.523344577235259,-7.958875084642205,9.523894689190914,-0.12228952348232269,0.008463433012366295,0.3056027293205261,-2.084313566226556,-0.06010031469061397,-2.2062892377376557,0.038320103997023645,-0.004186701771617246,-0.1440275864253867,0.26829400491663996
4.931457996368408,-7.066992225649301,0.430312476157269,1.665839821100235,3.8399293422698975,0.11072276532649994,-0.2640741467475891,0.10284107616007261,9.523344577235259,-7.958875084642205,9.523894689190914,-0.12228952348232269,0.008463433012366295,0.3056027293205261,-2.084313566226556,-0.06010031469061397,-2.2062892377376557,0.038320103997023645,-0.004186701771617246,-0.1440275864253867,0.26829400491663996
4.938101053237915,-7.066992225649301,0.430312476157269,1.665839821100235,3.8399293422698975,0.11072276532649994,-0.2640741467475891,0.10284107616007261,9.523344577235259,-7.958875084642205,9.523894689190914,-0.12228952348232269,0.008463433012366295,0.3056027293205261,-2.084313566226556,-0.06010031469061397,-2.2062892377376557,0.038320103997023645,-0.004186701771617246,-0.1440275864253867,0.26829400491663996
4.94283127784729,-7.12039035797352,0.42918943524273345,1.6708642542362213,3.852611780166626,0.11401118338108063,-0.26434141397476196,-0.1458530541885274,9.496062794069294,-8.090463362422277,9.49717281911291,-0.11030495166778564,0.009349489584565163,0.31154191493988037,-2.0842674121577396,-0.0616801815760551,-2.2145314157009124,0.033467005358267576,-0.004561964928749505,-0.14640753326921163,0.2684134363669278
4.948213815689087,-7.12039035797352,0.42918943524273345,1.6708642542362213,3.852611780166626,0.11401118338108063,-0.26434141397476196,-0.1458530541885274,9.496062794069294,-8.090463362422277,9.49717281911291,-0.11030495166778564,0.009349489584565163,0.31154191493988037,-2.0842674121577396,-0.0616801815760551,-2.2145314157009124,0.033467005358267576,-0.004561964928749505,-0.14640753326921163,0.2684134363669278
4.953834533691406,-7.173945369722787,0.4277929580202908,1.6758789122104645,3.865354299545288,0.11711235344409943,-0.2646443545818329,-0.3990761901543418,9.468292219669053,-8.213545539753737,9.476622244937797,-0.1000860184431076,0.010115010663866997,0.3168692886829376,-2.0842234658270855,-0.06314772108087001,-2.2226489782333374,0.028470274180909364,-0.004957701224116714,-0.14863363611372718,0.268534390638159
4.9591615200042725,-7.173945369722787,0.4277929580202908,1.6758789122104645,3.865354299545288,0.11711235344409943,-0.2646443545818329,-0.3990761901543418,9.468292219669053,-8.213545539753737,9.476622244937797,-0.1000860184431076,0.010115010663866997,0.3168692886829376,-2.0842234658270855,-0.06314772108087001,-2.2226489782333374,0.028470274180909364,-0.004957701224116714,-0.14863363611372718,0.268534390638159
4.963996887207031,-7.173945369722787,0.4277929580202908,1.6758789122104645,3.865354299545288,0.11711235344409943,-0.2646443545818329,-0.3990761901543418,9.468292219669053,-8.213545539753737,9.476622244937797,-0.1000860184431076,0.010115010663866997,0.3168692886829376,-2.0842234658270855,-0.06314772108087001,-2.2226489782333374,0.028470274180909364,-0.004957701224116714,-0.14863363611372718,0.268534390638159
4.9700422286987305,-7.227656307222787,0.4261230444899411,1.6808837950229645,3.8781626224517822,0.12002552300691605,-0.2649982273578644,-0.6565499318268226,9.4400633541181,-8.328341671401153,9.462660878852455,-0.08752615749835968,0.011103823781013489,0.3223796486854553,-2.084181947387365,-0.06450349111935713,-2.230596148967743,0.023337227872313463,-0.005374140612838751,-0.15070987493839053,0.2686563420738517
4.975291967391968,-7.227656307222787,0.4261230444899411,1.6808837950229645,3.8781626224517822,0.12002552300691605,-0.2649982273578644,-0.6565499318268226,9.4400633541181,-8.328341671401153,9.462660878852455,-0.08752615749835968,0.011103823781013489,0.3223796486854553,-2.084181947387365,-0.06450349111935713,-2.230596148967743,0.023337227872313463,-0.005374140612838751,-0.15070987493839053,0.2686563420738517
4.980752468109131,-7.254569950106088,0.425185523032269,1.683383733034134,3.884593963623047,0.121397003531456,-0.2652037739753723,-0.7869475357379989,9.425841426040272,-8.382056959268873,9.458339061589154,-0.08129064738750458,0.011610552668571472,0.3250352442264557,-2.0841624032048442,-0.06513192189229743,-2.234479397535324,0.020715349772067904,-0.005589773139081944,-0.1516813864740885,0.2687173636907285
4.985893249511719,-7.254569950106088,0.425185523032269,1.683383733034134,3.884593963623047,0.121397003531456,-0.2652037739753723,-0.7869475357379989,9.425841426040272,-8.382056959268873,9.458339061589154,-0.08129064738750458,0.011610552668571472,0.3250352442264557,-2.0841624032048442,-0.06513192189229743,-2.234479397535324,0.020715349772067904,-0.005589773139081944,-0.1516813864740885,0.2687173636907285
4.991029500961304,-7.254569950106088,0.425185523032269,1.683383733034134,3.884593963623047,0.121397003531456,-0.2652037739753723,-0.7869475357379989,9.425841426040272,-8.382056959268873,9.458339061589154,-0.08129064738750458,0.011610552668571472,0.3250352442264557,-2.0841624032048442,-0.06513192189229743,-2.234479397535324,0.020715349772067904,-0.005589773139081944,-0.1516813864740885,0.2687173636907285
4.99580192565918,-7.308515491487924,0.4231054699412198,1.6883739531040192,3.8975117206573486,0.12400193512439728,-0.26565036177635193,-1.0504032428002945,9.39709414770957,-8.483930016624685,9.455094741529004,-0.07103999704122543,0.012414094060659409,0.32957208156585693,-2.0841253227419196,-0.06630783730348082,-2.242122030258179,0.015383910407478761,-0.006035353951671634,-0.15352389452583126,0.2688404721759845
5.002019166946411,-7.308515491487924,0.4231054699412198,1.6883739531040192,3.8975117206573486,0.12400193512439728,-0.26565036177635193,-1.0504032428002945,9.39709414770957,-8.483930016624685,9.455094741529004,-0.07103999704122543,0.012414094060659409,0.32957208156585693,-2.0841253227419196,-0.06630783730348082,-2.242122030258179,0.015383910407478761,-0.006035353951671634,-0.15352389452583126,0.2688404721759845
5.007442474365234,-7.389804306032602,0.4194628810873837,1.6958397924900055,3.9170401096343994,0.12754325568675995,-0.26645627617836,-1.4519196497593838,9.353546097300695,-8.621736516331602,9.464572292702904,-0.056839995086193085,0.013549603521823883,0.3352099657058716,-2.0840753659204894,-0.06785985076136593,-2.25314279794693,0.007170193463234385,-0.006735684609697663,-0.15601630608078904,0.26902611112810826
5.013112306594849,-7.389804306032602,0.4194628810873837,1.6958397924900055,3.9170401096343994,0.12754325568675995,-0.26645627617836,-1.4519196497593838,9.353546097300695,-8.621736516331602,9.464572292702904,-0.056839995086193085,0.013549603521823883,0.3352099657058716,-2.0840753659204894,-0.06785985076136593,-2.25314279794693,0.007170193463234385,-0.006735684609697663,-0.15601630608078904,0.26902611112810826
5.019222736358643,-7.389804306032602,0.4194628810873837,1.6958397924900055,3.9170401096343994,0.12754325568675995,-0.26645627617836,-1.4519196497593838,9.353546097300695,-8.621736516331602,9.464572292702904,-0.056839995086193085,0.013549603521823883,0.3352099657058716,-2.0840753659204894,-0.06785985076136593,-2.25314279794693,0.007170193463234385,-0.006735684609697663,-0.15601630608078904,0.26902611112810826
5.024383306503296,-7.444218578340951,0.41667967200191924,1.7008006870746613,3.9301633834838867,0.12968719005584717,-0.2670964002609253,-1.7229880413427954,9.324308571198777,-8.703788646779028,9.480778796950505,-0.043553464114665985,0.014738043770194054,0.3388513922691345,-2.0840455593831866,-0.0687691544022243,-2.2601520359516143,0.0015709784300671134,-0.00722253929349881,-0.15750032663476132,0.269150038519995
5.029958248138428,-7.444218578340951,0.41667967200191924,1.7008006870746613,3.9301633834838867,0.12968719005584717,-0.2670964002609253,-1.7229880413427954,9.324308571198777,-8.703788646779028,9.480778796950505,-0.043553464114665985,0.014738043770194054,0.3388513922691345,-2.0840455593831866,-0.0687691544022243,-2.2601520359516143,0.0015709784300671134,-0.00722253929349881,-0.15750032663476132,0.269150038519995
5.0348687171936035,-7.471484127047006,0.415175757407269,1.7032763063907623,3.9367589950561523,0.1306627094745636,-0.26747947931289673,-1.8598000241490882,9.309845225718162,-8.73994000263263,9.492184802839102,-0.03519119322299957,0.015509095042943954,0.3408530354499817,-2.0840322963640565,-0.06916992043896765,-2.263458913564682,-0.001279796015598475,-0.007470531768306067,-0.15815417138989663,0.26921068149224975
5.040240049362183,-7.471484127047006,0.415175757407269,1.7032763063907623,3.9367589950561523,0.1306627094745636,-0.26747947931289673,-1.8598000241490882,9.309845225718162,-8.73994000263263,9.492184802839102,-0.03519119322299957,0.015509095042943954,0.3408530354499817,-2.0840322963640565,-0.06916992043896765,-2.263458913564682,-0.001279796015598475,-0.007470531768306067,-0.15815417138989663,0.26921068149224975
5.04624080657959,-7.471484127047006,0.415175757407269,1.7032763063907623,3.9367589950561523,0.1306627094745636,-0.26747947931289673,-1.8598000241490882,9.309845225718162,-8.73994000263263,9.492184802839102,-0.03519119322299957,0.015509095042943954,0.3408530354499817,-2.0840322963640565,-0.06916992043896765,-2.263458913564682,-0.001279796015598475,-0.007470531768306067,-0.15815417138989663,0.26921068149224975
5.051696300506592,-7.526132526400033,0.4119628882399411,1.7082128822803497,3.950016736984253,0.1323869824409485,-0.2683897614479065,-2.136088969778247,9.28127930759255,-8.801538933962307,9.521818997792547,-0.017221853137016296,0.017135577276349068,0.3451322913169861,-2.0840097226924432,-0.0698467315294189,-2.26961390376091,-0.0070909872345449555,-0.007976660695271774,-0.1592682689727081,0.26932844445518705
5.0588788986206055,-7.526132526400033,0.4119628882399411,1.7082128822803497,3.950016736984253,0.1323869824409485,-0.2683897614479065,-2.136088969778247,9.28127930759255,-8.801538933962307,9.521818997792547,-0.017221853137016296,0.017135577276349068,0.3451322913169861,-2.0840097226924432,-0.0698467315294189,-2.26961390376091,-0.0070909872345449555,-0.007976660695271774,-0.1592682689727081,0.26932844445518705
5.0643391609191895,-7.580937328340951,0.4084570324412198,1.7131395637989044,3.963369131088257,0.13381752371788025,-0.26944899559020996,-2.41545092754288,9.252929263689266,-8.852371536159456,9.56034981785087,-0.004783362150192261,0.01812945120036602,0.34861356019973755,-2.08399235433823,-0.07036303888958337,-2.275304228067398,-0.013024569086855592,-0.008497290278899835,-0.16018764335166838,0.2694438477440885
5.07012152671814,-7.580937328340951,0.4084570324412198,1.7131395637989044,3.963369131088257,0.13381752371788025,-0.26944899559020996,-2.41545092754288,9.252929263689266,-8.852371536159456,9.56034981785087,-0.004783362150192261,0.01812945120036602,0.34861356019973755,-2.08399235433823,-0.07036303888958337,-2.275304228067398,-0.013024569086855592,-0.008497290278899835,-0.16018764335166838,0.2694438477440885
5.07529616355896,-7.635937156679574,0.4046679651728482,1.7180468142032623,3.9768176078796387,0.13501513004302979,-0.2706000804901123,-2.69680183707138,9.224426549420295,-8.897347276505194,9.607279852055377,0.0023659169673919678,0.01861697807908058,0.3508502244949341,-2.083979177423143,-0.07075223140464122,-2.2806840240955353,-0.019035522726749417,-0.009033897569514763,-0.16100108869110363,0.26955919246823234
5.08072829246521,-7.635937156679574,0.4046679651728482,1.7180468142032623,3.9768176078796387,0.13501513004302979,-0.2706000804901123,-2.69680183707138,9.224426549420295,-8.897347276505194,9.607279852055377,0.0023659169673919678,0.01861697807908058,0.3508502244949341,-2.083979177423143,-0.07075223140464122,-2.2806840240955353,-0.019035522726749417,-0.009033897569514763,-0.16100108869110363,0.26955919246823234
5.0871429443359375,-7.691132488253061,0.40058594107540557,1.722934514284134,3.990358829498291,0.13597282767295837,-0.2719171941280365,-2.9798837523546724,9.19631882023821,-8.932671839914358,9.663105166815518,0.015825549140572548,0.019858822226524353,0.35284000635147095,-2.083970342107898,-0.07101199473798217,-2.2855305433273316,-0.025131545962367885,-0.009580626998457412,-0.16163997981889575,0.2696712059398676
5.0934882164001465,-7.691132488253061,0.40058594107540557,1.722934514284134,3.990358829498291,0.13597282767295837,-0.2719171941280365,-2.9798837523546724,9.19631882023821,-8.932671839914358,9.663105166815518,0.015825549140572548,0.019858822226524353,0.35284000635147095,-2.083970342107898,-0.07101199473798217,-2.2855305433273316,-0.025131545962367885,-0.009580626998457412,-0.16163997981889575,0.2696712059398676
5.100103855133057,-7.691132488253061,0.40058594107540557,1.722934514284134,3.990358829498291,0.13597282767295837,-0.2719171941280365,-2.9798837523546724,9.19631882023821,-8.932671839914358,9.663105166815518,0.015825549140572548,0.019858822226524353,0.35284000635147095,-2.083970342107898,-0.07101199473798217,-2.2855305433273316,-0.025131545962367885,-0.009580626998457412,-0.16163997981889575,0.2696712059398676
5.105546951293945,-7.746484222414438,0.3962109303465695,1.7278026640415192,4.003995418548584,0.1366540491580963,-0.27346357703208923,-3.2646514588552162,9.169158410217841,-8.9543859931671,9.728322493151465,0.03524719551205635,0.02172005921602249,0.35472115874290466,-2.083966502951017,-0.07112457212584065,-2.289654064178467,-0.031327257830721426,-0.010131546173916348,-0.1620327088018419,0.269777175084045
5.110941410064697,-7.746484222414438,0.3962109303465695,1.7278026640415192,4.003995418548584,0.1366540491580963,-0.27346357703208923,-3.2646514588552162,9.169158410217841,-8.9543859931671,9.728322493151465,0.03524719551205635,0.02172005921602249,0.35472115874290466,-2.083966502951017,-0.07112457212584065,-2.289654064178467,-0.031327257830721426,-0.010131546173916348,-0.1620327088018419,0.269777175084045
5.116419315338135,-7.801991882326547,0.39155273795040557,1.7326513826847076,4.01772403717041,0.13702934980392456,-0.2752501964569092,-3.5508743105362504,9.143066799910645,-8.961649267856414,9.80291441455618,0.05154910311102867,0.023179272189736366,0.3562052547931671,-2.083968151234054,-0.07107626062262003,-2.2930218994617464,-0.037621821128918174,-0.010685227340899989,-0.16216407466485247,0.2698766710509348
5.121793985366821,-7.801991882326547,0.39155273795040557,1.7326513826847076,4.01772403717041,0.13702934980392456,-0.2752501964569092,-3.5508743105362504,9.143066799910645,-8.961649267856414,9.80291441455618,0.05154910311102867,0.023179272189736366,0.3562052547931671,-2.083968151234054,-0.07107626062262003,-2.2930218994617464,-0.037621821128918174,-0.010685227340899989,-0.16216407466485247,0.2698766710509348
5.1277501583099365,-7.801991882326547,0.39155273795040557,1.7326513826847076,4.01772403717041,0.13702934980392456,-0.2752501964569092,-3.5508743105362504,9.143066799910645,-8.961649267856414,9.80291441455618,0.05154910311102867,0.023179272189736366,0.3562052547931671,-2.083968151234054,-0.07107626062262003,-2.2930218994617464,-0.037621821128918174,-0.010685227340899989,-0.16216407466485247,0.2698766710509348
5.133537769317627,-7.857655944826547,0.3866015589228482,1.7374804317951202,4.0315423011779785,0.13710135221481323,-0.27724388241767883,-3.8381243329939965,9.117706642540027,-8.957773114726411,9.886311876672659,0.06505899876356125,0.024292588233947754,0.35721734166145325,-2.0839751723147573,-0.07087010200115429,-2.29573312997818,-0.04399353767325396,-0.01124501372102629,-0.16209396934419962,0.2699711040235274
5.139064788818359,-7.857655944826547,0.3866015589228482,1.7374804317951202,4.0315423011779785,0.13710135221481323,-0.27724388241767883,-3.8381243329939965,9.117706642540027,-8.957773114726411,9.886311876672659,0.06505899876356125,0.024292588233947754,0.35721734166145325,-2.0839751723147573,-0.07087010200115429,-2.29573312997818,-0.04399353767325396,-0.01124501372102629,-0.16209396934419962,0.2699711040235274
5.1445395946502686,-7.913476409914438,0.3813574230662198,1.742290049791336,4.045446395874023,0.1368715763092041,-0.27945661544799805,-4.125984906640789,9.093229275811387,-8.943246929938184,9.978344469668768,0.07850823551416397,0.025425493717193604,0.35770222544670105,-2.0839874355587473,-0.07050857121835019,-2.297752243280411,-0.05043100683677657,-0.011807477591559357,-0.1618312442122746,0.27005992590853617
5.149796962738037,-7.913476409914438,0.3813574230662198,1.742290049791336,4.045446395874023,0.1368715763092041,-0.27945661544799805,-4.125984906640789,9.093229275811387,-8.943246929938184,9.978344469668768,0.07850823551416397,0.025425493717193604,0.35770222544670105,-2.0839874355587473,-0.07050857121835019,-2.297752243280411,-0.05043100683677657,-0.011807477591559357,-0.1618312442122746,0.27005992590853617
5.155484199523926,-7.969531002047006,0.37583982109936187,1.7470751106739044,4.059435844421387,0.1363350749015808,-0.28190305829048157,-4.4140647559671455,9.069794274378573,-8.917276651513504,10.078791916499172,0.09307239949703217,0.02670283243060112,0.35765379667282104,-2.0840048908228925,-0.0699907508763936,-2.2990260243415834,-0.05692838888702647,-0.01237044474520451,-0.16136153761520694,0.2701422762659802
5.161407709121704,-7.969531002047006,0.37583982109936187,1.7470751106739044,4.059435844421387,0.1363350749015808,-0.28190305829048157,-4.4140647559671455,9.069794274378573,-8.917276651513504,10.078791916499172,0.09307239949703217,0.02670283243060112,0.35765379667282104,-2.0840048908228925,-0.0699907508763936,-2.2990260243415834,-0.05692838888702647,-0.01237044474520451,-0.16136153761520694,0.2701422762659802
5.1673150062561035,-7.969531002047006,0.37583982109936187,1.7470751106739044,4.059435844421387,0.1363350749015808,-0.28190305829048157,-4.4140647559671455,9.069794274378573,-8.917276651513504,10.078791916499172,0.09307239949703217,0.02670283243060112,0.35765379667282104,-2.0840048908228925,-0.0699907508763936,-2.2990260243415834,-0.05692838888702647,-0.01237044474520451,-0.16136153761520694,0.2701422762659802
5.172647953033447,-8.025741996767465,0.3700292921057553,1.7518358528614044,4.073497772216797,0.1354842185974121,-0.284626841545105,-4.701910887913922,9.047819221688659,-8.877343785266701,10.187582920343562,0.11262936890125275,0.02845548838376999,0.35694777965545654,-2.084027489627273,-0.06931459196896064,-2.2994240105152133,-0.06348477538881245,-0.012928090642463004,-0.1606392992776265,0.2702161270108996
5.1794750690460205,-8.025741996767465,0.3700292921057553,1.7518358528614044,4.073497772216797,0.1354842185974121,-0.284626841545105,-4.701910887913922,9.047819221688659,-8.877343785266701,10.187582920343562,0.11262936890125275,0.02845548838376999,0.35694777965545654,-2.084027489627273,-0.06931459196896064,-2.2994240105152133,-0.06348477538881245,-0.012928090642463004,-0.1606392992776265,0.2702161270108996
5.184767007827759,-8.082108917238656,0.36394529700191924,1.7565673887729645,4.0876288414001465,0.13430249691009521,-0.2876364290714264,-4.989117299018686,9.027465429296562,-8.822772307657651,10.304368550817394,0.12860755622386932,0.029843628406524658,0.355853796005249,-2.084055297769438,-0.06847339644792085,-2.298912012577057,-0.07009429807927092,-0.01347768756297641,-0.15965230242585846,0.27028086019783004
5.190754175186157,-8.082108917238656,0.36394529700191924,1.7565673887729645,4.0876288414001465,0.13430249691009521,-0.2876364290714264,-4.989117299018686,9.027465429296562,-8.822772307657651,10.304368550817394,0.12860755622386932,0.029843628406524658,0.355853796005249,-2.084055297769438,-0.06847339644792085,-2.298912012577057,-0.07009429807927092,-0.01347768756297641,-0.15965230242585846,0.27028086019783004
5.196628093719482,-8.082108917238656,0.36394529700191924,1.7565673887729645,4.0876288414001465,0.13430249691009521,-0.2876364290714264,-4.989117299018686,9.027465429296562,-8.822772307657651,10.304368550817394,0.12860755622386932,0.029843628406524658,0.355853796005249,-2.084055297769438,-0.06847339644792085,-2.298912012577057,-0.07009429807927092,-0.01347768756297641,-0.15965230242585846,0.27028086019783004
5.203225374221802,-8.138632240297738,0.35756834506901214,1.761274367570877,4.101822376251221,0.132784903049469,-0.29090404510498047,-5.2753782664005655,9.008483828933915,-8.756552115941318,10.428449692066959,0.1425957977771759,0.03096712753176689,0.3543674647808075,-2.0840881379532297,-0.06746646147988124,-2.2975817263126372,-0.0767396469719325,-0.014020867023880354,-0.15845462327896517,0.27033769845395916
5.208372592926025,-8.138632240297738,0.35756834506901214,1.761274367570877,4.101822376251221,0.132784903049469,-0.29090404510498047,-5.2753782664005655,9.008483828933915,-8.756552115941318,10.428449692066959,0.1425957977771759,0.03096712753176689,0.3543674647808075,-2.0840881379532297,-0.06746646147988124,-2.2975817263126372,-0.0767396469719325,-0.014020867023880354,-0.15845462327896517,0.27033769845395916
5.213705539703369,-8.195311965944711,0.35091795682819793,1.7659521400928497,4.116067409515381,0.13092684745788574,-0.2944369316101074,-5.560311090106416,8.990996530851463,-8.678705853760505,10.55939025066775,0.15703165531158447,0.03213001787662506,0.3524038791656494,-2.084125782679433,-0.06629337940411524,-2.295403057336807,-0.08341236283830696,-0.014554916110553687,-0.15704667137696945,0.2703860255718936
5.219638347625732,-8.195311965944711,0.35091795682819793,1.7659521400928497,4.116067409515381,0.13092684745788574,-0.2944369316101074,-5.560311090106416,8.990996530851463,-8.678705853760505,10.55939025066775,0.15703165531158447,0.03213001787662506,0.3524038791656494,-2.084125782679433,-0.06629337940411524,-2.295403057336807,-0.08341236283830696,-0.014554916110553687,-0.15704667137696945,0.2703860255718936
5.225127220153809,-8.25222629547352,0.3440039074412198,1.770600587129593,4.130352020263672,0.1287190318107605,-0.2982458472251892,-5.843532741661023,8.975156116459052,-8.588293534019659,10.696746440961434,0.17266744375228882,0.03340240567922592,0.3499171733856201,-2.08416803725815,-0.06495138684805762,-2.2923435151577,-0.09010779357184756,-0.015077135560061924,-0.15541144581858218,0.2704251734163927
5.230878591537476,-8.25222629547352,0.3440039074412198,1.770600587129593,4.130352020263672,0.1287190318107605,-0.2982458472251892,-5.843532741661023,8.975156116459052,-8.588293534019659,10.696746440961434,0.17266744375228882,0.03340240567922592,0.3499171733856201,-2.08416803725815,-0.06495138684805762,-2.2923435151577,-0.09010779357184756,-0.015077135560061924,-0.15541144581858218,0.2704251734163927
5.236020565032959,-8.25222629547352,0.3440039074412198,1.770600587129593,4.130352020263672,0.1287190318107605,-0.2982458472251892,-5.843532741661023,8.975156116459052,-8.588293534019659,10.696746440961434,0.17266744375228882,0.03340240567922592,0.3499171733856201,-2.08416803725815,-0.06495138684805762,-2.2923435151577,-0.09010779357184756,-0.015077135560061924,-0.15541144581858218,0.2704251734163927
5.241649389266968,-8.309297027590219,0.3368261671057553,1.7752197086811066,4.14467191696167,0.12615609169006348,-0.30234432220458984,-6.124596196183825,8.961179537334557,-8.484493221168472,10.840057699349764,0.18914015591144562,0.034722842276096344,0.3468972146511078,-2.0842146017417993,-0.06343960961615944,-2.2883625090122224,-0.09681922789404425,-0.015583503307796768,-0.15353408081977019,0.2704543198802815
5.247417688369751,-8.309297027590219,0.3368261671057553,1.7752197086811066,4.14467191696167,0.12615609169006348,-0.30234432220458984,-6.124596196183825,8.961179537334557,-8.484493221168472,10.840057699349764,0.18914015591144562,0.034722842276096344,0.3468972146511078,-2.0842146017417993,-0.06343960961615944,-2.2883625090122224,-0.09681922789404425,-0.015583503307796768,-0.15353408081977019,0.2704543198802815
5.253238201141357,-8.366523208620492,0.3293847656241269,1.7798046171665192,4.159008502960205,0.12322652339935303,-0.3067370653152466,-6.403116489123772,8.949185334913267,-8.366927365531911,10.988794316714463,0.20588718354701996,0.036020807921886444,0.3433464467525482,-2.084265216739924,-0.06175432349278787,-2.283437114953995,-0.10354013408879013,-0.01607136558361387,-0.15140774789875255,0.2704728740503435
5.258857250213623,-8.366523208620492,0.3293847656241269,1.7798046171665192,4.159008502960205,0.12322652339935303,-0.3067370653152466,-6.403116489123772,8.949185334913267,-8.366927365531911,10.988794316714463,0.20588718354701996,0.036020807921886444,0.3433464467525482,-2.084265216739924,-0.06175432349278787,-2.283437114953995,-0.10354013408879013,-0.01607136558361387,-0.15140774789875255,0.2704728740503435
5.263751029968262,-8.423905792238656,0.3216894483557553,1.7843554317951202,4.1733503341674805,0.1199343204498291,-0.3114362359046936,-6.678405442487568,8.939360552412152,-8.233675645904937,11.142282243335941,0.22713731229305267,0.03757680207490921,0.3385908007621765,-2.084319348149055,-0.059899458373785235,-2.277531069517136,-0.11026221489467178,-0.01653760303539636,-0.14899771552420835,0.2704799107855913
5.269448757171631,-8.423905792238656,0.3216894483557553,1.7843554317951202,4.1733503341674805,0.1199343204498291,-0.3114362359046936,-6.678405442487568,8.939360552412152,-8.233675645904937,11.142282243335941,0.22713731229305267,0.03757680207490921,0.3385908007621765,-2.084319348149055,-0.059899458373785235,-2.277531069517136,-0.11026221489467178,-0.01653760303539636,-0.14899771552420835,0.2704799107855913
5.2752296924591064,-8.423905792238656,0.3216894483557553,1.7843554317951202,4.1733503341674805,0.1199343204498291,-0.3114362359046936,-6.678405442487568,8.939360552412152,-8.233675645904937,11.142282243335941,0.22713731229305267,0.03757680207490921,0.3385908007621765,-2.084319348149055,-0.059899458373785235,-2.277531069517136,-0.11026221489467178,-0.01653760303539636,-0.14899771552420835,0.2704799107855913
5.282189130783081,-8.481483879091684,0.31374021530064056,1.7888720333576202,4.187676906585693,0.11629652976989746,-0.31645840406417847,-6.949516559923635,8.932064678948944,-8.083017863642807,11.299792805273446,0.2478252351284027,0.039044469594955444,0.3329046368598938,-2.084376252110774,-0.05788548884324189,-2.270594447851181,-0.11697014928232194,-0.016974913879135148,-0.1462728716441806,0.2704742181226903
5.287785291671753,-8.481483879091684,0.31374021530064056,1.7888720333576202,4.187676906585693,0.11629652976989746,-0.31645840406417847,-6.949516559923635,8.932064678948944,-8.083017863642807,11.299792805273446,0.2478252351284027,0.039044469594955444,0.3329046368598938,-2.084376252110774,-0.05788548884324189,-2.270594447851181,-0.11697014928232194,-0.016974913879135148,-0.1462728716441806,0.2704742181226903
5.29392671585083,-8.539257469179574,0.3055468714228482,1.7933544218540192,4.2019758224487305,0.11231350898742676,-0.3217785358428955,-7.21591165815034,8.92715324621785,-7.916580953395837,11.46040929211475,0.2660842537879944,0.040239788591861725,0.3266305923461914,-2.084435416108423,-0.055714327195813,-2.262702351808548,-0.1236464802067944,-0.01738340876761909,-0.14326264150878562,0.27045648065591105
5.2998881340026855,-8.539257469179574,0.3055468714228482,1.7933544218540192,4.2019758224487305,0.11231350898742676,-0.3217785358428955,-7.21591165815034,8.92715324621785,-7.916580953395837,11.46040929211475,0.2660842537879944,0.040239788591861725,0.3266305923461914,-2.084435416108423,-0.055714327195813,-2.262702351808548,-0.1236464802067944,-0.01738340876761909,-0.14326264150878562,0.27045648065591105
5.305158615112305,-8.539257469179574,0.3055468714228482,1.7933544218540192,4.2019758224487305,0.11231350898742676,-0.3217785358428955,-7.21591165815034,8.92715324621785,-7.916580953395837,11.46040929211475,0.2660842537879944,0.040239788591861725,0.3266305923461914,-2.084435416108423,-0.055714327195813,-2.262702351808548,-0.1236464802067944,-0.01738340876761909,-0.14326264150878562,0.27045648065591105
5.310493230819702,-8.597187461855356,0.29710935711773345,1.797797828912735,4.21622896194458,0.10798478126525879,-0.3273797929286957,-7.477150230138945,8.924589892649214,-7.735956378207943,11.623368517230817,0.2825199067592621,0.041234299540519714,0.3199530243873596,-2.0844963099466605,-0.053387489178010145,-2.253896713256836,-0.1302760211804611,-0.0177612511193657,-0.13999580881754767,0.2704269129272906
5.316492795944214,-8.597187461855356,0.29710935711773345,1.797797828912735,4.21622896194458,0.10798478126525879,-0.3273797929286957,-7.477150230138945,8.924589892649214,-7.735956378207943,11.623368517230817,0.2825199067592621,0.041234299540519714,0.3199530243873596,-2.0844963099466605,-0.053387489178010145,-2.253896713256836,-0.1302760211804611,-0.0177612511193657,-0.13999580881754767,0.2704269129272906
5.321948766708374,-8.655272903444711,0.28844725251110503,1.8022021353244781,4.230424404144287,0.10327732563018799,-0.3332362771034241,-7.733369042465305,8.924163854675648,-7.543760944450659,11.788158441873406,0.2936319410800934,0.041910190135240555,0.31393352150917053,-2.0845587699642456,-0.05089032076071551,-2.2442550122737885,-0.13685418636108518,-0.0181098163599097,-0.13651970195084978,0.270386467452311
5.3278443813323975,-8.655272903444711,0.28844725251110503,1.8022021353244781,4.230424404144287,0.10327732563018799,-0.3332362771034241,-7.733369042465305,8.924163854675648,-7.543760944450659,11.788158441873406,0.2936319410800934,0.041910190135240555,0.31393352150917053,-2.0845587699642456,-0.05089032076071551,-2.2442550122737885,-0.13685418636108518,-0.0181098163599097,-0.13651970195084978,0.270386467452311
5.332528352737427,-8.655272903444711,0.28844725251110503,1.8022021353244781,4.230424404144287,0.10327732563018799,-0.3332362771034241,-7.733369042465305,8.924163854675648,-7.543760944450659,11.788158441873406,0.2936319410800934,0.041910190135240555,0.31393352150917053,-2.0845587699642456,-0.05089032076071551,-2.2442550122737885,-0.13685418636108518,-0.0181098163599097,-0.13651970195084978,0.270386467452311
5.338410139083862,-8.713515701296274,0.27956052780064056,1.8065673410892487,4.244538307189941,0.09816288948059082,-0.33934271335601807,-7.98455097041151,8.925901111053706,-7.339675330237331,11.954393423775151,0.3103677034378052,0.04277941212058067,0.30703991651535034,-2.084622462094586,-0.04821079456597557,-2.2337930738925933,-0.1433835313223526,-0.018427607861474685,-0.132828545552946,0.27033515472023095
5.344750165939331,-8.713515701296274,0.27956052780064056,1.8065673410892487,4.244538307189941,0.09816288948059082,-0.33934271335601807,-7.98455097041151,8.925901111053706,-7.339675330237331,11.954393423775151,0.3103677034378052,0.04277941212058067,0.30703991651535034,-2.084622462094586,-0.04821079456597557,-2.2337930738925933,-0.1433835313223526,-0.018427607861474685,-0.132828545552946,0.27033515472023095
5.350297451019287,-8.771992149355356,0.27046873330982635,1.810893565416336,4.258562088012695,0.09263932704925537,-0.34569355845451355,-8.230151226121249,8.92990011990773,-7.122077569039469,12.12140250296826,0.32422783970832825,0.04354976862668991,0.30020928382873535,-2.0846866686524854,-0.045349572485074104,-2.2225277423858643,-0.14985847121195697,-0.01871220114575267,-0.128893004228727,0.27027277395019284
5.357053518295288,-8.771992149355356,0.27046873330982635,1.810893565416336,4.258562088012695,0.09263932704925537,-0.34569355845451355,-8.230151226121249,8.92990011990773,-7.122077569039469,12.12140250296826,0.32422783970832825,0.04354976862668991,0.30020928382873535,-2.0846866686524854,-0.045349572485074104,-2.2225277423858643,-0.14985847121195697,-0.01871220114575267,-0.128893004228727,0.27027277395019284
5.362901926040649,-8.830625000002328,0.26116209387691924,1.8151805698871613,4.272471904754639,0.08667552471160889,-0.3522659242153168,-8.470255611173188,8.936096446873945,-6.892459585595345,12.288836713114454,0.3383941054344177,0.04423489049077034,0.29321035742759705,-2.084750912718532,-0.042293286715775716,-2.21052725315094,-0.15627740669278206,-0.018962111980518524,-0.12474006139671688,0.27020018789894584
5.368134260177612,-8.830625000002328,0.26116209387691924,1.8151805698871613,4.272471904754639,0.08667552471160889,-0.3522659242153168,-8.470255611173188,8.936096446873945,-6.892459585595345,12.288836713114454,0.3383941054344177,0.04423489049077034,0.29321035742759705,-2.084750912718532,-0.042293286715775716,-2.21052725315094,-0.15627740669278206,-0.018962111980518524,-0.12474006139671688,0.27020018789894584
5.37361216545105,-8.830625000002328,0.26116209387691924,1.8151805698871613,4.272471904754639,0.08667552471160889,-0.3522659242153168,-8.470255611173188,8.936096446873945,-6.892459585595345,12.288836713114454,0.3383941054344177,0.04423489049077034,0.29321035742759705,-2.084750912718532,-0.042293286715775716,-2.21052725315094,-0.15627740669278206,-0.018962111980518524,-0.12474006139671688,0.27020018789894584
5.379430055618286,-8.889414253237192,0.25166015982540557,1.819428712129593,4.286250114440918,0.08027946949005127,-0.35897761583328247,-8.703936707554414,8.944578892761617,-6.648032418162109,12.455786715955396,0.35847440361976624,0.045015327632427216,0.28435665369033813,-2.084814230359238,-0.03904760010029886,-2.19803883433342,-0.162630879954486,-0.01917091401912323,-0.12031927502051643,0.2701207751548325
5.385725975036621,-8.889414253237192,0.25166015982540557,1.819428712129593,4.286250114440918,0.08027946949005127,-0.35897761583328247,-8.703936707554414,8.944578892761617,-6.648032418162109,12.455786715955396,0.35847440361976624,0.045015327632427216,0.28435665369033813,-2.084814230359238,-0.03904760010029886,-2.19803883433342,-0.162630879954486,-0.01917091401912323,-0.12031927502051643,0.2701207751548325
5.391577243804932,-8.948358955385629,0.24198242187412689,1.8236376345157623,4.299872398376465,0.07349550724029541,-0.3658193349838257,-8.930103656651458,8.95550306877002,-6.388355654048969,12.621263319501098,0.3736158311367035,0.045622870326042175,0.2752142548561096,-2.084875340862573,-0.035635701833229845,-2.185089737176895,-0.16889472601493025,-0.0193331062490664,-0.11562267965813394,0.2700341892342686
5.397099733352661,-8.948358955385629,0.24198242187412689,1.8236376345157623,4.299872398376465,0.07349550724029541,-0.3658193349838257,-8.930103656651458,8.95550306877002,-6.388355654048969,12.621263319501098,0.3736158311367035,0.045622870326042175,0.2752142548561096,-2.084875340862573,-0.035635701833229845,-2.185089737176895,-0.16889472601493025,-0.0193331062490664,-0.11562267965813394,0.2700341892342686
5.402561187744141,-9.007461013796274,0.23212889492424438,1.8278075754642487,4.313328266143799,0.06632554531097412,-0.37275952100753784,-9.148379562146651,8.968720573137578,-6.114320956014793,12.784558203302083,0.3923415243625641,0.04614056646823883,0.2646464705467224,-2.0849333948236404,-0.03205977746561993,-2.171775072813034,-0.17505775851029218,-0.01944863574414067,-0.11066640220175633,0.26994138746969326
5.407912969589233,-9.007461013796274,0.23212889492424438,1.8278075754642487,4.313328266143799,0.06632554531097412,-0.37275952100753784,-9.148379562146651,8.968720573137578,-6.114320956014793,12.784558203302083,0.3923415243625641,0.04614056646823883,0.2646464705467224,-2.0849333948236404,-0.03205977746561993,-2.171775072813034,-0.17505775851029218,-0.01944863574414067,-0.11066640220175633,0.26994138746969326
5.413450002670288,-9.007461013796274,0.23212889492424438,1.8278075754642487,4.313328266143799,0.06632554531097412,-0.37275952100753784,-9.148379562146651,8.968720573137578,-6.114320956014793,12.784558203302083,0.3923415243625641,0.04614056646823883,0.2646464705467224,-2.0849333948236404,-0.03205977746561993,-2.171775072813034,-0.17505775851029218,-0.01944863574414067,-0.11066640220175633,0.26994138746969326
5.418501377105713,-9.066757621767465,0.2221093690386624,1.8319384157657623,4.326587677001953,0.05882692337036133,-0.3797707259654999,-9.357415605489997,8.9842825794487,-5.824351769044644,12.944436307836447,0.41040852665901184,0.046540517359972,0.2528800666332245,-2.0849871554038004,-0.028348756289186747,-2.1581769704818727,-0.18109398839370042,-0.01951348096336892,-0.10542192858314448,0.26984267019111996
5.424522399902344,-9.066757621767465,0.2221093690386624,1.8319384157657623,4.326587677001953,0.05882692337036133,-0.3797707259654999,-9.357415605489997,8.9842825794487,-5.824351769044644,12.944436307836447,0.41040852665901184,0.046540517359972,0.2528800666332245,-2.0849871554038004,-0.028348756289186747,-2.1581769704818727,-0.18109398839370042,-0.01951348096336892,-0.10542192858314448,0.26984267019111996
5.429814577102661,-9.066757621767465,0.2221093690386624,1.8319384157657623,4.326587677001953,0.05882692337036133,-0.3797707259654999,-9.357415605489997,8.9842825794487,-5.824351769044644,12.944436307836447,0.41040852665901184,0.046540517359972,0.2528800666332245,-2.0849871554038004,-0.028348756289186747,-2.1581769704818727,-0.18109398839370042,-0.01951348096336892,-0.10542192858314448,0.26984267019111996
5.4351537227630615,-9.12624973297352,0.21193358957680175,1.836030274629593,4.339632511138916,0.051024556159973145,-0.38683921098709106,-9.556585125367855,9.002104010208214,-5.519472622256274,13.10007890048199,0.42685648798942566,0.0468023382127285,0.2405649572610855,-2.085035751041224,-0.02451544537503561,-2.144336861371994,-0.18698502618489057,-0.019526739395694045,-0.09990778875710511,0.2697379556186333
5.440129280090332,-9.12624973297352,0.21193358957680175,1.836030274629593,4.339632511138916,0.051024556159973145,-0.38683921098709106,-9.556585125367855,9.002104010208214,-5.519472622256274,13.10007890048199,0.42685648798942566,0.0468023382127285,0.2405649572610855,-2.085035751041224,-0.02451544537503561,-2.144336861371994,-0.18698502618489057,-0.019526739395694045,-0.09990778875710511,0.2697379556186333
5.446162223815918,-9.185898246767465,0.20162109196098754,1.8400829136371613,4.352447032928467,0.04288315773010254,-0.3939732015132904,-9.746318087404827,9.02203173845989,-5.202791302285978,13.251410427015399,0.43727540969848633,0.046993106603622437,0.22959743440151215,-2.085078668136645,-0.020543560146489535,-2.1302296400070193,-0.1927306774917194,-0.019490002238661774,-0.0941801911270083,0.2696266377284515
5.451050758361816,-9.185898246767465,0.20162109196098754,1.8400829136371613,4.352447032928467,0.04288315773010254,-0.3939732015132904,-9.746318087404827,9.02203173845989,-5.202791302285978,13.251410427015399,0.43727540969848633,0.046993106603622437,0.22959743440151215,-2.085078668136645,-0.020543560146489535,-2.1302296400070193,-0.1927306774917194,-0.019490002238661774,-0.0941801911270083,0.2696266377284515
5.456645488739014,-9.185898246767465,0.20162109196098754,1.8400829136371613,4.352447032928467,0.04288315773010254,-0.3939732015132904,-9.746318087404827,9.02203173845989,-5.202791302285978,13.251410427015399,0.43727540969848633,0.046993106603622437,0.22959743440151215,-2.085078668136645,-0.020543560146489535,-2.1302296400070193,-0.1927306774917194,-0.019490002238661774,-0.0941801911270083,0.2696266377284515
5.462126970291138,-9.215780677797738,0.1964160120478482,1.8420946896076202,4.358762264251709,0.0386580228805542,-0.39755964279174805,-9.83799214895976,9.032712874752127,-5.040620249427957,13.325587078156975,0.44373103976249695,0.04704099893569946,0.22425143420696259,-2.085097864890835,-0.0184928096744874,-2.123091512918472,-0.1955558246509689,-0.01945376974628868,-0.09124711462566303,0.2695688261947012
5.467898368835449,-9.215780677797738,0.1964160120478482,1.8420946896076202,4.358762264251709,0.0386580228805542,-0.39755964279174805,-9.83799214895976,9.032712874752127,-5.040620249427957,13.325587078156975,0.44373103976249695,0.04704099893569946,0.22425143420696259,-2.085097864890835,-0.0184928096744874,-2.123091512918472,-0.1955558246509689,-0.01945376974628868,-0.09124711462566303,0.2695688261947012
5.47382378578186,-9.280468406679574,0.18505858540447662,1.8464111387729645,4.372191905975342,0.029266715049743652,-0.4052770137786865,-10.027140111238603,9.057339925262395,-4.676844822893324,13.481036998460107,0.4613032937049866,0.04694278538227081,0.2109193205833435,-2.0851331558319353,-0.013957529592675235,-2.1077090084552768,-0.20152873544666142,-0.019332365360524708,-0.08466775822060994,0.2694416112901952
5.479788780212402,-9.280468406679574,0.18505858540447662,1.8464111387729645,4.372191905975342,0.029266715049743652,-0.4052770137786865,-10.027140111238603,9.057339925262395,-4.676844822893324,13.481036998460107,0.4613032937049866,0.04694278538227081,0.2109193205833435,-2.0851331558319353,-0.013957529592675235,-2.1077090084552768,-0.20152873544666142,-0.019332365360524708,-0.08466775822060994,0.2694416112901952
5.4860193729400635,-9.280468406679574,0.18505858540447662,1.8464111387729645,4.372191905975342,0.029266715049743652,-0.4052770137786865,-10.027140111238603,9.057339925262395,-4.676844822893324,13.481036998460107,0.4613032937049866,0.04694278538227081,0.2109193205833435,-2.0851331558319353,-0.013957529592675235,-2.1077090084552768,-0.20152873544666142,-0.019332365360524708,-0.08466775822060994,0.2694416112901952
5.491832733154297,-9.340507926943246,0.17443359553726623,1.8503710329532623,4.384335517883301,0.02013075351715088,-0.4124416410923004,-10.192767290200804,9.081876741120976,-4.328948085950696,13.619824533430242,0.47210854291915894,0.046879395842552185,0.19992175698280334,-2.0851578904145116,-0.009574039068192071,-2.093342936038971,-0.20691549677094184,-0.019171604600779196,-0.07837558877336306,0.26931862771944437
5.498152256011963,-9.340507926943246,0.17443359553726623,1.8503710329532623,4.384335517883301,0.02013075351715088,-0.4124416410923004,-10.192767290200804,9.081876741120976,-4.328948085950696,13.619824533430242,0.47210854291915894,0.046879395842552185,0.19992175698280334,-2.0851578904145116,-0.009574039068192071,-2.093342936038971,-0.20691549677094184,-0.019171604600779196,-0.07837558877336306,0.26931862771944437
5.50352668762207,-9.400702896120492,0.16371092855843017,1.8542968332767487,4.3961944580078125,0.010560989379882812,-0.41958656907081604,-10.349385388653104,9.107939018514012,-3.9702920490116593,13.753495210236627,0.4843655824661255,0.04667992889881134,0.1887868046760559,-2.0851738531621984,-0.005009218570471198,-2.0789745926856997,-0.21216837762964147,-0.018963942495203334,-0.07188882325342448,0.2691923055686383
5.509355306625366,-9.400702896120492,0.16371092855843017,1.8542968332767487,4.3961944580078125,0.010560989379882812,-0.41958656907081604,-10.349385388653104,9.107939018514012,-3.9702920490116593,13.753495210236627,0.4843655824661255,0.04667992889881134,0.1887868046760559,-2.0851738531621984,-0.005009218570471198,-2.0789745926856997,-0.21216837762964147,-0.018963942495203334,-0.07188882325342448,0.2691923055686383
5.5155723094940186,-9.461054267885629,0.15291014969261596,1.8581835329532623,4.407745838165283,0.0004875659942626953,-0.4267250895500183,-10.497967310247146,9.135372964525205,-3.6032793239339385,13.882536305294787,0.49385738372802734,0.04651010036468506,0.1791222244501114,-2.0851798572259557,-0.0002306536782366068,-2.0645550906658174,-0.2173032538743824,-0.018711777802061666,-0.06525091605205367,0.26906212361564175
5.520728349685669,-9.461054267885629,0.15291014969261596,1.8581835329532623,4.407745838165283,0.0004875659942626953,-0.4267250895500183,-10.497967310247146,9.135372964525205,-3.6032793239339385,13.882536305294787,0.49385738372802734,0.04651010036468506,0.1791222244501114,-2.0851798572259557,-0.0002306536782366068,-2.0645550906658174,-0.2173032538743824,-0.018711777802061666,-0.06525091605205367,0.26906212361564175
5.5269670486450195,-9.521562042238656,0.1420312440386624,1.8620361387729645,4.4189887046813965,-0.00999903678894043,-0.43373024463653564,-10.636595228570098,9.163909473789117,-3.2226720140764846,14.00520630946366,0.5093896389007568,0.04587813466787338,0.1663392335176468,-2.0851745319357136,0.004718214562100828,-2.050474315881729,-0.22229389586409717,-0.01841320262697613,-0.05836713292856049,0.26893295921425775
5.532798767089844,-9.521562042238656,0.1420312440386624,1.8620361387729645,4.4189887046813965,-0.00999903678894043,-0.43373024463653564,-10.636595228570098,9.163909473789117,-3.2226720140764846,14.00520630946366,0.5093896389007568,0.04587813466787338,0.1663392335176468,-2.0851745319357136,0.004718214562100828,-2.050474315881729,-0.22229389586409717,-0.01841320262697613,-0.05836713292856049,0.26893295921425775
5.538539171218872,-9.521562042238656,0.1420312440386624,1.8620361387729645,4.4189887046813965,-0.00999903678894043,-0.43373024463653564,-10.636595228570098,9.163909473789117,-3.2226720140764846,14.00520630946366,0.5093896389007568,0.04587813466787338,0.1663392335176468,-2.0851745319357136,0.004718214562100828,-2.050474315881729,-0.22229389586409717,-0.01841320262697613,-0.05836713292856049,0.26893295921425775
5.544205665588379,-9.582226219179574,0.13110350727947662,1.865854412317276,4.429898262023926,-0.020779967308044434,-0.4405671954154968,-10.763410758036546,9.19335791955526,-2.8278628044108953,14.119864637301191,0.5247694253921509,0.04509773850440979,0.15145298838615417,-2.085156929181985,0.009781148518013065,-2.0368363559246063,-0.22709618393808134,-0.018068300520202474,-0.05122648979295319,0.2688049933403986
5.549171686172485,-9.582226219179574,0.13110350727947662,1.865854412317276,4.429898262023926,-0.020779967308044434,-0.4405671954154968,-10.763410758036546,9.19335791955526,-2.8278628044108953,14.119864637301191,0.5247694253921509,0.04509773850440979,0.15145298838615417,-2.085156929181985,0.009781148518013065,-2.0368363559246063,-0.22709618393808134,-0.018068300520202474,-0.05122648979295319,0.2688049933403986
5.554697751998901,-9.643046798708383,0.12013671457680175,1.8696434795856476,4.440467834472656,-0.031769633293151855,-0.44721585512161255,-10.877197720745857,9.223632250695612,-2.4197211840171002,14.22541765805381,0.5385845899581909,0.0443158894777298,0.13529536128044128,-2.085126504087313,0.014918181343509865,-2.023710697889328,-0.23167591637876248,-0.01767566883313189,-0.04384471249730884,0.26867827712043685
5.560261487960815,-9.643046798708383,0.12013671457680175,1.8696434795856476,4.440467834472656,-0.031769633293151855,-0.44721585512161255,-10.877197720745857,9.223632250695612,-2.4197211840171002,14.22541765805381,0.5385845899581909,0.0443158894777298,0.13529536128044128,-2.085126504087313,0.014918181343509865,-2.023710697889328,-0.23167591637876248,-0.01767566883313189,-0.04384471249730884,0.26867827712043685
5.5656421184539795,-9.643046798708383,0.12013671457680175,1.8696434795856476,4.440467834472656,-0.031769633293151855,-0.44721585512161255,-10.877197720745857,9.223632250695612,-2.4197211840171002,14.22541765805381,0.5385845899581909,0.0443158894777298,0.13529536128044128,-2.085126504087313,0.014918181343509865,-2.023710697889328,-0.23167591637876248,-0.01767566883313189,-0.04384471249730884,0.26867827712043685
5.571052312850952,-9.704022827150766,0.10913085848005721,1.8733984529972076,4.450673580169678,-0.04292774200439453,-0.4536585807800293,-10.977363060260092,9.254605231395375,-1.9993550037401877,14.321239705643496,0.5509716272354126,0.04353867471218109,0.11861059069633484,-2.0850828842547804,0.020111090714870095,-2.0111414730548858,-0.23601396605468047,-0.017235286256049004,-0.03624183797931485,0.268552838883551
5.576151132583618,-9.704022827150766,0.10913085848005721,1.8733984529972076,4.450673580169678,-0.04292774200439453,-0.4536585807800293,-10.977363060260092,9.254605231395375,-1.9993550037401877,14.321239705643496,0.5509716272354126,0.04353867471218109,0.11861059069633484,-2.0850828842547804,0.020111090714870095,-2.0111414730548858,-0.23601396605468047,-0.017235286256049004,-0.03624183797931485,0.268552838883551
5.581599235534668,-9.765156211855356,0.09811523467215011,1.8771239817142487,4.46051549911499,-0.05424690246582031,-0.459873765707016,-11.063789222917064,9.286069444522221,-1.5675331662744656,14.407020294183845,0.562496542930603,0.04269967973232269,0.10186610370874405,-2.0850256839126367,0.025357200291396917,-1.9992018699645997,-0.2401042442394709,-0.016749081108025556,-0.02843177285414531,0.26842947243020526
5.58725380897522,-9.765156211855356,0.09811523467215011,1.8771239817142487,4.46051549911499,-0.05424690246582031,-0.459873765707016,-11.063789222917064,9.286069444522221,-1.5675331662744656,14.407020294183845,0.562496542930603,0.04269967973232269,0.10186610370874405,-2.0850256839126367,0.025357200291396917,-1.9992018699645997,-0.2401042442394709,-0.016749081108025556,-0.02843177285414531,0.26842947243020526
5.592085599899292,-9.765156211855356,0.09811523467215011,1.8771239817142487,4.46051549911499,-0.05424690246582031,-0.459873765707016,-11.063789222917064,9.286069444522221,-1.5675331662744656,14.407020294183845,0.562496542930603,0.04269967973232269,0.10186610370874405,-2.0850256839126367,0.025357200291396917,-1.9992018699645997,-0.2401042442394709,-0.016749081108025556,-0.02843177285414531,0.26842947243020526
5.597158670425415,-9.82644504547352,0.087099610864243,1.8808154165744781,4.46998405456543,-0.06573712825775146,-0.46583518385887146,-11.136553178811077,9.317776861055325,-1.1247028221284276,14.48260115689275,0.573527991771698,0.04173707962036133,0.08522798866033554,-2.0849544187590814,0.030662059274584194,-1.9879621982574465,-0.2439470506876137,-0.016219765889430214,-0.020422604426074957,0.2683090718453284
5.602829694747925,-9.82644504547352,0.087099610864243,1.8808154165744781,4.46998405456543,-0.06573712825775146,-0.46583518385887146,-11.136553178811077,9.317776861055325,-1.1247028221284276,14.48260115689275,0.573527991771698,0.04173707962036133,0.08522798866033554,-2.0849544187590814,0.030662059274584194,-1.9879621982574465,-0.2439470506876137,-0.016219765889430214,-0.020422604426074957,0.2683090718453284
5.607642412185669,-9.887890281679574,0.07609374731691787,1.8844824135303497,4.479063987731934,-0.07740151882171631,-0.47150763869285583,-11.195632235084004,9.349393491209838,-0.671185817687222,14.547717212242123,0.5841430425643921,0.040625378489494324,0.06863681972026825,-2.084868597517691,0.03602806220977541,-1.9775454282760623,-0.24754059717715823,-0.015650923278688972,-0.012220153709721727,0.26819333066903367
5.6137354373931885,-9.887890281679574,0.07609374731691787,1.8844824135303497,4.479063987731934,-0.07740151882171631,-0.47150763869285583,-11.195632235084004,9.349393491209838,-0.671185817687222,14.547717212242123,0.5841430425643921,0.040625378489494324,0.06863681972026825,-2.084868597517691,0.03602806220977541,-1.9775454282760623,-0.24754059717715823,-0.015650923278688972,-0.012220153709721727,0.26819333066903367
5.6190009117126465,-9.887890281679574,0.07609374731691787,1.8844824135303497,4.479063987731934,-0.07740151882171631,-0.47150763869285583,-11.195632235084004,9.349393491209838,-0.671185817687222,14.547717212242123,0.5841430425643921,0.040625378489494324,0.06863681972026825,-2.084868597517691,0.03602806220977541,-1.9775454282760623,-0.24754059717715823,-0.015650923278688972,-0.012220153709721727,0.26819333066903367
5.624090671539307,-9.94949192047352,0.065126954614243,1.8881200850009918,4.487761497497559,-0.08919727802276611,-0.4768139719963074,-11.240368021246509,9.380400463372728,-0.2060545979247499,14.601507097632723,0.5971919298171997,0.03890351951122284,0.05024868994951248,-2.0847681247836336,0.04143616859831301,-1.9681742370128634,-0.2508713076711181,-0.015048784506359462,-0.0038076446541026967,0.26808508910184936
5.630439043045044,-9.94949192047352,0.065126954614243,1.8881200850009918,4.487761497497559,-0.08919727802276611,-0.4768139719963074,-11.240368021246509,9.380400463372728,-0.2060545979247499,14.601507097632723,0.5971919298171997,0.03890351951122284,0.05024868994951248,-2.0847681247836336,0.04143616859831301,-1.9681742370128634,-0.2508713076711181,-0.015048784506359462,-0.0038076446541026967,0.26808508910184936
5.635709524154663,-10.011249961855356,0.05420898184092948,1.8917284309864044,4.496065616607666,-0.10101890563964844,-0.481738418340683,-11.269398258215086,9.410458822338377,0.2700361894577144,14.642715048148105,0.6059635877609253,0.037522733211517334,0.031541287899017334,-2.084653744700971,0.04683860465679309,-1.9598959207534792,-0.2539011633473884,-0.014418783358716944,0.004803082577230402,0.2679839244450355
5.6406333446502686,-10.011249961855356,0.05420898184092948,1.8917284309864044,4.496065616607666,-0.10101890563964844,-0.481738418340683,-11.269398258215086,9.410458822338377,0.2700361894577144,14.642715048148105,0.6059635877609253,0.037522733211517334,0.031541287899017334,-2.084653744700971,0.04683860465679309,-1.9598959207534792,-0.2539011633473884,-0.014418783358716944,0.004803082577230402,0.2679839244450355
5.6456382274627686,-10.011249961855356,0.05420898184092948,1.8917284309864044,4.496065616607666,-0.10101890563964844,-0.481738418340683,-11.269398258215086,9.410458822338377,0.2700361894577144,14.642715048148105,0.6059635877609253,0.037522733211517334,0.031541287899017334,-2.084653744700971,0.04683860465679309,-1.9598959207534792,-0.2539011633473884,-0.014418783358716944,0.004803082577230402,0.2679839244450355
5.651658773422241,-10.07308525085682,0.043349607884010766,1.8953124582767487,4.503971099853516,-0.11289000511169434,-0.4862789809703827,-11.283173693232008,9.439542655038085,0.7557842514105131,14.671675550544348,0.6159562468528748,0.03590063750743866,0.012379460036754608,-2.0845251904651665,0.05224768414138397,-1.9527254819869997,-0.2566355273884463,-0.01376013519126747,0.013588474303922002,0.2678903147570276
5.6568567752838135,-10.07308525085682,0.043349607884010766,1.8953124582767487,4.503971099853516,-0.11289000511169434,-0.4862789809703827,-11.283173693232008,9.439542655038085,0.7557842514105131,14.671675550544348,0.6159562468528748,0.03590063750743866,0.012379460036754608,-2.0845251904651665,0.05224768414138397,-1.9527254819869997,-0.2566355273884463,-0.01376013519126747,0.013588474303922002,0.2678903147570276
5.663148641586304,-10.135077896120492,0.032568356989941094,1.898872047662735,4.511477947235107,-0.12475502490997314,-0.4904121160507202,-11.281058950180823,9.467253901331985,1.2505045112827486,14.687678375485262,0.6225671172142029,0.03462272882461548,-0.00645938515663147,-2.084383081660254,0.05763904120019413,-1.9467333376407625,-0.25905438127572655,-0.013079770867656736,0.022536140014898755,0.2678047522364909
5.668904781341553,-10.135077896120492,0.032568356989941094,1.898872047662735,4.511477947235107,-0.12475502490997314,-0.4904121160507202,-11.281058950180823,9.467253901331985,1.2505045112827486,14.687678375485262,0.6225671172142029,0.03462272882461548,-0.00645938515663147,-2.084383081660254,0.05763904120019413,-1.9467333376407625,-0.25905438127572655,-0.013079770867656736,0.022536140014898755,0.2678047522364909
5.674550294876099,-10.135077896120492,0.032568356989941094,1.898872047662735,4.511477947235107,-0.12475502490997314,-0.4904121160507202,-11.281058950180823,9.467253901331985,1.2505045112827486,14.687678375485262,0.6225671172142029,0.03462272882461548,-0.00645938515663147,-2.084383081660254,0.05763904120019413,-1.9467333376407625,-0.25905438127572655,-0.013079770867656736,0.022536140014898755,0.2678047522364909
5.68003511428833,-10.197225990297738,0.0218847645810456,1.9024071991443634,4.518585205078125,-0.13665056228637695,-0.49412021040916443,-11.263654056505825,9.49340726240737,1.7534344248615388,14.691104532269755,0.6305863857269287,0.032907381653785706,-0.02585173398256302,-2.0842269999877057,0.06303096623268038,-1.941972327232361,-0.2611688843506978,-0.012379974161604447,0.03163228809647469,0.26772843935643487
5.686523199081421,-10.197225990297738,0.0218847645810456,1.9024071991443634,4.518585205078125,-0.13665056228637695,-0.49412021040916443,-11.263654056505825,9.49340726240737,1.7534344248615388,14.691104532269755,0.6305863857269287,0.032907381653785706,-0.02585173398256302,-2.0842269999877057,0.06303096623268038,-1.941972327232361,-0.2611688843506978,-0.012379974161604447,0.03163228809647469,0.26772843935643487
5.691815137863159,-10.259453239443246,0.011308593711873982,1.905917912721634,4.525296211242676,-0.14850330352783203,-0.49736908078193665,-11.23012820543681,9.517517734753318,2.26429902241009,14.681069571334977,0.6361086368560791,0.03147159516811371,-0.04500500485301018,-2.084058003596836,0.06839099228661559,-1.9385450005531313,-0.26295519543878365,-0.01166943067812278,0.040871945359788504,0.26766229961274185
5.697813272476196,-10.259453239443246,0.011308593711873982,1.905917912721634,4.525296211242676,-0.14850330352783203,-0.49736908078193665,-11.23012820543681,9.517517734753318,2.26429902241009,14.681069571334977,0.6361086368560791,0.03147159516811371,-0.04500500485301018,-2.084058003596836,0.06839099228661559,-1.9385450005531313,-0.26295519543878365,-0.01166943067812278,0.040871945359788504,0.26766229961274185
5.7032694816589355,-10.321835937502328,0.0008593749735155143,1.9094091951847076,4.531605243682861,-0.16039204597473145,-0.5001723170280457,-11.181673715724301,9.539638580115268,2.78166299525925,14.658586039740463,0.6410963535308838,0.03016074001789093,-0.06307265162467957,-2.083875000028399,0.07375686028170278,-1.9364196002483367,-0.264436908852065,-0.010946769827604652,0.05022915236229252,0.2676067437656352
5.708814859390259,-10.321835937502328,0.0008593749735155143,1.9094091951847076,4.531605243682861,-0.16039204597473145,-0.5001723170280457,-11.181673715724301,9.539638580115268,2.78166299525925,14.658586039740463,0.6410963535308838,0.03016074001789093,-0.06307265162467957,-2.083875000028399,0.07375686028170278,-1.9364196002483367,-0.264436908852065,-0.010946769827604652,0.05022915236229252,0.2676067437656352
5.714670896530151,-10.321835937502328,0.0008593749735155143,1.9094091951847076,4.531605243682861,-0.16039204597473145,-0.5001723170280457,-11.181673715724301,9.539638580115268,2.78166299525925,14.658586039740463,0.6410963535308838,0.03016074001789093,-0.06307265162467957,-2.083875000028399,0.07375686028170278,-1.9364196002483367,-0.264436908852065,-0.010946769827604652,0.05022915236229252,0.2676067437656352
5.72021222114563,-10.384335937502328,-0.0094335935646086,1.9128710329532623,4.5375285148620605,-0.17225635051727295,-0.5024606585502625,-11.11765373311685,9.559112605670602,3.305925405375239,14.62282481573826,0.6470373868942261,0.028018802404403687,-0.08340050280094147,-2.0836789547282923,0.07910185714878155,-1.9357858836650848,-0.26559719219257344,-0.010223184695210953,0.059711126663810475,0.26756425192762867
5.726902723312378,-10.384335937502328,-0.0094335935646086,1.9128710329532623,4.5375285148620605,-0.17225635051727295,-0.5024606585502625,-11.11765373311685,9.559112605670602,3.305925405375239,14.62282481573826,0.6470373868942261,0.028018802404403687,-0.08340050280094147,-2.0836789547282923,0.07910185714878155,-1.9357858836650848,-0.26559719219257344,-0.010223184695210953,0.059711126663810475,0.26756425192762867
5.732391119003296,-10.446953239443246,-0.01957031242636731,1.9163134396076202,4.543071269989014,-0.18395483493804932,-0.5041954517364502,-11.036417128067502,9.575314433309641,3.8369297671667124,14.572244960484893,0.6510891914367676,0.026248261332511902,-0.1041656881570816,-2.0834725960514935,0.08436250164869821,-1.936777836084366,-0.2663911904728828,-0.009510726868100271,0.06931503801688028,0.26753577447009774
5.737740755081177,-10.446953239443246,-0.01957031242636731,1.9163134396076202,4.543071269989014,-0.18395483493804932,-0.5041954517364502,-11.036417128067502,9.575314433309641,3.8369297671667124,14.572244960484893,0.6510891914367676,0.026248261332511902,-0.1041656881570816,-2.0834725960514935,0.08436250164869821,-1.936777836084366,-0.2663911904728828,-0.009510726868100271,0.06931503801688028,0.26753577447009774
5.743634223937988,-10.446953239443246,-0.01957031242636731,1.9163134396076202,4.543071269989014,-0.18395483493804932,-0.5041954517364502,-11.036417128067502,9.575314433309641,3.8369297671667124,14.572244960484893,0.6510891914367676,0.026248261332511902,-0.1041656881570816,-2.0834725960514935,0.08436250164869821,-1.936777836084366,-0.2663911904728828,-0.009510726868100271,0.06931503801688028,0.26753577447009774
5.749140977859497,-10.509647789003793,-0.02953124880878022,1.9197362959384918,4.548247814178467,-0.19546222686767578,-0.5053790211677551,-10.937897040351965,9.588102243596369,4.373703945622802,14.506817114177826,0.6548923850059509,0.02419455349445343,-0.1265791654586792,-2.0832570000144424,0.08952855451084238,-1.9393882691860198,-0.26681115618897444,-0.008813514162897298,0.07902330408293885,0.26752129579281175
5.754385232925415,-10.509647789003793,-0.02953124880878022,1.9197362959384918,4.548247814178467,-0.19546222686767578,-0.5053790211677551,-10.937897040351965,9.588102243596369,4.373703945622802,14.506817114177826,0.6548923850059509,0.02419455349445343,-0.1265791654586792,-2.0832570000144424,0.08952855451084238,-1.9393882691860198,-0.26681115618897444,-0.008813514162897298,0.07902330408293885,0.26752129579281175
5.7599036693573,-10.572499694826547,-0.03929687380878022,1.923139601945877,4.553063869476318,-0.20669126510620117,-0.5059926509857178,-10.821196723614745,9.597104423947899,4.915757188276887,14.425773934645616,0.6571623682975769,0.02271246910095215,-0.14831086993217468,-2.0830346112623506,0.09456161200553054,-1.9436733305454257,-0.26683010256248046,-0.00813991140265514,0.08882704895902735,0.2675212408258659
5.764916896820068,-10.572499694826547,-0.03929687380878022,1.923139601945877,4.553063869476318,-0.20669126510620117,-0.5059926509857178,-10.821196723614745,9.597104423947899,4.915757188276887,14.425773934645616,0.6571623682975769,0.02271246910095215,-0.14831086993217468,-2.0830346112623506,0.09456161200553054,-1.9436733305454257,-0.26683010256248046,-0.00813991140265514,0.08882704895902735,0.2675212408258659
5.770113229751587,-10.572499694826547,-0.03929687380878022,1.923139601945877,4.553063869476318,-0.20669126510620117,-0.5059926509857178,-10.821196723614745,9.597104423947899,4.915757188276887,14.425773934645616,0.6571623682975769,0.02271246910095215,-0.14831086993217468,-2.0830346112623506,0.09456161200553054,-1.9436733305454257,-0.26683010256248046,-0.00813991140265514,0.08882704895902735,0.2675212408258659
5.776166915893555,-10.60394519806141,-0.044101563245931175,1.9248339235782623,4.555338382720947,-0.21223187446594238,-0.5060932636260986,-10.756487093743027,9.600246080460328,5.1883707770685445,14.37982699423317,0.6580184102058411,0.021981611847877502,-0.15902122855186462,-2.0829205010433602,0.09704265307200391,-1.9464212715625764,-0.26669885303438806,-0.007811078897734167,0.09375762378813837,0.2675266876940643
5.781729459762573,-10.60394519806141,-0.044101563245931175,1.9248339235782623,4.555338382720947,-0.21223187446594238,-0.5060932636260986,-10.756487093743027,9.600246080460328,5.1883707770685445,14.37982699423317,0.6580184102058411,0.021981611847877502,-0.15902122855186462,-2.0829205010433602,0.09704265307200391,-1.9464212715625764,-0.26669885303438806,-0.007811078897734167,0.09375762378813837,0.2675266876940643
5.7865259647369385,-10.666952552797738,-0.05354492083279183,1.9282080233097076,4.559638023376465,-0.2230215072631836,-0.5058441162109375,-10.612731026787214,9.603025539135292,5.736618932238722,14.275473225297596,0.6589701175689697,0.02003239095211029,-0.18275552988052368,-2.0826900503429275,0.1018687605919996,-1.9532420933246613,-0.26611090542019894,-0.007186939473793087,0.10367341179404985,0.267549166465061
5.791635751724243,-10.666952552797738,-0.05354492083279183,1.9282080233097076,4.559638023376465,-0.2230215072631836,-0.5058441162109375,-10.612731026787214,9.603025539135292,5.736618932238722,14.275473225297596,0.6589701175689697,0.02003239095211029,-0.18275552988052368,-2.0826900503429275,0.1018687605919996,-1.9532420933246613,-0.26611090542019894,-0.007186939473793087,0.10367341179404985,0.267549166465061
5.797382354736328,-10.666952552797738,-0.05354492083279183,1.9282080233097076,4.559638023376465,-0.2230215072631836,-0.5058441162109375,-10.612731026787214,9.603025539135292,5.736618932238722,14.275473225297596,0.6589701175689697,0.02003239095211029,-0.18275552988052368,-2.0826900503429275,0.1018687605919996,-1.9532420933246613,-0.26611090542019894,-0.007186939473793087,0.10367341179404985,0.267549166465061
5.802992105484009,-10.730039062502328,-0.06274414151994279,1.931562453508377,4.563599586486816,-0.23362386226654053,-0.5050206780433655,-10.452602952617823,9.601865461359207,6.287949328845176,14.157180627160752,0.6593074798583984,0.01913328468799591,-0.20209510624408722,-2.0824529005770493,0.10660678712075604,-1.9617503821849822,-0.26515433838906366,-0.006591366871121939,0.11364494618483609,0.2675883222283791
5.808700084686279,-10.730039062502328,-0.06274414151994279,1.931562453508377,4.563599586486816,-0.23362386226654053,-0.5050206780433655,-10.452602952617823,9.601865461359207,6.287949328845176,14.157180627160752,0.6593074798583984,0.01913328468799591,-0.20209510624408722,-2.0824529005770493,0.10660678712075604,-1.9617503821849822,-0.26515433838906366,-0.006591366871121939,0.11364494618483609,0.2675883222283791
5.813529968261719,-10.793202819826547,-0.07169921785680344,1.9348974525928497,4.567239761352539,-0.24408435821533203,-0.5036146640777588,-10.276923000433428,9.596463993787776,6.841477798782668,14.02553788257294,0.6585980653762817,0.017861366271972656,-0.22166937589645386,-2.082208500003378,0.1112782669511805,-1.9719714224338531,-0.26384447194740046,-0.00603168102054608,0.12365623561896621,0.26764534040307647
5.81906533241272,-10.793202819826547,-0.07169921785680344,1.9348974525928497,4.567239761352539,-0.24408435821533203,-0.5036146640777588,-10.276923000433428,9.596463993787776,6.841477798782668,14.02553788257294,0.6585980653762817,0.017861366271972656,-0.22166937589645386,-2.082208500003378,0.1112782669511805,-1.9719714224338531,-0.26384447194740046,-0.00603168102054608,0.12365623561896621,0.26764534040307647
5.824360132217407,-10.793202819826547,-0.07169921785680344,1.9348974525928497,4.567239761352539,-0.24408435821533203,-0.5036146640777588,-10.276923000433428,9.596463993787776,6.841477798782668,14.02553788257294,0.6585980653762817,0.017861366271972656,-0.22166937589645386,-2.082208500003378,0.1112782669511805,-1.9719714224338531,-0.26384447194740046,-0.00603168102054608,0.12365623561896621,0.26764534040307647
5.830335855484009,-10.856483879091684,-0.080380857885757,1.938212901353836,4.570574760437012,-0.25435352325439453,-0.501596212387085,-10.085358122755242,9.586237700696012,7.396469034621472,13.880116150937152,0.6569235920906067,0.016345128417015076,-0.2420121133327484,-2.0819585037798887,0.11586146348369314,-1.9839945852756502,-0.26216734844034273,-0.005521316088728413,0.1336939810957536,0.26772161831741864
5.835623741149902,-10.856483879091684,-0.080380857885757,1.938212901353836,4.570574760437012,-0.25435352325439453,-0.501596212387085,-10.085358122755242,9.586237700696012,7.396469034621472,13.880116150937152,0.6569235920906067,0.016345128417015076,-0.2420121133327484,-2.0819585037798887,0.11586146348369314,-1.9839945852756502,-0.26216734844034273,-0.005521316088728413,0.1336939810957536,0.26772161831741864
5.841428995132446,-10.919843139650766,-0.08876952618447831,1.941508799791336,4.573635101318359,-0.26434147357940674,-0.4989507794380188,-9.877103600191884,9.570678835565332,7.952257457880498,13.720211568673491,0.65433669090271,0.014793068170547485,-0.26352977752685547,-2.081705830753621,0.1203159357207215,-1.9978635013103485,-0.2600970026184278,-0.005073854542706369,0.14374614475413444,0.26781760299781177
5.846745014190674,-10.919843139650766,-0.08876952618447831,1.941508799791336,4.573635101318359,-0.26434147357940674,-0.4989507794380188,-9.877103600191884,9.570678835565332,7.952257457880498,13.720211568673491,0.65433669090271,0.014793068170547485,-0.26352977752685547,-2.081705830753621,0.1203159357207215,-1.9978635013103485,-0.2600970026184278,-0.005073854542706369,0.14374614475413444,0.26781760299781177
5.8523054122924805,-10.983280601503793,-0.09685546994296601,1.9447851479053497,4.5764360427856445,-0.2739546298980713,-0.49566367268562317,-9.651318288446975,9.549467490634576,8.508287129645497,13.545277239211984,0.6508469581604004,0.013390794396400452,-0.28613996505737305,-2.081453802402255,0.12459999457131093,-2.01362224817276,-0.2576072509540119,-0.0046984406901305585,0.15380267170862408,0.267933933979564
5.857809066772461,-10.983280601503793,-0.09685546994296601,1.9447851479053497,4.5764360427856445,-0.2739546298980713,-0.49566367268562317,-9.651318288446975,9.549467490634576,8.508287129645497,13.545277239211984,0.6508469581604004,0.013390794396400452,-0.28613996505737305,-2.081453802402255,0.12459999457131093,-2.01362224817276,-0.2576072509540119,-0.0046984406901305585,0.15380267170862408,0.267933933979564
5.863351583480835,-10.983280601503793,-0.09685546994296601,1.9447851479053497,4.5764360427856445,-0.2739546298980713,-0.49566367268562317,-9.651318288446975,9.549467490634576,8.508287129645497,13.545277239211984,0.6508469581604004,0.013390794396400452,-0.28613996505737305,-2.081453802402255,0.12459999457131093,-2.01362224817276,-0.2576072509540119,-0.0046984406901305585,0.15380267170862408,0.267933933979564
5.868438959121704,-11.046796264650766,-0.10461913883773377,1.9480517208576202,4.579010486602783,-0.28309130668640137,-0.4916633367538452,-9.407401514824427,9.522304836845523,9.06382791856461,13.354989737532806,0.6464105248451233,0.012223273515701294,-0.30947694182395935,-2.08120630304396,0.12866784505876985,-2.031503087282181,-0.2546752598462151,-0.004401224042142496,0.16385035657470234,0.2680746064561455
5.873933792114258,-11.046796264650766,-0.10461913883773377,1.9480517208576202,4.579010486602783,-0.28309130668640137,-0.4916633367538452,-9.407401514824427,9.522304836845523,9.06382791856461,13.354989737532806,0.6464105248451233,0.012223273515701294,-0.30947694182395935,-2.08120630304396,0.12866784505876985,-2.031503087282181,-0.2546752598462151,-0.004401224042142496,0.16385035657470234,0.2680746064561455
5.8798298835754395,-11.046796264650766,-0.10461913883773377,1.9480517208576202,4.579010486602783,-0.28309130668640137,-0.4916633367538452,-9.407401514824427,9.522304836845523,9.06382791856461,13.354989737532806,0.6464105248451233,0.012223273515701294,-0.30947694182395935,-2.08120630304396,0.12866784505876985,-2.031503087282181,-0.2546752598462151,-0.004401224042142496,0.16385035657470234,0.2680746064561455
5.885277509689331,-11.110390129091684,-0.11205078005878022,1.9512987434864044,4.58138370513916,-0.29170727729797363,-0.4869605302810669,-9.145158424117609,9.489010626938358,9.618086908745024,13.14944639449884,0.6409536004066467,0.011297017335891724,-0.33310896158218384,-2.0809658494847625,0.13249989984954255,-2.051456147432327,-0.25129069109268254,-0.004190550094040505,0.17387485842695855,0.2682393171347942
5.891021013259888,-11.110390129091684,-0.11205078005878022,1.9512987434864044,4.58138370513916,-0.29170727729797363,-0.4869605302810669,-9.145158424117609,9.489010626938358,9.618086908745024,13.14944639449884,0.6409536004066467,0.011297017335891724,-0.33310896158218384,-2.0809658494847625,0.13249989984954255,-2.051456147432327,-0.25129069109268254,-0.004190550094040505,0.17387485842695855,0.2682393171347942
5.896469354629517,-11.174062194826547,-0.11912109047261765,1.954536110162735,4.583580493927002,-0.2997739315032959,-0.4815632700920105,-8.864603843216493,9.449370711275078,10.170213612282234,12.928918128147892,0.6344024538993835,0.010586142539978027,-0.3566872477531433,-2.080734570533072,0.13608356686436643,-2.0734751880168916,-0.2474483150621778,-0.004074774262268264,0.18386079507453068,0.26842865500968416
5.90202260017395,-11.174062194826547,-0.11912109047261765,1.954536110162735,4.583580493927002,-0.2997739315032959,-0.4815632700920105,-8.864603843216493,9.449370711275078,10.170213612282234,12.928918128147892,0.6344024538993835,0.010586142539978027,-0.3566872477531433,-2.080734570533072,0.13608356686436643,-2.0734751880168916,-0.2474483150621778,-0.004074774262268264,0.18386079507453068,0.26842865500968416
5.907861948013306,-11.174062194826547,-0.11912109047261765,1.954536110162735,4.583580493927002,-0.2997739315032959,-0.4815632700920105,-8.864603843216493,9.449370711275078,10.170213612282234,12.928918128147892,0.6344024538993835,0.010586142539978027,-0.3566872477531433,-2.080734570533072,0.13608356686436643,-2.0734751880168916,-0.2474483150621778,-0.004074774262268264,0.18386079507453068,0.26842865500968416
5.913366317749023,-11.237812461855356,-0.1258203023680835,1.9577586948871613,4.5856218338012695,-0.3072819113731384,-0.47548967599868774,-8.565983190055022,9.403285524429101,10.719099387799146,12.693972643214147,0.6267117261886597,0.010071933269500732,-0.3800123929977417,-2.0805140126432944,0.13941496826694832,-2.097496622800827,-0.24314836357410885,-0.004060702965648721,0.1937881152819217,0.2686425119299317
5.918787240982056,-11.237812461855356,-0.1258203023680835,1.9577586948871613,4.5856218338012695,-0.3072819113731384,-0.47548967599868774,-8.565983190055022,9.403285524429101,10.719099387799146,12.693972643214147,0.6267117261886597,0.010071933269500732,-0.3800123929977417,-2.0805140126432944,0.13941496826694832,-2.097496622800827,-0.24314836357410885,-0.004060702965648721,0.1937881152819217,0.2686425119299317
5.92390513420105,-11.30160087585682,-0.13212890267459443,1.960971623659134,4.5875420570373535,-0.3142296075820923,-0.4687511622905731,-8.249647593320283,9.35058495496028,11.263809972138588,12.44524069902776,0.6178667545318604,0.00975865125656128,-0.4030269980430603,-2.0803054528126963,0.14249320397737722,-2.1234954357147218,-0.23839415444224246,-0.004156307371450413,0.20363992167278738,0.2688814705788209
5.929745435714722,-11.30160087585682,-0.13212890267459443,1.960971623659134,4.5875420570373535,-0.3142296075820923,-0.4687511622905731,-8.249647593320283,9.35058495496028,11.263809972138588,12.44524069902776,0.6178667545318604,0.00975865125656128,-0.4030269980430603,-2.0803054528126963,0.14249320397737722,-2.1234954357147218,-0.23839415444224246,-0.004156307371450413,0.20363992167278738,0.2688814705788209
5.934603691101074,-11.365468444826547,-0.13803710877982667,1.9641747772693634,4.589361667633057,-0.3206097483634949,-0.46137091517448425,-7.915844532146558,9.291196055625765,11.80326767927921,12.18343233594255,0.6078711748123169,0.00966566801071167,-0.4257623553276062,-2.0801102392460957,0.14531511540622874,-2.1514018535614015,-0.23318658376000995,-0.004368026550354409,0.21339672287989989,0.26914543012045666
5.94046688079834,-11.365468444826547,-0.13803710877982667,1.9641747772693634,4.589361667633057,-0.3206097483634949,-0.46137091517448425,-7.915844532146558,9.291196055625765,11.80326767927921,12.18343233594255,0.6078711748123169,0.00966566801071167,-0.4257623553276062,-2.0801102392460957,0.14531511540622874,-2.1514018535614015,-0.23318658376000995,-0.004368026550354409,0.21339672287989989,0.26914543012045666
5.9457480907440186,-11.365468444826547,-0.13803710877982667,1.9641747772693634,4.589361667633057,-0.3206097483634949,-0.46137091517448425,-7.915844532146558,9.291196055625765,11.80326767927921,12.18343233594255,0.6078711748123169,0.00966566801071167,-0.4257623553276062,-2.0801102392460957,0.14531511540622874,-2.1514018535614015,-0.23318658376000995,-0.004368026550354409,0.21339672287989989,0.26914543012045666
5.951453924179077,-11.429375114443246,-0.14351562500087311,1.9673681557178497,4.591119766235352,-0.3263120651245117,-0.45340821146965027,-7.563553018908511,9.224760772173653,12.334975009182784,11.90830952657028,0.5924874544143677,0.00980868935585022,-0.451732873916626,-2.0799329923836125,0.14783043453946565,-2.1810380458831786,-0.22748952025891475,-0.004714491278879233,0.22301334833462005,0.2694318088376294
5.9570653438568115,-11.429375114443246,-0.14351562500087311,1.9673681557178497,4.591119766235352,-0.3263120651245117,-0.45340821146965027,-7.563553018908511,9.224760772173653,12.334975009182784,11.90830952657028,0.5924874544143677,0.00980868935585022,-0.451732873916626,-2.0799329923836125,0.14783043453946565,-2.1810380458831786,-0.22748952025891475,-0.004714491278879233,0.22301334833462005,0.2694318088376294
5.962784051895142,-11.493359031679574,-0.14856445133773377,1.9705566465854645,4.592854976654053,-0.3312523365020752,-0.44487276673316956,-7.192183991069275,9.151120909748709,12.858688295989472,11.620218838803513,0.5813689231872559,0.010296642780303955,-0.4751027822494507,-2.0797776077711174,0.15000064131804425,-2.2123836636543275,-0.22128525221179,-0.005204106586918653,0.23248539101982016,0.26974109125070755
5.968506574630737,-11.493359031679574,-0.14856445133773377,1.9705566465854645,4.592854976654053,-0.3312523365020752,-0.44487276673316956,-7.192183991069275,9.151120909748709,12.858688295989472,11.620218838803513,0.5813689231872559,0.010296642780303955,-0.4751027822494507,-2.0797776077711174,0.15000064131804425,-2.2123836636543275,-0.22128525221179,-0.005204106586918653,0.23248539101982016,0.26974109125070755
5.973782300949097,-11.493359031679574,-0.14856445133773377,1.9705566465854645,4.592854976654053,-0.3312523365020752,-0.44487276673316956,-7.192183991069275,9.151120909748709,12.858688295989472,11.620218838803513,0.5813689231872559,0.010296642780303955,-0.4751027822494507,-2.0797776077711174,0.15000064131804425,-2.2123836636543275,-0.22128525221179,-0.005204106586918653,0.23248539101982016,0.26974109125070755
5.979538917541504,-11.557383003237192,-0.1531640523680835,1.9737402498722076,4.594590663909912,-0.3355317711830139,-0.43581417202949524,-6.803122065074493,9.070556929234542,13.37367518860189,11.321210362255133,0.564895510673523,0.011268973350524902,-0.4996204674243927,-2.079641852413688,0.15187118183296133,-2.245289933681488,-0.214606725067637,-0.005835043355383953,0.24179960540396622,0.27007283810168836
5.985111474990845,-11.557383003237192,-0.1531640523680835,1.9737402498722076,4.594590663909912,-0.3355317711830139,-0.43581417202949524,-6.803122065074493,9.070556929234542,13.37367518860189,11.321210362255133,0.564895510673523,0.011268973350524902,-0.4996204674243927,-2.079641852413688,0.15187118183296133,-2.245289933681488,-0.214606725067637,-0.005835043355383953,0.24179960540396622,0.27007283810168836
5.990646600723267,-11.621445121767465,-0.15729492247191956,1.9769140779972076,4.596360683441162,-0.33915406465530396,-0.4262477159500122,-6.396823619371118,8.98321369839219,13.879318993233717,11.01278229640688,0.5529259443283081,0.012414947152137756,-0.520618200302124,-2.07952646145957,0.15344310434625244,-2.2797021925449372,-0.20746228106906137,-0.006608038030959758,0.25094483776991067,0.27042767535108153
5.996291399002075,-11.621445121767465,-0.15729492247191956,1.9769140779972076,4.596360683441162,-0.33915406465530396,-0.4262477159500122,-6.396823619371118,8.98321369839219,13.879318993233717,11.01278229640688,0.5529259443283081,0.012414947152137756,-0.520618200302124,-2.07952646145957,0.15344310434625244,-2.2797021925449372,-0.20746228106906137,-0.006608038030959758,0.25094483776991067,0.27042767535108153
6.001165390014648,-11.621445121767465,-0.15729492247191956,1.9769140779972076,4.596360683441162,-0.33915406465530396,-0.4262477159500122,-6.396823619371118,8.98321369839219,13.879318993233717,11.01278229640688,0.5529259443283081,0.012414947152137756,-0.520618200302124,-2.07952646145957,0.15344310434625244,-2.2797021925449372,-0.20746228106906137,-0.006608038030959758,0.25094483776991067,0.27042767535108153
6.006145000457764,-11.685585441591684,-0.16093749642459443,1.980087786912918,4.598193168640137,-0.3422335982322693,-0.4162302613258362,-5.974827448791898,8.889464290561174,14.374222637407705,10.697384544116824,0.5339504480361938,0.014151722192764282,-0.5426490306854248,-2.0794283236302022,0.15476736434553104,-2.315467232465744,-0.19988670269750536,-0.007519556655418422,0.2598958202268584,0.27080515077542544
6.0107505321502686,-11.685585441591684,-0.16093749642459443,1.980087786912918,4.598193168640137,-0.3422335982322693,-0.4162302613258362,-5.974827448791898,8.889464290561174,14.374222637407705,10.697384544116824,0.5339504480361938,0.014151722192764282,-0.5426490306854248,-2.0794283236302022,0.15476736434553104,-2.315467232465744,-0.19988670269750536,-0.007519556655418422,0.2598958202268584,0.27080515077542544
6.016517400741577,-11.749726715090219,-0.1640917891272693,1.983251839876175,4.600124835968018,-0.34474584460258484,-0.40578413009643555,-5.537259246573106,8.789426825581026,14.857376593719312,10.37661930306056,0.5198352336883545,0.01584319770336151,-0.5617556571960449,-2.079348807656123,0.15583204510317156,-2.3525009214878083,-0.19187890158315887,-0.008572263455571945,0.26863429414569223,0.2712052474889812
6.0221405029296875,-11.749726715090219,-0.1640917891272693,1.983251839876175,4.600124835968018,-0.34474584460258484,-0.40578413009643555,-5.537259246573106,8.789426825581026,14.857376593719312,10.37661930306056,0.5198352336883545,0.01584319770336151,-0.5617556571960449,-2.079348807656123,0.15583204510317156,-2.3525009214878083,-0.19187890158315887,-0.008572263455571945,0.26863429414569223,0.2712052474889812
6.027461767196655,-11.749726715090219,-0.1640917891272693,1.983251839876175,4.600124835968018,-0.34474584460258484,-0.40578413009643555,-5.537259246573106,8.789426825581026,14.857376593719312,10.37661930306056,0.5198352336883545,0.01584319770336151,-0.5617556571960449,-2.079348807656123,0.15583204510317156,-2.3525009214878083,-0.19187890158315887,-0.008572263455571945,0.26863429414569223,0.2712052474889812
6.03362512588501,-11.813945236208383,-0.16672850489703706,1.9864158928394318,4.602188587188721,-0.3467681109905243,-0.3949693739414215,-5.085133536093216,8.683378331847441,15.327500580172371,10.052923293161031,0.4981198310852051,0.018276721239089966,-0.5824810266494751,-2.0792857556192006,0.1566711098481997,-2.390640485286713,-0.18346140232483538,-0.009765101706130786,0.27713710394487046,0.2716270714137734
6.038345575332642,-11.813945236208383,-0.16672850489703706,1.9864158928394318,4.602188587188721,-0.3467681109905243,-0.3949693739414215,-5.085133536093216,8.683378331847441,15.327500580172371,10.052923293161031,0.4981198310852051,0.018276721239089966,-0.5824810266494751,-2.0792857556192006,0.1566711098481997,-2.390640485286713,-0.18346140232483538,-0.009765101706130786,0.27713710394487046,0.2716270714137734
6.043868541717529,-11.878163757326547,-0.16883788347331574,1.9895751774311066,4.604433059692383,-0.3482375144958496,-0.38381341099739075,-4.61810350681353,8.571379942097835,15.783738785041985,9.728105344484607,0.4821152687072754,0.02051587402820587,-0.60090571641922,-2.0792416806347997,0.15725496396918195,-2.4297950863838196,-0.17462197489343265,-0.01110255477540998,0.28538877114524674,0.27207036176563426
6.0494890213012695,-11.878163757326547,-0.16883788347331574,1.9895751774311066,4.604433059692383,-0.3482375144958496,-0.38381341099739075,-4.61810350681353,8.571379942097835,15.783738785041985,9.728105344484607,0.4821152687072754,0.02051587402820587,-0.60090571641922,-2.0792416806347997,0.15725496396918195,-2.4297950863838196,-0.17462197489343265,-0.01110255477540998,0.28538877114524674,0.27207036176563426
6.054720640182495,-11.878163757326547,-0.16883788347331574,1.9895751774311066,4.604433059692383,-0.3482375144958496,-0.38381341099739075,-4.61810350681353,8.571379942097835,15.783738785041985,9.728105344484607,0.4821152687072754,0.02051587402820587,-0.60090571641922,-2.0792416806347997,0.15725496396918195,-2.4297950863838196,-0.17462197489343265,-0.01110255477540998,0.28538877114524674,0.27207036176563426
6.060151815414429,-11.942460479738656,-0.17040038943378022,1.9927294552326202,4.60689115524292,-0.34921324253082275,-0.37237730622291565,-4.13689315813908,8.45367218150189,16.22523462169131,9.405001393098042,0.45835810899734497,0.023705407977104187,-0.6210817694664001,-2.079214843818744,0.15760940145109106,-2.4697811007499695,-0.16537795999745106,-0.012584176104334802,0.29337380325237383,0.2725338096799586
6.065644264221191,-11.942460479738656,-0.17040038943378022,1.9927294552326202,4.60689115524292,-0.34921324253082275,-0.37237730622291565,-4.13689315813908,8.45367218150189,16.22523462169131,9.405001393098042,0.45835810899734497,0.023705407977104187,-0.6210817694664001,-2.079214843818744,0.15760940145109106,-2.4697811007499695,-0.16537795999745106,-0.012584176104334802,0.29337380325237383,0.2725338096799586
6.07071328163147,-11.942460479738656,-0.17040038943378022,1.9927294552326202,4.60689115524292,-0.34921324253082275,-0.37237730622291565,-4.13689315813908,8.45367218150189,16.22523462169131,9.405001393098042,0.45835810899734497,0.023705407977104187,-0.6210817694664001,-2.079214843818744,0.15760940145109106,-2.4697811007499695,-0.16537795999745106,-0.012584176104334802,0.29337380325237383,0.2725338096799586
6.075938940048218,-12.006757202150766,-0.1714160078772693,1.995883733034134,4.609607696533203,-0.3496265709400177,-0.3607042729854584,-3.641063133694881,8.330502730665346,16.651044009910322,9.086311872522256,0.44061410427093506,0.026569679379463196,-0.6390384435653687,-2.079207790681475,0.1577024202459694,-2.510477900505066,-0.1557151045240701,-0.014210555036383932,0.301075125335612,0.27301685996318453
6.081411600112915,-12.006757202150766,-0.1714160078772693,1.995883733034134,4.609607696533203,-0.3496265709400177,-0.3607042729854584,-3.641063133694881,8.330502730665346,16.651044009910322,9.086311872522256,0.44061410427093506,0.026569679379463196,-0.6390384435653687,-2.079207790681475,0.1577024202459694,-2.510477900505066,-0.1557151045240701,-0.014210555036383932,0.301075125335612,0.27301685996318453
6.087031364440918,-12.07113212585682,-0.17185545802203706,1.9990282356739044,4.612630367279053,-0.34963318705558777,-0.3487629294395447,-3.1327229712474165,8.20205719962157,17.06312935410185,8.7761348684655,0.42215073108673096,0.029514044523239136,-0.6555924415588379,-2.079215356858222,0.15760263318521442,-2.551962035894394,-0.14569354842847446,-0.015972228322633997,0.3085282300561881,0.2735227463905437
6.0924859046936035,-12.07113212585682,-0.17185545802203706,1.9990282356739044,4.612630367279053,-0.34963318705558777,-0.3487629294395447,-3.1327229712474165,8.20205719962157,17.06312935410185,8.7761348684655,0.42215073108673096,0.029514044523239136,-0.6555924415588379,-2.079215356858222,0.15760263318521442,-2.551962035894394,-0.14569354842847446,-0.015972228322633997,0.3085282300561881,0.2735227463905437
6.097946882247925,-12.135508003237192,-0.17170897960750153,2.002172738313675,4.615984916687012,-0.34918147325515747,-0.3367224633693695,-2.611121467678624,8.068968668740395,17.4566798009777,8.478270709996035,0.39351239800453186,0.03423629701137543,-0.6743433475494385,-2.0792392997145956,0.15728644157820443,-2.5937435388565064,-0.1352822224260002,-0.017871533368082882,0.3156461068133683,0.27404501941448894
6.103289365768433,-12.135508003237192,-0.17170897960750153,2.002172738313675,4.615984916687012,-0.34918147325515747,-0.3367224633693695,-2.611121467678624,8.068968668740395,17.4566798009777,8.478270709996035,0.39351239800453186,0.03423629701137543,-0.6743433475494385,-2.0792392997145956,0.15728644157820443,-2.5937435388565064,-0.1352822224260002,-0.017871533368082882,0.3156461068133683,0.27404501941448894
6.10891056060791,-12.135508003237192,-0.17170897960750153,2.002172738313675,4.615984916687012,-0.34918147325515747,-0.3367224633693695,-2.611121467678624,8.068968668740395,17.4566798009777,8.478270709996035,0.39351239800453186,0.03423629701137543,-0.6743433475494385,-2.0792392997145956,0.15728644157820443,-2.5937435388565064,-0.1352822224260002,-0.017871533368082882,0.3156461068133683,0.27404501941448894
6.114341735839844,-12.199922027590219,-0.17096679747191956,2.0053074657917023,4.619734764099121,-0.34810394048690796,-0.3247449994087219,-2.0743877454040986,7.931761191099356,17.827378440139444,8.196853380019178,0.3635982573032379,0.0396144837141037,-0.6939197778701782,-2.0792852918995224,0.15667726405670426,-2.6353184401988985,-0.12442270869819969,-0.019915366159659213,0.322350678612368,0.2745769564962597
6.119291067123413,-12.199922027590219,-0.17096679747191956,2.0053074657917023,4.619734764099121,-0.34810394048690796,-0.3247449994087219,-2.0743877454040986,7.931761191099356,17.827378440139444,8.196853380019178,0.3635982573032379,0.0396144837141037,-0.6939197778701782,-2.0792852918995224,0.15667726405670426,-2.6353184401988985,-0.12442270869819969,-0.019915366159659213,0.322350678612368,0.2745769564962597
6.124189853668213,-12.199922027590219,-0.17096679747191956,2.0053074657917023,4.619734764099121,-0.34810394048690796,-0.3247449994087219,-2.0743877454040986,7.931761191099356,17.827378440139444,8.196853380019178,0.3635982573032379,0.0396144837141037,-0.6939197778701782,-2.0792852918995224,0.15667726405670426,-2.6353184401988985,-0.12442270869819969,-0.019915366159659213,0.322350678612368,0.2745769564962597
6.130038499832153,-12.232148590090219,-0.17037109375087311,2.006875067949295,4.62177848815918,-0.3473280668258667,-0.3187722861766815,-1.800471916964263,7.861572467703527,18.004778587226447,8.063848091217482,0.35124385356903076,0.04193176329135895,-0.7030289173126221,-2.0793165952230486,0.15626127803139553,-2.6560582637786867,-0.11882995637524753,-0.02099148239201156,0.32555919328614047,0.27484756477595995
6.136079788208008,-12.232148590090219,-0.17037109375087311,2.006875067949295,4.62177848815918,-0.3473280668258667,-0.3187722861766815,-1.800471916964263,7.861572467703527,18.004778587226447,8.063848091217482,0.35124385356903076,0.04193176329135895,-0.7030289173126221,-2.0793165952230486,0.15626127803139553,-2.6560582637786867,-0.11882995637524753,-0.02099148239201156,0.32555919328614047,0.27484756477595995
6.141832113265991,-12.296601715090219,-0.16871094048110535,2.0100000202655792,4.626215934753418,-0.34532591700553894,-0.3069171905517578,-1.241822073474313,7.718261900113159,18.343063417247073,7.816927102915857,0.32425692677497864,0.04697275161743164,-0.7212175130844116,-2.0793947842945673,0.15521733547038377,-2.6972484648227693,-0.10732584076663974,-0.02325048636710739,0.3316775187715385,0.27539612308783773
6.1468586921691895,-12.296601715090219,-0.16871094048110535,2.0100000202655792,4.626215934753418,-0.34532591700553894,-0.3069171905517578,-1.241822073474313,7.718261900113159,18.343063417247073,7.816927102915857,0.32425692677497864,0.04697275161743164,-0.7212175130844116,-2.0793947842945673,0.15521733547038377,-2.6972484648227693,-0.10732584076663974,-0.02325048636710739,0.3316775187715385,0.27539612308783773
6.151339769363403,-12.361093940737192,-0.16642577290622285,2.0131151974201202,4.631162643432617,-0.3429114520549774,-0.29500749707221985,-0.6718426636719182,7.570951690987545,18.665266899627298,7.600530223335492,0.3060355484485626,0.0504571795463562,-0.7349090576171875,-2.0794871984561647,0.15397428888910833,-2.738584864139557,-0.09549052361313341,-0.025633596236469696,0.3375049919621361,0.2759646766160701
6.157597064971924,-12.361093940737192,-0.16642577290622285,2.0131151974201202,4.631162643432617,-0.3429114520549774,-0.29500749707221985,-0.6718426636719182,7.570951690987545,18.665266899627298,7.600530223335492,0.3060355484485626,0.0504571795463562,-0.7349090576171875,-2.0794871984561647,0.15397428888910833,-2.738584864139557,-0.09549052361313341,-0.025633596236469696,0.3375049919621361,0.2759646766160701
6.162826776504517,-12.361093940737192,-0.16642577290622285,2.0131151974201202,4.631162643432617,-0.3429114520549774,-0.29500749707221985,-0.6718426636719182,7.570951690987545,18.665266899627298,7.600530223335492,0.3060355484485626,0.0504571795463562,-0.7349090576171875,-2.0794871984561647,0.15397428888910833,-2.738584864139557,-0.09549052361313341,-0.025633596236469696,0.3375049919621361,0.2759646766160701
6.168183326721191,-12.42562431335682,-0.16349608540622285,2.0162256062030792,4.636651992797852,-0.3402698040008545,-0.2830711603164673,-0.09288438374960936,7.420440580753848,18.97135945748426,7.421019053917684,0.28517112135887146,0.0545949786901474,-0.746312141418457,-2.0795874285294107,0.15261460377175096,-2.7799926102161407,-0.08338486031635958,-0.028120402766431973,0.3430410779211569,0.2765538563208388
6.1738598346710205,-12.42562431335682,-0.16349608540622285,2.0162256062030792,4.636651992797852,-0.3402698040008545,-0.2830711603164673,-0.09288438374960936,7.420440580753848,18.97135945748426,7.421019053917684,0.28517112135887146,0.0545949786901474,-0.746312141418457,-2.0795874285294107,0.15261460377175096,-2.7799926102161407,-0.08338486031635958,-0.028120402766431973,0.3430410779211569,0.2765538563208388
6.180145978927612,-12.490194740297738,-0.15992187798110535,2.019326239824295,4.642719745635986,-0.33742910623550415,-0.2712588310241699,0.49458139752559754,7.267974198642476,19.257369913147187,7.284692996773735,0.2591862976551056,0.05998355150222778,-0.7569373846054077,-2.079694356563675,0.15115049936794603,-2.8210107386112213,-0.07101127287997919,-0.03069491631382587,0.34821395268431493,0.27715795835618334
6.184988975524902,-12.490194740297738,-0.15992187798110535,2.019326239824295,4.642719745635986,-0.33742910623550415,-0.2712588310241699,0.49458139752559754,7.267974198642476,19.257369913147187,7.284692996773735,0.2591862976551056,0.05998355150222778,-0.7569373846054077,-2.079694356563675,0.15115049936794603,-2.8210107386112213,-0.07101127287997919,-0.03069491631382587,0.34821395268431493,0.27715795835618334
6.191056251525879,-12.490194740297738,-0.15992187798110535,2.019326239824295,4.642719745635986,-0.33742910623550415,-0.2712588310241699,0.49458139752559754,7.267974198642476,19.257369913147187,7.284692996773735,0.2591862976551056,0.05998355150222778,-0.7569373846054077,-2.079694356563675,0.15115049936794603,-2.8210107386112213,-0.07101127287997919,-0.03069491631382587,0.34821395268431493,0.27715795835618334
6.196978569030762,-12.554804267885629,-0.155693360567966,2.0224120914936066,4.649407863616943,-0.33434411883354187,-0.259720116853714,1.090789821498079,7.114440149885438,19.520031788869105,7.197150139078472,0.2297217845916748,0.0661674439907074,-0.7677452564239502,-2.079809240131502,0.149561408276337,-2.86118141412735,-0.058356251055450975,-0.033349552224790045,0.3529645377110626,0.2777711509282419
6.202037572860718,-12.554804267885629,-0.155693360567966,2.0224120914936066,4.649407863616943,-0.33434411883354187,-0.259720116853714,1.090789821498079,7.114440149885438,19.520031788869105,7.197150139078472,0.2297217845916748,0.0661674439907074,-0.7677452564239502,-2.079809240131502,0.149561408276337,-2.86118141412735,-0.058356251055450975,-0.033349552224790045,0.3529645377110626,0.2777711509282419
6.207315444946289,-12.619452896120492,-0.1507812523850589,2.025488168001175,4.65677547454834,-0.3309321403503418,-0.24855665862560272,1.696407002655434,6.960114653047598,19.758044670845855,7.162877667464309,0.1990315318107605,0.07261348515748978,-0.7790030837059021,-2.079934457191437,0.14780982365776363,-2.9002087265253067,-0.045400933175503345,-0.03608601755344819,0.35726931330966893,0.278390052804702
6.213085412979126,-12.619452896120492,-0.1507812523850589,2.025488168001175,4.65677547454834,-0.3309321403503418,-0.24855665862560272,1.696407002655434,6.960114653047598,19.758044670845855,7.162877667464309,0.1990315318107605,0.07261348515748978,-0.7790030837059021,-2.079934457191437,0.14780982365776363,-2.9002087265253067,-0.045400933175503345,-0.03608601755344819,0.35726931330966893,0.278390052804702
6.219328880310059,-12.619452896120492,-0.1507812523850589,2.025488168001175,4.65677547454834,-0.3309321403503418,-0.24855665862560272,1.696407002655434,6.960114653047598,19.758044670845855,7.162877667464309,0.1990315318107605,0.07261348515748978,-0.7790030837059021,-2.079934457191437,0.14780982365776363,-2.9002087265253067,-0.045400933175503345,-0.03608601755344819,0.35726931330966893,0.278390052804702
6.22491455078125,-12.684140625002328,-0.145195313692966,2.028549700975418,4.664853096008301,-0.3271269202232361,-0.23784801363945007,2.3114165941603098,6.80520512676221,19.971051847842805,7.1852850060406945,0.16827982664108276,0.07910220324993134,-0.7904195189476013,-2.080071621954169,0.1458668492938985,-2.9378454208374025,-0.03214510923162657,-0.03890448582647948,0.36112182788891767,0.2790120721928105
6.2303338050842285,-12.684140625002328,-0.145195313692966,2.028549700975418,4.664853096008301,-0.3271269202232361,-0.23784801363945007,2.3114165941603098,6.80520512676221,19.971051847842805,7.1852850060406945,0.16827982664108276,0.07910220324993134,-0.7904195189476013,-2.080071621954169,0.1458668492938985,-2.9378454208374025,-0.03214510923162657,-0.03890448582647948,0.36112182788891767,0.2790120721928105
6.2358973026275635,-12.748905601503793,-0.13892578423110535,2.031591683626175,4.673689842224121,-0.3228856325149536,-0.22767239809036255,2.9358676841217246,6.650055269734383,20.159075367065096,7.266622842493648,0.13750845193862915,0.08567638695240021,-0.8014501333236694,-2.0802214881575005,0.14371377940117988,-2.973847836256027,-0.01858922267818041,-0.04180109353612489,0.36452248020147265,0.2796347625222202
6.24151611328125,-12.748905601503793,-0.13892578423110535,2.031591683626175,4.673689842224121,-0.3228856325149536,-0.22767239809036255,2.9358676841217246,6.650055269734383,20.159075367065096,7.266622842493648,0.13750845193862915,0.08567638695240021,-0.8014501333236694,-2.0802214881575005,0.14371377940117988,-2.973847836256027,-0.01858922267818041,-0.04180109353612489,0.36452248020147265,0.2796347625222202
6.247666358947754,-12.813710632326547,-0.1319531285771518,2.0346043407917023,4.683314323425293,-0.3181934356689453,-0.21810778975486755,3.569281770683809,6.495147191034184,20.321760828666335,7.407569173870395,0.10635389387607574,0.09243465214967728,-0.8115542531013489,-2.080383761961384,0.14134529758494385,-3.0079644441604616,-0.0047452742614636475,-0.04476833708553996,0.36746486046061116,0.2802555116678833
6.253388404846191,-12.813710632326547,-0.1319531285771518,2.0346043407917023,4.683314323425293,-0.3181934356689453,-0.21810778975486755,3.569281770683809,6.495147191034184,20.321760828666335,7.407569173870395,0.10635389387607574,0.09243465214967728,-0.8115542531013489,-2.080383761961384,0.14134529758494385,-3.0079644441604616,-0.0047452742614636475,-0.04476833708553996,0.36746486046061116,0.2802555116678833
6.25889253616333,-12.878554763796274,-0.12427733928052476,2.0375926792621613,4.693755626678467,-0.3130512237548828,-0.20937898755073547,4.211581002167445,6.341918396757962,20.455485700292964,7.608208311094867,0.0667252242565155,0.1015687808394432,-0.8214539289474487,-2.0805575772592535,0.13876331608563322,-3.039529860019684,0.009390980371131738,-0.047787537388487955,0.36988345041055026,0.2808653922252871
6.264169931411743,-12.878554763796274,-0.12427733928052476,2.0375926792621613,4.693755626678467,-0.3130512237548828,-0.20937898755073547,4.211581002167445,6.341918396757962,20.455485700292964,7.608208311094867,0.0667252242565155,0.1015687808394432,-0.8214539289474487,-2.0805575772592535,0.13876331608563322,-3.039529860019684,0.009390980371131738,-0.047787537388487955,0.36988345041055026,0.2808653922252871
6.270187616348267,-12.878554763796274,-0.12427733928052476,2.0375926792621613,4.693755626678467,-0.3130512237548828,-0.20937898755073547,4.211581002167445,6.341918396757962,20.455485700292964,7.608208311094867,0.0667252242565155,0.1015687808394432,-0.8214539289474487,-2.0805575772592535,0.13876331608563322,-3.039529860019684,0.009390980371131738,-0.047787537388487955,0.36988345041055026,0.2808653922252871
6.2759199142456055,-12.943476142885629,-0.11589843124238541,2.0405516922473907,4.7050395011901855,-0.3074074983596802,-0.20169059932231903,4.862763825392854,6.191833723883254,20.555558482233682,7.867217509259069,0.025401651859283447,0.11081039905548096,-0.8300869464874268,-2.0807434956859825,0.13594703138522038,-3.0679212480783464,0.023831228226790242,-0.050841062214507717,0.371693398116764,0.2814561394741373
6.281892538070679,-12.943476142885629,-0.11589843124238541,2.0405516922473907,4.7050395011901855,-0.3074074983596802,-0.20169059932231903,4.862763825392854,6.191833723883254,20.555558482233682,7.867217509259069,0.025401651859283447,0.11081039905548096,-0.8300869464874268,-2.0807434956859825,0.13594703138522038,-3.0679212480783464,0.023831228226790242,-0.050841062214507717,0.371693398116764,0.2814561394741373
6.287508726119995,-13.008437576296274,-0.10681640446273377,2.0434716045856476,4.717182159423828,-0.30127859115600586,-0.19503925740718842,5.521310042028683,6.044982448119607,20.623732404669408,8.180062674050772,-0.012714937329292297,0.11885610222816467,-0.8367231488227844,-2.0809399409692606,0.13290617841479707,-3.0931311160326005,0.03853421095954616,-0.05392222782176333,0.37292641304992713,0.2820283792952566
6.292798042297363,-13.008437576296274,-0.10681640446273377,2.0434716045856476,4.717182159423828,-0.30127859115600586,-0.19503925740718842,5.521310042028683,6.044982448119607,20.623732404669408,8.180062674050772,-0.012714937329292297,0.11885610222816467,-0.8367231488227844,-2.0809399409692606,0.13290617841479707,-3.0931311160326005,0.03853421095954616,-0.05392222782176333,0.37292641304992713,0.2820283792952566
6.298837184906006,-13.008437576296274,-0.10681640446273377,2.0434716045856476,4.717182159423828,-0.30127859115600586,-0.19503925740718842,5.521310042028683,6.044982448119607,20.623732404669408,8.180062674050772,-0.012714937329292297,0.11885610222816467,-0.8367231488227844,-2.0809399409692606,0.13290617841479707,-3.0931311160326005,0.03853421095954616,-0.05392222782176333,0.37292641304992713,0.2820283792952566
6.3044273853302,-13.073476257326547,-0.09703125149098923,2.0463524162769318,4.730190277099609,-0.2947218418121338,-0.18942497670650482,6.18533442417021,5.901673439750774,20.66218559333243,8.541230066853865,-0.04825962707400322,0.12609335780143738,-0.8410964608192444,-2.0811441714925216,0.12966891549127144,-3.115159419178963,0.05344793438077557,-0.057017983676807334,0.37362188947485986,0.28258253067751954
6.31019926071167,-13.073476257326547,-0.09703125149098923,2.0463524162769318,4.730190277099609,-0.2947218418121338,-0.18942497670650482,6.18533442417021,5.901673439750774,20.66218559333243,8.541230066853865,-0.04825962707400322,0.12609335780143738,-0.8410964608192444,-2.0811441714925216,0.12966891549127144,-3.115159419178963,0.05344793438077557,-0.057017983676807334,0.37362188947485986,0.28258253067751954
6.31649112701416,-13.138593139650766,-0.08652343690482667,2.0491845905780792,4.744060516357422,-0.2877676486968994,-0.1847599893808365,6.852809305721964,5.761750255097506,20.67521726756358,8.944283631452771,-0.07400355488061905,0.1308988779783249,-0.8430896997451782,-2.0813542611196065,0.12625185108042086,-3.134252294898033,0.06851330102064672,-0.060119509494447325,0.37385758442033235,0.28312245208434467
6.32227349281311,-13.138593139650766,-0.08652343690482667,2.0491845905780792,4.744060516357422,-0.2877676486968994,-0.1847599893808365,6.852809305721964,5.761750255097506,20.67521726756358,8.944283631452771,-0.07400355488061905,0.1308988779783249,-0.8430896997451782,-2.0813542611196065,0.12625185108042086,-3.134252294898033,0.06851330102064672,-0.060119509494447325,0.37385758442033235,0.28312245208434467
6.327169895172119,-13.203789176943246,-0.0753124961265712,2.0519676506519318,4.758781909942627,-0.28048205375671387,-0.18115442991256714,7.522398598504112,5.626219775628651,20.662394844602968,9.383957001406886,-0.11038057506084442,0.1385839283466339,-0.8435203433036804,-2.081567415744479,0.12268734202364528,-3.150078481435776,0.08369691029561047,-0.06320640328932095,0.37362567405893765,0.28364297627423296
6.3324196338653564,-13.203789176943246,-0.0753124961265712,2.0519676506519318,4.758781909942627,-0.28048205375671387,-0.18115442991256714,7.522398598504112,5.626219775628651,20.662394844602968,9.383957001406886,-0.11038057506084442,0.1385839283466339,-0.8435203433036804,-2.081567415744479,0.12268734202364528,-3.150078481435776,0.08369691029561047,-0.06320640328932095,0.37362567405893765,0.28364297627423296
6.338229417800903,-13.203789176943246,-0.0753124961265712,2.0519676506519318,4.758781909942627,-0.28048205375671387,-0.18115442991256714,7.522398598504112,5.626219775628651,20.662394844602968,9.383957001406886,-0.11038057506084442,0.1385839283466339,-0.8435203433036804,-2.081567415744479,0.12268734202364528,-3.150078481435776,0.08369691029561047,-0.06320640328932095,0.37362567405893765,0.28364297627423296
6.343298673629761,-13.269062461855356,-0.06338866889564088,2.0546922981739044,4.774343967437744,-0.27283430099487305,-0.1789277195930481,8.19408948697043,5.49777289853883,20.61534202378586,9.857085751178083,-0.15291321277618408,0.14765678346157074,-0.8428118228912354,-2.0817834455696373,0.11896544008317655,-3.161662977933884,0.09902004915443907,-0.06624266531161417,0.37277466199094844,0.28412938896157397
6.349053859710693,-13.269062461855356,-0.06338866889564088,2.0546922981739044,4.774343967437744,-0.27283430099487305,-0.1789277195930481,8.19408948697043,5.49777289853883,20.61534202378586,9.857085751178083,-0.15291321277618408,0.14765678346157074,-0.8428118228912354,-2.0817834455696373,0.11896544008317655,-3.161662977933884,0.09902004915443907,-0.06624266531161417,0.37277466199094844,0.28412938896157397
6.3540308475494385,-13.33441394806141,-0.050751951486745384,2.057353526353836,4.790721416473389,-0.26476359367370605,-0.17815494537353516,8.86721973306906,5.376984805825152,20.533191229187587,10.358967668563526,-0.1949848085641861,0.1561761498451233,-0.8411697745323181,-2.0820027416166154,0.11506378267236188,-3.1687715113162995,0.11447156697004424,-0.06921896640796443,0.37128885696621317,0.2845778110763737
6.359524965286255,-13.33441394806141,-0.050751951486745384,2.057353526353836,4.790721416473389,-0.26476359367370605,-0.17815494537353516,8.86721973306906,5.376984805825152,20.533191229187587,10.358967668563526,-0.1949848085641861,0.1561761498451233,-0.8411697745323181,-2.0820027416166154,0.11506378267236188,-3.1687715113162995,0.11447156697004424,-0.06921896640796443,0.37128885696621317,0.2845778110763737
6.365800142288208,-13.33441394806141,-0.050751951486745384,2.057353526353836,4.790721416473389,-0.26476359367370605,-0.17815494537353516,8.86721973306906,5.376984805825152,20.533191229187587,10.358967668563526,-0.1949848085641861,0.1561761498451233,-0.8411697745323181,-2.0820027416166154,0.11506378267236188,-3.1687715113162995,0.11447156697004424,-0.06921896640796443,0.37128885696621317,0.2845778110763737
6.371210098266602,-13.367147865297738,-0.04416992232290795,2.0586571991443634,4.799204349517822,-0.2605478763580322,-0.17829769849777222,9.2040011099589,5.319335802227631,20.480054135117562,10.619088583558572,-0.21243390440940857,0.15951453149318695,-0.8401040434837341,-2.0821137341638374,0.11303755211565109,-3.1706898629665377,0.12223589937234779,-0.0706850554858122,0.3703278028248002,0.2847882355136172
6.376560211181641,-13.367147865297738,-0.04416992232290795,2.0586571991443634,4.799204349517822,-0.2605478763580322,-0.17829769849777222,9.2040011099589,5.319335802227631,20.480054135117562,10.619088583558572,-0.21243390440940857,0.15951453149318695,-0.8401040434837341,-2.0821137341638374,0.11303755211565109,-3.1706898629665377,0.12223589937234779,-0.0706850554858122,0.3703278028248002,0.2847882355136172
6.3818113803863525,-13.432655754091684,-0.030478515625873115,2.061205893754959,4.816747188568115,-0.2517446279525757,-0.17971467971801758,9.877497974985072,5.210022109605493,20.348585482633972,11.15525574629896,-0.25104981660842896,0.16672515869140625,-0.8369540572166443,-2.0823377812800983,0.10883223252075755,-3.171026569604874,0.13783327045011262,-0.07356600403631047,0.367950019561589,0.2851775168729522
6.387054204940796,-13.432655754091684,-0.030478515625873115,2.061205893754959,4.816747188568115,-0.2517446279525757,-0.17971467971801758,9.877497974985072,5.210022109605493,20.348585482633972,11.15525574629896,-0.25104981660842896,0.16672515869140625,-0.8369540572166443,-2.0823377812800983,0.10883223252075755,-3.171026569604874,0.13783327045011262,-0.07356600403631047,0.367950019561589,0.2851775168729522
6.393275499343872,-13.432655754091684,-0.030478515625873115,2.061205893754959,4.816747188568115,-0.2517446279525757,-0.17971467971801758,9.877497974985072,5.210022109605493,20.348585482633972,11.15525574629896,-0.25104981660842896,0.16672515869140625,-0.8369540572166443,-2.0823377812800983,0.10883223252075755,-3.171026569604874,0.13783327045011262,-0.07356600403631047,0.367950019561589,0.2851775168729522
6.398882627487183,-13.498280944826547,-0.01610351443378022,2.0636766254901886,4.835017204284668,-0.2423495054244995,-0.18243128061294556,10.549998252450578,5.107208059664866,20.19236544836865,11.708563466899564,-0.2775251269340515,0.17128998041152954,-0.8334841728210449,-2.0825653958051835,0.10438612157166753,-3.167324084043503,0.15348144929397797,-0.0763907676653901,0.3651245750481086,0.28553367465995655
6.404386043548584,-13.498280944826547,-0.01610351443378022,2.0636766254901886,4.835017204284668,-0.2423495054244995,-0.18243128061294556,10.549998252450578,5.107208059664866,20.19236544836865,11.708563466899564,-0.2775251269340515,0.17128998041152954,-0.8334841728210449,-2.0825653958051835,0.10438612157166753,-3.167324084043503,0.15348144929397797,-0.0763907676653901,0.3651245750481086,0.28553367465995655
6.409961223602295,-13.498280944826547,-0.01610351443378022,2.0636766254901886,4.835017204284668,-0.2423495054244995,-0.18243128061294556,10.549998252450578,5.107208059664866,20.19236544836865,11.708563466899564,-0.2775251269340515,0.17128998041152954,-0.8334841728210449,-2.0825653958051835,0.10438612157166753,-3.167324084043503,0.15348144929397797,-0.0763907676653901,0.3651245750481086,0.28553367465995655
6.415488958358765,-13.596913757326547,0.006748046762368176,2.0672216713428497,4.863674640655518,-0.227056622505188,-0.1890980750322342,11.555687557489858,4.966553442375438,19.910263752438432,12.564436769222157,-0.3284233808517456,0.1804192215204239,-0.8260620832443237,-2.0829113444411895,0.09723899104871352,-3.153704783320427,0.1770286200140227,-0.080498374400412,0.36002239533884206,0.2859964051780368
6.420170068740845,-13.596913757326547,0.006748046762368176,2.0672216713428497,4.863674640655518,-0.227056622505188,-0.1890980750322342,11.555687557489858,4.966553442375438,19.910263752438432,12.564436769222157,-0.3284233808517456,0.1804192215204239,-0.8260620832443237,-2.0829113444411895,0.09723899104871352,-3.153704783320427,0.1770286200140227,-0.080498374400412,0.36002239533884206,0.2859964051780368
6.4263622760772705,-13.629843177797738,0.014697264916321728,2.0683543980121613,4.87352991104126,-0.2216169834136963,-0.19206783175468445,11.889779543458962,4.9239208695886525,19.802047405224513,12.855452742596514,-0.34435412287712097,0.18336668610572815,-0.8232268691062927,-2.083027289340688,0.09472276412754406,-3.146834421157837,0.18489541042709115,-0.08182281834661613,0.35806516055815374,0.2861282917480897
6.431501865386963,-13.629843177797738,0.014697264916321728,2.0683543980121613,4.87352991104126,-0.2216169834136963,-0.19206783175468445,11.889779543458962,4.9239208695886525,19.802047405224513,12.855452742596514,-0.34435412287712097,0.18336668610572815,-0.8232268691062927,-2.083027289340688,0.09472276412754406,-3.146834421157837,0.18489541042709115,-0.08182281834661613,0.35806516055815374,0.2861282917480897
6.4368391036987305,-13.695820274355356,0.031093749254068825,2.0705468952655792,4.893646240234375,-0.21015357971191406,-0.19909970462322235,12.5559169019595,4.844819517935625,19.566302810178016,13.44418843931734,-0.37984609603881836,0.18946635723114014,-0.8168544769287109,-2.083259779115527,0.08946386366293843,-3.1296852976083755,0.20064579460911383,-0.0844053594430841,0.3538014099080585,0.28635909586144964
6.443012714385986,-13.695820274355356,0.031093749254068825,2.0705468952655792,4.893646240234375,-0.21015357971191406,-0.19909970462322235,12.5559169019595,4.844819517935625,19.566302810178016,13.44418843931734,-0.37984609603881836,0.18946635723114014,-0.8168544769287109,-2.083259779115527,0.08946386366293843,-3.1296852976083755,0.20064579460911383,-0.0844053594430841,0.3538014099080585,0.28635909586144964
6.448799133300781,-13.695820274355356,0.031093749254068825,2.0705468952655792,4.893646240234375,-0.21015357971191406,-0.19909970462322235,12.5559169019595,4.844819517935625,19.566302810178016,13.44418843931734,-0.37984609603881836,0.18946635723114014,-0.8168544769287109,-2.083259779115527,0.08946386366293843,-3.1296852976083755,0.20064579460911383,-0.0844053594430841,0.3538014099080585,0.28635909586144964
6.454691648483276,-13.761952819826547,0.04815429732116172,2.0726366341114044,4.914231300354004,-0.1979823112487793,-0.20792269706726074,13.218043616364424,4.77713116140974,19.29151887956919,14.04034202827486,-0.4247014820575714,0.1972917765378952,-0.8080184459686279,-2.0834897137936137,0.08393868415802949,-3.1069778501987457,0.21642673057054615,-0.0868569957502922,0.3488315815964565,0.2865282928454325
6.459763765335083,-13.761952819826547,0.04815429732116172,2.0726366341114044,4.914231300354004,-0.1979823112487793,-0.20792269706726074,13.218043616364424,4.77713116140974,19.29151887956919,14.04034202827486,-0.4247014820575714,0.1972917765378952,-0.8080184459686279,-2.0834897137936137,0.08393868415802949,-3.1069778501987457,0.21642673057054615,-0.0868569957502922,0.3488315815964565,0.2865282928454325
6.465647459030151,-13.828163566591684,0.06584960877808044,2.074614316225052,4.9351983070373535,-0.18505239486694336,-0.21848489344120026,13.87479655644846,4.720826520818607,18.980667399815598,14.640991983228966,-0.4677087962627411,0.20420274138450623,-0.7977283000946045,-2.0837155497336615,0.07813192676571101,-3.0788510888814926,0.23220360914100194,-0.0891713810722124,0.3432094242841285,0.2866357480839116
6.471173286437988,-13.828163566591684,0.06584960877808044,2.074614316225052,4.9351983070373535,-0.18505239486694336,-0.21848489344120026,13.87479655644846,4.720826520818607,18.980667399815598,14.640991983228966,-0.4677087962627411,0.20420274138450623,-0.7977283000946045,-2.0837155497336615,0.07813192676571101,-3.0788510888814926,0.23220360914100194,-0.0891713810722124,0.3432094242841285,0.2866357480839116
6.477181434631348,-13.894530715944711,0.084169923364243,2.0764696896076202,4.956450462341309,-0.17132329940795898,-0.2307365983724594,14.524840259796145,4.675813338183737,18.636399787783866,15.243478532689824,-0.5076258182525635,0.21017956733703613,-0.7860780954360962,-2.0839353098287936,0.07203273305065282,-3.045435646176338,0.2479434107044936,-0.09134400499455896,0.3369828923277222,0.28668093876157724
6.482748746871948,-13.894530715944711,0.084169923364243,2.0764696896076202,4.956450462341309,-0.17132329940795898,-0.2307365983724594,14.524840259796145,4.675813338183737,18.636399787783866,15.243478532689824,-0.5076258182525635,0.21017956733703613,-0.7860780954360962,-2.0839353098287936,0.07203273305065282,-3.045435646176338,0.2479434107044936,-0.09134400499455896,0.3369828923277222,0.28668093876157724
6.487871408462524,-13.894530715944711,0.084169923364243,2.0764696896076202,4.956450462341309,-0.17132329940795898,-0.2307365983724594,14.524840259796145,4.675813338183737,18.636399787783866,15.243478532689824,-0.5076258182525635,0.21017956733703613,-0.7860780954360962,-2.0839353098287936,0.07203273305065282,-3.045435646176338,0.2479434107044936,-0.09134400499455896,0.3369828923277222,0.28668093876157724
6.492830991744995,-13.961054267885629,0.10310546964319656,2.0782029926776886,4.9778852462768555,-0.15675926208496094,-0.24464553594589233,15.166918730926687,4.642244565567076,18.260119375681906,15.845500532750458,-0.5462091565132141,0.21565601229667664,-0.7730876803398132,-2.084146710611182,0.06563214784361802,-3.0068287789821624,0.26361885890907516,-0.09336705827351396,0.33017736683348325,0.286662686705123
6.498261451721191,-13.961054267885629,0.10310546964319656,2.0782029926776886,4.9778852462768555,-0.15675926208496094,-0.24464553594589233,15.166918730926687,4.642244565567076,18.260119375681906,15.845500532750458,-0.5462091565132141,0.21565601229667664,-0.7730876803398132,-2.084146710611182,0.06563214784361802,-3.0068287789821624,0.26361885890907516,-0.09336705827351396,0.33017736683348325,0.286662686705123
6.503603458404541,-13.961054267885629,0.10310546964319656,2.0782029926776886,4.9778852462768555,-0.15675926208496094,-0.24464553594589233,15.166918730926687,4.642244565567076,18.260119375681906,15.845500532750458,-0.5462091565132141,0.21565601229667664,-0.7730876803398132,-2.084146710611182,0.06563214784361802,-3.0068287789821624,0.26361885890907516,-0.09336705827351396,0.33017736683348325,0.286662686705123
6.508920192718506,-14.027734222414438,0.12262695193203399,2.0797996819019318,4.999392986297607,-0.14132428169250488,-0.26019757986068726,15.799848211842738,4.620546069815275,17.85209663068923,16.44507570221036,-0.5849094986915588,0.22089195251464844,-0.758759617805481,-2.0843472393949534,0.05892092844323401,-2.9630466878414157,0.279208061216737,-0.0952291344773895,0.32279773955561053,0.28657838107690287
6.514097213745117,-14.027734222414438,0.12262695193203399,2.0797996819019318,4.999392986297607,-0.14132428169250488,-0.26019757986068726,15.799848211842738,4.620546069815275,17.85209663068923,16.44507570221036,-0.5849094986915588,0.22089195251464844,-0.758759617805481,-2.0843472393949534,0.05892092844323401,-2.9630466878414157,0.279208061216737,-0.0952291344773895,0.32279773955561053,0.28657838107690287
6.519734621047974,-14.09456962585682,0.14271483480843017,2.0812597572803497,5.020862102508545,-0.12497425079345703,-0.2773585915565491,16.422473331580473,4.610994028545711,17.411912602477788,17.040340473585086,-0.6241607666015625,0.2258928418159485,-0.7431045174598694,-2.084534221287932,0.05188612976019058,-2.9141917884349824,0.29469316883553687,-0.09692192695882804,0.3148364332271323,0.28642662092452964
6.525850057601929,-14.09456962585682,0.14271483480843017,2.0812597572803497,5.020862102508545,-0.12497425079345703,-0.2773585915565491,16.422473331580473,4.610994028545711,17.411912602477788,17.040340473585086,-0.6241607666015625,0.2258928418159485,-0.7431045174598694,-2.084534221287932,0.05188612976019058,-2.9141917884349824,0.29469316883553687,-0.09692192695882804,0.3148364332271323,0.28642662092452964
6.531848907470703,-14.09456962585682,0.14271483480843017,2.0812597572803497,5.020862102508545,-0.12497425079345703,-0.2773585915565491,16.422473331580473,4.610994028545711,17.411912602477788,17.040340473585086,-0.6241607666015625,0.2258928418159485,-0.7431045174598694,-2.084534221287932,0.05188612976019058,-2.9141917884349824,0.29469316883553687,-0.09692192695882804,0.3148364332271323,0.28642662092452964
6.537923097610474,-14.16156238556141,0.16335936546238372,2.0825732052326202,5.042172431945801,-0.10767555236816406,-0.2960864007472992,17.033527545166592,4.613924334753652,16.939346882362287,17.62946969459391,-0.6637491583824158,0.2305532991886139,-0.7261359691619873,-2.08470457432343,0.0445188496812452,-2.8603725671768188,0.31005350327406467,-0.09843493359161958,0.30628946146747105,0.2862058184180997
6.543209552764893,-14.16156238556141,0.16335936546238372,2.0825732052326202,5.042172431945801,-0.10767555236816406,-0.2960864007472992,17.033527545166592,4.613924334753652,16.939346882362287,17.62946969459391,-0.6637491583824158,0.2305532991886139,-0.7261359691619873,-2.08470457432343,0.0445188496812452,-2.8603725671768188,0.31005350327406467,-0.09843493359161958,0.30628946146747105,0.2862058184180997
6.548663139343262,-14.228710594179574,0.18452147304924438,2.0837352573871613,5.063199996948242,-0.0893852710723877,-0.3163115978240967,17.631798620475113,4.629458523290796,16.434346652458636,18.21073952765044,-0.703330397605896,0.2347847819328308,-0.7078611254692078,-2.084855011818204,0.03680584027696293,-2.8017886698246004,0.32527022115585996,-0.0997608589732056,0.2971558689958158,0.28591574251025176
6.554647922515869,-14.228710594179574,0.18452147304924438,2.0837352573871613,5.063199996948242,-0.0893852710723877,-0.3163115978240967,17.631798620475113,4.629458523290796,16.434346652458636,18.21073952765044,-0.703330397605896,0.2347847819328308,-0.7078611254692078,-2.084855011818204,0.03680584027696293,-2.8017886698246004,0.32527022115585996,-0.0997608589732056,0.2971558689958158,0.28591574251025176
6.5601701736450195,-14.296015205385629,0.20619139730843017,2.0847411453723907,5.083817005157471,-0.07007312774658203,-0.3379470407962799,18.21598336672723,4.657656036977952,15.897049958690891,18.78242822179923,-0.7426857948303223,0.23854736983776093,-0.6882799863815308,-2.0849818199871315,0.02873848473952573,-2.7386929392814636,0.34032218495270383,-0.1008920918607054,0.28743815255402644,0.2855568079013134
6.565331697463989,-14.296015205385629,0.20619139730843017,2.0847411453723907,5.083817005157471,-0.07007312774658203,-0.3379470407962799,18.21598336672723,4.657656036977952,15.897049958690891,18.78242822179923,-0.7426857948303223,0.23854736983776093,-0.6882799863815308,-2.0849818199871315,0.02873848473952573,-2.7386929392814636,0.34032218495270383,-0.1008920918607054,0.28743815255402644,0.2855568079013134
6.570514678955078,-14.296015205385629,0.20619139730843017,2.0847411453723907,5.083817005157471,-0.07007312774658203,-0.3379470407962799,18.21598336672723,4.657656036977952,15.897049958690891,18.78242822179923,-0.7426857948303223,0.23854736983776093,-0.6882799863815308,-2.0849818199871315,0.02873848473952573,-2.7386929392814636,0.34032218495270383,-0.1008920918607054,0.28743815255402644,0.2855568079013134
6.57602334022522,-14.363476219179574,0.228339842557034,2.0855908691883087,5.103896141052246,-0.049703121185302734,-0.3608676791191101,18.784816071014742,4.698427226193291,15.327745342891003,19.342893431646996,-0.7817407250404358,0.2418338805437088,-0.6673908829689026,-2.0850810041324057,0.020305082816242364,-2.6714605271816256,0.35518954759222887,-0.101822102556498,0.2771415308001305,0.2851313927322513
6.582033634185791,-14.363476219179574,0.228339842557034,2.0855908691883087,5.103896141052246,-0.049703121185302734,-0.3608676791191101,18.784816071014742,4.698427226193291,15.327745342891003,19.342893431646996,-0.7817407250404358,0.2418338805437088,-0.6673908829689026,-2.0850810041324057,0.020305082816242364,-2.6714605271816256,0.35518954759222887,-0.101822102556498,0.2771415308001305,0.2851313927322513
6.587429761886597,-14.43109363556141,0.25092773795040557,2.086274415254593,5.123260498046875,-0.02812337875366211,-0.384652316570282,19.336955481445422,4.751772546263128,14.72661050058037,19.89052363152159,-0.820481538772583,0.24463915824890137,-0.6451950073242188,-2.085148454349001,0.011446113224503377,-2.6013369977474214,0.3698599803876457,-0.10252835816095196,0.266269217591035,0.2846566784097506
6.59296727180481,-14.43109363556141,0.25092773795040557,2.086274415254593,5.123260498046875,-0.02812337875366211,-0.384652316570282,19.336955481445422,4.751772546263128,14.72661050058037,19.89052363152159,-0.820481538772583,0.24463915824890137,-0.6451950073242188,-2.085148454349001,0.011446113224503377,-2.6013369977474214,0.3698599803876457,-0.10252835816095196,0.266269217591035,0.2846566784097506
6.598159551620483,-14.43109363556141,0.25092773795040557,2.086274415254593,5.123260498046875,-0.02812337875366211,-0.384652316570282,19.336955481445422,4.751772546263128,14.72661050058037,19.89052363152159,-0.820481538772583,0.24463915824890137,-0.6451950073242188,-2.085148454349001,0.011446113224503377,-2.6013369977474214,0.3698599803876457,-0.10252835816095196,0.266269217591035,0.2846566784097506
6.603450536727905,-14.49886650085682,0.2739355480662198,2.0868017971515656,5.141756534576416,-0.00537562370300293,-0.40899157524108887,19.86954736849575,4.817963559366845,14.088820653886788,20.422371552298205,-0.8714861273765564,0.2471851259469986,-0.6177533268928528,-2.085178730394897,0.0021800208027608968,-2.5292685091495515,0.3842968907224764,-0.10298789903799117,0.25473395048161196,0.28414291623726895
6.6093058586120605,-14.49886650085682,0.2739355480662198,2.0868017971515656,5.141756534576416,-0.00537562370300293,-0.40899157524108887,19.86954736849575,4.817963559366845,14.088820653886788,20.422371552298205,-0.8714861273765564,0.2471851259469986,-0.6177533268928528,-2.085178730394897,0.0021800208027608968,-2.5292685091495515,0.3842968907224764,-0.10298789903799117,0.25473395048161196,0.28414291623726895
6.614952564239502,-14.566796722414438,0.2973339772215695,2.0871727764606476,5.159276008605957,0.0184023380279541,-0.43380701541900635,20.380385691122655,4.897004895164482,13.416488384088096,20.936102100107988,-0.9059782028198242,0.24898292124271393,-0.5916200876235962,-2.0851666058804725,-0.007437466160369729,-2.455489951372147,0.3984465057402604,-0.10318742361746508,0.24257393827913123,0.2835887798146348
6.620413541793823,-14.566796722414438,0.2973339772215695,2.0871727764606476,5.159276008605957,0.0184023380279541,-0.43380701541900635,20.380385691122655,4.897004895164482,13.416488384088096,20.936102100107988,-0.9059782028198242,0.24898292124271393,-0.5916200876235962,-2.0851666058804725,-0.007437466160369729,-2.455489951372147,0.3984465057402604,-0.10318742361746508,0.24257393827913123,0.2835887798146348
6.625848293304443,-14.566796722414438,0.2973339772215695,2.0871727764606476,5.159276008605957,0.0184023380279541,-0.43380701541900635,20.380385691122655,4.897004895164482,13.416488384088096,20.936102100107988,-0.9059782028198242,0.24898292124271393,-0.5916200876235962,-2.0851666058804725,-0.007437466160369729,-2.455489951372147,0.3984465057402604,-0.10318742361746508,0.24257393827913123,0.2835887798146348
6.631283760070801,-14.634882392885629,0.32109372973354766,2.0873973667621613,5.175714492797852,0.04323530197143555,-0.4589020609855652,20.868958626418877,4.9880409714321585,12.71263622639777,21.430893809332687,-0.949707567691803,0.24987375736236572,-0.5619382858276367,-2.085107120959113,-0.017417930634099767,-2.380609077215195,0.4122961720628276,-0.10312705122883987,0.22984384750300438,0.2830013932030462
6.6369428634643555,-14.634882392885629,0.32109372973354766,2.0873973667621613,5.175714492797852,0.04323530197143555,-0.4589020609855652,20.868958626418877,4.9880409714321585,12.71263622639777,21.430893809332687,-0.949707567691803,0.24987375736236572,-0.5619382858276367,-2.085107120959113,-0.017417930634099767,-2.380609077215195,0.4122961720628276,-0.10312705122883987,0.22984384750300438,0.2830013932030462
6.642044544219971,-14.703124465944711,0.34517576455982635,2.0874755680561066,5.190959453582764,0.06904768943786621,-0.48418301343917847,21.333930720018948,5.090577770886635,11.978652512721277,21.905279210619433,-0.9795088768005371,0.25057557225227356,-0.5348485708236694,-2.084995428362153,-0.027733623832788316,-2.3049069821834567,0.4258158410736297,-0.10280399846161291,0.2165687879593046,0.28238135990226526
6.646928310394287,-14.703124465944711,0.34517576455982635,2.0874755680561066,5.190959453582764,0.06904768943786621,-0.48418301343917847,21.333930720018948,5.090577770886635,11.978652512721277,21.905279210619433,-0.9795088768005371,0.25057557225227356,-0.5348485708236694,-2.084995428362153,-0.027733623832788316,-2.3049069821834567,0.4258158410736297,-0.10280399846161291,0.2165687879593046,0.28238135990226526
6.652234077453613,-14.703124465944711,0.34517576455982635,2.0874755680561066,5.190959453582764,0.06904768943786621,-0.48418301343917847,21.333930720018948,5.090577770886635,11.978652512721277,21.905279210619433,-0.9795088768005371,0.25057557225227356,-0.5348485708236694,-2.084995428362153,-0.027733623832788316,-2.3049069821834567,0.4258158410736297,-0.10280399846161291,0.2165687879593046,0.28238135990226526
6.657766342163086,-14.771522941591684,0.3695410108557553,2.0874121487140656,5.204944610595703,0.09589099884033203,-0.5094373226165771,21.77526472229771,5.203646208315069,11.215196442330406,22.358957059430438,-1.0209267139434814,0.24995064735412598,-0.5041415691375732,-2.0848260955422755,-0.03840887303641412,-2.2290298998355866,0.43901145011032155,-0.10222121823789186,0.2027606821327157,0.2817373861904105
6.663352012634277,-14.771522941591684,0.3695410108557553,2.0874121487140656,5.204944610595703,0.09589099884033203,-0.5094373226165771,21.77526472229771,5.203646208315069,11.215196442330406,22.358957059430438,-1.0209267139434814,0.24995064735412598,-0.5041415691375732,-2.0848260955422755,-0.03840887303641412,-2.2290298998355866,0.43901145011032155,-0.10222121823789186,0.2027606821327157,0.2817373861904105
6.668891429901123,-14.771522941591684,0.3695410108557553,2.0874121487140656,5.204944610595703,0.09589099884033203,-0.5094373226165771,21.77526472229771,5.203646208315069,11.215196442330406,22.358957059430438,-1.0209267139434814,0.24995064735412598,-0.5041415691375732,-2.0848260955422755,-0.03840887303641412,-2.2290298998355866,0.43901145011032155,-0.10222121823789186,0.2027606821327157,0.2817373861904105
6.67428183555603,-14.840077819826547,0.3941699182978482,2.0872118771076202,5.217579364776611,0.12365555763244629,-0.534551203250885,22.191350883092,5.326663175702916,10.422165931664374,22.79024817481556,-1.0503804683685303,0.2495829463005066,-0.4759327173233032,-2.0845945143837348,-0.049404461167155744,-2.1533277690410615,0.45185018327239385,-0.10137611256228132,0.1884176837079551,0.2810710915053088
6.679214239120483,-14.840077819826547,0.3941699182978482,2.0872118771076202,5.217579364776611,0.12365555763244629,-0.534551203250885,22.191350883092,5.326663175702916,10.422165931664374,22.79024817481556,-1.0503804683685303,0.2495829463005066,-0.4759327173233032,-2.0845945143837348,-0.049404461167155744,-2.1533277690410615,0.45185018327239385,-0.10137611256228132,0.1884176837079551,0.2810710915053088
6.684743881225586,-14.908710899355356,0.41902341604145477,2.0868749916553497,5.2287983894348145,0.15246248245239258,-0.5594940185546875,22.583951375567093,5.458681608042851,9.604507442959044,23.20068634816565,-1.0798110961914062,0.2486577332019806,-0.44848597049713135,-2.084294022638729,-0.06077431508819997,-2.077892929315567,0.4643614134438475,-0.10027702357725808,0.17362925595169718,0.28038459596001425
6.690493822097778,-14.908710899355356,0.41902341604145477,2.0868749916553497,5.2287983894348145,0.15246248245239258,-0.5594940185546875,22.583951375567093,5.458681608042851,9.604507442959044,23.20068634816565,-1.0798110961914062,0.2486577332019806,-0.44848597049713135,-2.084294022638729,-0.06077431508819997,-2.077892929315567,0.4643614134438475,-0.10027702357725808,0.17362925595169718,0.28038459596001425
6.695734739303589,-14.977499427797738,0.4440624928465695,2.086411029100418,5.238540172576904,0.18219494819641113,-0.583783745765686,22.950307890916992,5.598360865950828,8.756243954081867,23.58734309872023,-1.1222947835922241,0.2453310191631317,-0.4151930809020996,-2.0839198661989844,-0.07247814458981743,-2.0041886150836947,0.4765100230261451,-0.0989196823312216,0.15828729656790325,0.27969736553295643
6.701006174087524,-14.977499427797738,0.4440624928465695,2.086411029100418,5.238540172576904,0.18219494819641113,-0.583783745765686,22.950307890916992,5.598360865950828,8.756243954081867,23.58734309872023,-1.1222947835922241,0.2453310191631317,-0.4151930809020996,-2.0839198661989844,-0.07247814458981743,-2.0041886150836947,0.4765100230261451,-0.0989196823312216,0.15828729656790325,0.27969736553295643
6.706638813018799,-14.977499427797738,0.4440624928465695,2.086411029100418,5.238540172576904,0.18219494819641113,-0.583783745765686,22.950307890916992,5.598360865950828,8.756243954081867,23.58734309872023,-1.1222947835922241,0.2453310191631317,-0.4151930809020996,-2.0839198661989844,-0.07247814458981743,-2.0041886150836947,0.4765100230261451,-0.0989196823312216,0.15828729656790325,0.27969736553295643
6.712149620056152,-15.046406211855356,0.46925779342564056,2.0858252346515656,5.246755123138428,0.21247625350952148,-0.6070666313171387,23.285373919398257,5.744601410345789,7.872728386598487,23.94516097647106,-1.1632038354873657,0.24128001928329468,-0.37810713052749634,-2.083472140948789,-0.08437374041871798,-1.9332855284214019,0.488193846723405,-0.09729710349298391,0.1423077570391872,0.2790186571153734
6.717212677001953,-15.046406211855356,0.46925779342564056,2.0858252346515656,5.246755123138428,0.21247625350952148,-0.6070666313171387,23.285373919398257,5.744601410345789,7.872728386598487,23.94516097647106,-1.1632038354873657,0.24128001928329468,-0.37810713052749634,-2.083472140948789,-0.08437374041871798,-1.9332855284214019,0.488193846723405,-0.09729710349298391,0.1423077570391872,0.2790186571153734
6.722757816314697,-15.046406211855356,0.46925779342564056,2.0858252346515656,5.246755123138428,0.21247625350952148,-0.6070666313171387,23.285373919398257,5.744601410345789,7.872728386598487,23.94516097647106,-1.1632038354873657,0.24128001928329468,-0.37810713052749634,-2.083472140948789,-0.08437374041871798,-1.9332855284214019,0.488193846723405,-0.09729710349298391,0.1423077570391872,0.2790186571153734
6.728459358215332,-15.115429344179574,0.4945703065386624,2.085126906633377,5.253405570983887,0.24309492111206055,-0.6292981505393982,23.58748036990393,5.896854424802897,6.957263040031024,24.272488943665298,-1.1987146139144897,0.23733198642730713,-0.33965396881103516,-2.0829509900823933,-0.09638601089760046,-1.8653339803218842,0.49935706331521484,-0.09540447408489967,0.12575036378995075,0.2783469015730275
6.734300374984741,-15.115429344179574,0.4945703065386624,2.085126906633377,5.253405570983887,0.24309492111206055,-0.6292981505393982,23.58748036990393,5.896854424802897,6.957263040031024,24.272488943665298,-1.1987146139144897,0.23733198642730713,-0.33965396881103516,-2.0829509900823933,-0.09638601089760046,-1.8653339803218842,0.49935706331521484,-0.09540447408489967,0.12575036378995075,0.2783469015730275
6.740309238433838,-15.184569778444711,0.5199706768980832,2.0843162834644318,5.25844144821167,0.27406883239746094,-0.6506755352020264,23.858283912528133,6.054994437171336,6.017838076286792,24.57102534411457,-1.2198752164840698,0.23551517724990845,-0.3062853515148163,-2.0823534608329592,-0.10853181256651469,-1.7997427046298982,0.5100054587067677,-0.09324224721608106,0.10875962939330289,0.2776729606462714
6.745632886886597,-15.184569778444711,0.5199706768980832,2.0843162834644318,5.25844144821167,0.27406883239746094,-0.6506755352020264,23.858283912528133,6.054994437171336,6.017838076286792,24.57102534411457,-1.2198752164840698,0.23551517724990845,-0.3062853515148163,-2.0823534608329592,-0.10853181256651469,-1.7997427046298982,0.5100054587067677,-0.09324224721608106,0.10875962939330289,0.2776729606462714
6.7505011558532715,-15.253827514650766,0.5454101181021542,2.083403378725052,5.261843204498291,0.30556631088256836,-0.6709553003311157,24.099879233343433,6.217409559379585,5.055345376657535,24.84253619095819,-1.250950813293457,0.23066842555999756,-0.27140378952026367,-2.081672739630919,-0.1208871178392476,-1.7372601807117465,0.5201877095764295,-0.09082139018180235,0.09135168469388388,0.2770118191160017
6.755762815475464,-15.253827514650766,0.5454101181021542,2.083403378725052,5.261843204498291,0.30556631088256836,-0.6709553003311157,24.099879233343433,6.217409559379585,5.055345376657535,24.84253619095819,-1.250950813293457,0.23066842555999756,-0.27140378952026367,-2.081672739630919,-0.1208871178392476,-1.7372601807117465,0.5201877095764295,-0.09082139018180235,0.09135168469388388,0.2770118191160017
6.761244297027588,-15.253827514650766,0.5454101181021542,2.083403378725052,5.261843204498291,0.30556631088256836,-0.6709553003311157,24.099879233343433,6.217409559379585,5.055345376657535,24.84253619095819,-1.250950813293457,0.23066842555999756,-0.27140378952026367,-2.081672739630919,-0.1208871178392476,-1.7372601807117465,0.5201877095764295,-0.09082139018180235,0.09135168469388388,0.2770118191160017
6.7674760818481445,-15.323163452150766,0.5708593344679684,2.0823877155780792,5.2636237144470215,0.3373274803161621,-0.689636766910553,24.308876436347955,6.381258468705054,4.064561137947191,25.083199974120692,-1.2830058336257935,0.2240617871284485,-0.23388998210430145,-2.0809110086171367,-0.13335840580175795,-1.679387587308884,0.5298383650525088,-0.08816499500065132,0.0734320503494681,0.276382900868147
6.772467613220215,-15.323163452150766,0.5708593344679684,2.0823877155780792,5.2636237144470215,0.3373274803161621,-0.689636766910553,24.308876436347955,6.381258468705054,4.064561137947191,25.083199974120692,-1.2830058336257935,0.2240617871284485,-0.23388998210430145,-2.0809110086171367,-0.13335840580175795,-1.679387587308884,0.5298383650525088,-0.08816499500065132,0.0734320503494681,0.276382900868147
6.778310775756836,-15.392577590944711,0.5962890601149411,2.081279307603836,5.263792991638184,0.3691415786743164,-0.7065918445587158,24.483641146901295,6.5451392625008,3.046098858882647,25.291213370345847,-1.312874436378479,0.21710187196731567,-0.1947590559720993,-2.0800712504399157,-0.1458721470168386,-1.6265272200107574,0.5389064289671798,-0.08528457547590229,0.05501182229035795,0.2757895768615912
6.784120559692383,-15.392577590944711,0.5962890601149411,2.081279307603836,5.263792991638184,0.3691415786743164,-0.7065918445587158,24.483641146901295,6.5451392625008,3.046098858882647,25.291213370345847,-1.312874436378479,0.21710187196731567,-0.1947590559720993,-2.0800712504399157,-0.1458721470168386,-1.6265272200107574,0.5389064289671798,-0.08528457547590229,0.05501182229035795,0.2757895768615912
6.7895190715789795,-15.392577590944711,0.5962890601149411,2.081279307603836,5.263792991638184,0.3691415786743164,-0.7065918445587158,24.483641146901295,6.5451392625008,3.046098858882647,25.291213370345847,-1.312874436378479,0.21710187196731567,-0.1947590559720993,-2.0800712504399157,-0.1458721470168386,-1.6265272200107574,0.5389064289671798,-0.08528457547590229,0.05501182229035795,0.2757895768615912
6.795607089996338,-15.427304687502328,0.6089843726149411,2.0806932747364044,5.2632670402526855,0.3850266933441162,-0.7144346833229065,24.558080568583918,6.626925813829134,2.527635566423464,25.382873645954717,-1.32449209690094,0.21430444717407227,-0.1756124049425125,-2.079622803647382,-0.15213180052763012,-1.6019438445568084,0.5432118440318083,-0.08376129216965833,0.04563473264875863,0.27550529869292517
6.801084280014038,-15.427304687502328,0.6089843726149411,2.0806932747364044,5.2632670402526855,0.3850266933441162,-0.7144346833229065,24.558080568583918,6.626925813829134,2.527635566423464,25.382873645954717,-1.32449209690094,0.21430444717407227,-0.1756124049425125,-2.079622803647382,-0.15213180052763012,-1.6019438445568084,0.5432118440318083,-0.08376129216965833,0.04563473264875863,0.27550529869292517
6.8067731857299805,-15.496835174562875,0.6343066310873837,2.079453021287918,5.261014938354492,0.41663527488708496,-0.7286696434020996,24.680159305332726,6.788942457766379,1.4717881486565139,25.540380055814676,-1.3498903512954712,0.20746296644210815,-0.13548098504543304,-2.0786718389499375,-0.16461614786667508,-1.5570065081119537,0.5513377962791458,-0.08055992632146997,0.02653834525112816,0.27496885501973206
6.8122570514678955,-15.496835174562875,0.6343066310873837,2.079453021287918,5.261014938354492,0.41663527488708496,-0.7286696434020996,24.680159305332726,6.788942457766379,1.4717881486565139,25.540380055814676,-1.3498903512954712,0.20746296644210815,-0.13548098504543304,-2.0786718389499375,-0.16461614786667508,-1.5570065081119537,0.5513377962791458,-0.08055992632146997,0.02653834525112816,0.27496885501973206
6.8183982372283936,-15.566405715944711,0.6595117068281979,2.0781348049640656,5.2571234703063965,0.4482004642486572,-0.7413409948348999,24.769897108765047,6.949863503422318,0.3977222593123355,25.667064586245438,-1.3663599491119385,0.20335668325424194,-0.10052971541881561,-2.077642807634352,-0.17713117756968483,-1.5166196644306185,0.5588650216368971,-0.07714539929315076,0.007112452865203736,0.2744615484793676
6.825173377990723,-15.566405715944711,0.6595117068281979,2.0781348049640656,5.2571234703063965,0.4482004642486572,-0.7413409948348999,24.769897108765047,6.949863503422318,0.3977222593123355,25.667064586245438,-1.3663599491119385,0.20335668325424194,-0.10052971541881561,-2.077642807634352,-0.17713117756968483,-1.5166196644306185,0.5588650216368971,-0.07714539929315076,0.007112452865203736,0.2744615484793676
6.8308844566345215,-15.566405715944711,0.6595117068281979,2.0781348049640656,5.2571234703063965,0.4482004642486572,-0.7413409948348999,24.769897108765047,6.949863503422318,0.3977222593123355,25.667064586245438,-1.3663599491119385,0.20335668325424194,-0.10052971541881561,-2.077642807634352,-0.17713117756968483,-1.5166196644306185,0.5588650216368971,-0.07714539929315076,0.007112452865203736,0.2744615484793676
6.836915016174316,-15.63601535797352,0.6845605587950558,2.0767283737659454,5.251582145690918,0.47992682456970215,-0.7523025274276733,24.830289022624275,7.108432207947866,-0.6935166287778954,25.765601467571443,-1.3843090534210205,0.19794529676437378,-0.06804992258548737,-2.0765267381932313,-0.18976774159628892,-1.4812034904956817,0.5658542684608613,-0.07352837985027073,-0.012624035759642166,0.27399521108697233
6.841820955276489,-15.63601535797352,0.6845605587950558,2.0767283737659454,5.251582145690918,0.47992682456970215,-0.7523025274276733,24.830289022624275,7.108432207947866,-0.6935166287778954,25.765601467571443,-1.3843090534210205,0.19794529676437378,-0.06804992258548737,-2.0765267381932313,-0.18976774159628892,-1.4812034904956817,0.5658542684608613,-0.07352837985027073,-0.012624035759642166,0.27399521108697233
6.84689736366272,-15.705664100649301,0.7094238018980832,2.0752489864826202,5.244436264038086,0.5117652416229248,-0.7611801624298096,24.861298401994613,7.261843292421737,-1.8043110020018642,25.835310671693847,-1.404497742652893,0.19009560346603394,-0.034556806087493896,-2.075322312804935,-0.20251515537349501,-1.4519076883792876,0.572299927939011,-0.06974001568255468,-0.032714211019108354,0.2735892006292727
6.852531433105469,-15.705664100649301,0.7094238018980832,2.0752489864826202,5.244436264038086,0.5117652416229248,-0.7611801624298096,24.861298401994613,7.261843292421737,-1.8043110020018642,25.835310671693847,-1.404497742652893,0.19009560346603394,-0.034556806087493896,-2.075322312804935,-0.20251515537349501,-1.4519076883792876,0.572299927939011,-0.06974001568255468,-0.032714211019108354,0.2735892006292727
6.859402656555176,-15.705664100649301,0.7094238018980832,2.0752489864826202,5.244436264038086,0.5117652416229248,-0.7611801624298096,24.861298401994613,7.261843292421737,-1.8043110020018642,25.835310671693847,-1.404497742652893,0.19009560346603394,-0.034556806087493896,-2.075322312804935,-0.20251515537349501,-1.4519076883792876,0.572299927939011,-0.06974001568255468,-0.032714211019108354,0.2735892006292727
6.865153074264526,-15.775350990297738,0.7340624546995969,2.073701173067093,5.235763072967529,0.5433990955352783,-0.7676517367362976,24.86060517728092,7.407228303629406,-2.935230820672841,25.87326499156097,-1.4252275228500366,0.18048548698425293,0.00252474844455719,-2.074039488397152,-0.21525633730799898,-1.4297069013118744,0.5781264459187075,-0.0658205756806905,-0.05316838139409896,0.27325602559098844
6.871454954147339,-15.775350990297738,0.7340624546995969,2.073701173067093,5.235763072967529,0.5433990955352783,-0.7676517367362976,24.86060517728092,7.407228303629406,-2.935230820672841,25.87326499156097,-1.4252275228500366,0.18048548698425293,0.00252474844455719,-2.074039488397152,-0.21525633730799898,-1.4297069013118744,0.5781264459187075,-0.0658205756806905,-0.05316838139409896,0.27325602559098844
6.876412630081177,-15.845038833620492,0.7584277009955258,2.0720849335193634,5.22563362121582,0.5744168758392334,-0.7715396285057068,24.82494715666466,7.542485102011418,-4.08638557594105,25.875814274699756,-1.4447890520095825,0.17023223638534546,0.04431307315826416,-2.072695232847065,-0.22783670010563717,-1.415133994817734,0.5832314860053711,-0.061805901601413846,-0.07398852717588127,0.2729991356328642
6.881988286972046,-15.845038833620492,0.7584277009955258,2.0720849335193634,5.22563362121582,0.5744168758392334,-0.7715396285057068,24.82494715666466,7.542485102011418,-4.08638557594105,25.875814274699756,-1.4447890520095825,0.17023223638534546,0.04431307315826416,-2.072695232847065,-0.22783670010563717,-1.415133994817734,0.5832314860053711,-0.061805901601413846,-0.07398852717588127,0.2729991356328642
6.887906074523926,-15.914726676943246,0.7824902153006406,2.070410043001175,5.214109897613525,0.6044020652770996,-0.7727797627449036,24.751114817490855,7.665988826676963,-5.256992516447468,25.8394816810199,-1.462340235710144,0.16010290384292603,0.090361088514328,-2.0713105499733295,-0.24009934558669668,-1.4083987891674044,0.5875103464966085,-0.057731784089884684,-0.09516049127798934,0.2728166016102187
6.893561840057373,-15.914726676943246,0.7824902153006406,2.070410043001175,5.214109897613525,0.6044020652770996,-0.7727797627449036,24.751114817490855,7.665988826676963,-5.256992516447468,25.8394816810199,-1.462340235710144,0.16010290384292603,0.090361088514328,-2.0713105499733295,-0.24009934558669668,-1.4083987891674044,0.5875103464966085,-0.057731784089884684,-0.09516049127798934,0.2728166016102187
6.8991498947143555,-15.914726676943246,0.7824902153006406,2.070410043001175,5.214109897613525,0.6044020652770996,-0.7727797627449036,24.751114817490855,7.665988826676963,-5.256992516447468,25.8394816810199,-1.462340235710144,0.16010290384292603,0.090361088514328,-2.0713105499733295,-0.24009934558669668,-1.4083987891674044,0.5875103464966085,-0.057731784089884684,-0.09516049127798934,0.2728166016102187
6.905447959899902,-15.984335365297738,0.8062304472914548,2.0686767399311066,5.201255798339844,0.6330158710479736,-0.7713592648506165,24.636799509219003,7.776187307604431,-6.445762577673894,25.761657792818102,-1.47767972946167,0.15030866861343384,0.1394066959619522,-2.0699065243316177,-0.25191679323018185,-1.4095403373241426,0.5908792822477565,-0.05363914494925357,-0.11666095927543546,0.2727050771618884
6.910284042358398,-15.984335365297738,0.8062304472914548,2.0686767399311066,5.201255798339844,0.6330158710479736,-0.7713592648506165,24.636799509219003,7.776187307604431,-6.445762577673894,25.761657792818102,-1.47767972946167,0.15030866861343384,0.1394066959619522,-2.0699065243316177,-0.25191679323018185,-1.4095403373241426,0.5908792822477565,-0.05363914494925357,-0.11666095927543546,0.2727050771618884
6.916122913360596,-16.053945007326547,0.8295898056021542,2.0668847858905792,5.187128067016602,0.6600313186645508,-0.7672742009162903,24.480934325546492,7.871430797567033,-7.651197026242184,25.64086345694419,-1.490783929824829,0.14072775840759277,0.190079465508461,-2.0685014983445953,-0.2632045621339799,-1.4185700118541718,0.5932852259230078,-0.0495739642743846,-0.13846282460650178,0.27266284573498734
6.922606468200684,-16.053945007326547,0.8295898056021542,2.0668847858905792,5.187128067016602,0.6600313186645508,-0.7672742009162903,24.480934325546492,7.871430797567033,-7.651197026242184,25.64086345694419,-1.490783929824829,0.14072775840759277,0.190079465508461,-2.0685014983445953,-0.2632045621339799,-1.4185700118541718,0.5932852259230078,-0.0495739642743846,-0.13846282460650178,0.27266284573498734
6.928371429443359,-16.123515548708383,0.8525487995138974,2.065043956041336,5.17178201675415,0.6853022575378418,-0.7605178356170654,24.2834021398792,7.9500144175732474,-8.871565850569695,25.476484219346222,-1.5015685558319092,0.13118493556976318,0.2413572371006012,-2.067111298285521,-0.27390869041037286,-1.4355256140232089,0.5946983041478977,-0.045584981510471856,-0.16053479773935925,0.2726903431736737
6.934181451797485,-16.123515548708383,0.8525487995138974,2.065043956041336,5.17178201675415,0.6853022575378418,-0.7605178356170654,24.2834021398792,7.9500144175732474,-8.871565850569695,25.476484219346222,-1.5015685558319092,0.13118493556976318,0.2413572371006012,-2.067111298285521,-0.27390869041037286,-1.4355256140232089,0.5946983041478977,-0.045584981510471856,-0.16053479773935925,0.2726903431736737
6.939847707748413,-16.193007888796274,0.87504883766087,2.063154250383377,5.155261993408203,0.7087347507476807,-0.7510762810707092,24.044689979527917,8.010165137520831,-10.104904694963691,25.26842795107612,-1.5098851919174194,0.12160849571228027,0.29273098707199097,-2.065749726257058,-0.2839949975807093,-1.4604488074779511,0.5951034998478507,-0.04172453331299827,-0.18284135072113847,0.2727891595989318
6.944952011108398,-16.193007888796274,0.87504883766087,2.063154250383377,5.155261993408203,0.7087347507476807,-0.7510762810707092,24.044689979527917,8.010165137520831,-10.104904694963691,25.26842795107612,-1.5098851919174194,0.12160849571228027,0.29273098707199097,-2.065749726257058,-0.2839949975807093,-1.4604488074779511,0.5951034998478507,-0.04172453331299827,-0.18284135072113847,0.2727891595989318
6.949722528457642,-16.193007888796274,0.87504883766087,2.063154250383377,5.155261993408203,0.7087347507476807,-0.7510762810707092,24.044689979527917,8.010165137520831,-10.104904694963691,25.26842795107612,-1.5098851919174194,0.12160849571228027,0.29273098707199097,-2.065749726257058,-0.2839949975807093,-1.4604488074779511,0.5951034998478507,-0.04172453331299827,-0.18284135072113847,0.2727891595989318
6.955782651901245,-16.26242202759022,0.8970703101149411,2.0612206757068634,5.1376633644104,0.7300043106079102,-0.738854169845581,23.76276498719495,8.047944564782672,-11.349606344334338,25.01353204908357,-1.5159424543380737,0.10816967487335205,0.35178443789482117,-2.0644442455634002,-0.29333436065714813,-1.493634706735611,0.594422805107535,-0.0380957157219801,-0.20535341495587622,0.27296056491489307
6.961821556091309,-16.26242202759022,0.8970703101149411,2.0612206757068634,5.1376633644104,0.7300043106079102,-0.738854169845581,23.76276498719495,8.047944564782672,-11.349606344334338,25.01353204908357,-1.5159424543380737,0.10816967487335205,0.35178443789482117,-2.0644442455634002,-0.29333436065714813,-1.493634706735611,0.594422805107535,-0.0380957157219801,-0.20535341495587622,0.27296056491489307
6.967635631561279,-16.26242202759022,0.8970703101149411,2.0612206757068634,5.1376633644104,0.7300043106079102,-0.738854169845581,23.76276498719495,8.047944564782672,-11.349606344334338,25.01353204908357,-1.5159424543380737,0.10816967487335205,0.35178443789482117,-2.0644442455634002,-0.29333436065714813,-1.493634706735611,0.594422805107535,-0.0380957157219801,-0.20535341495587622,0.27296056491489307
6.973088264465332,-16.33175796509022,0.9185741758337826,2.059238225221634,5.119114398956299,0.7485473155975342,-0.7237625122070312,23.433463526100844,8.059358705016901,-12.603633648067674,24.70654243639035,-1.5179864168167114,0.09577560424804688,0.41441187262535095,-2.0632384293226345,-0.301698979030829,-1.5353412687778474,0.5925223791097372,-0.0348127211313523,-0.22803414589893725,0.27320219624775016
6.978733062744141,-16.33175796509022,0.9185741758337826,2.059238225221634,5.119114398956299,0.7485473155975342,-0.7237625122070312,23.433463526100844,8.059358705016901,-12.603633648067674,24.70654243639035,-1.5179864168167114,0.09577560424804688,0.41441187262535095,-2.0632384293226345,-0.301698979030829,-1.5353412687778474,0.5925223791097372,-0.0348127211313523,-0.22803414589893725,0.27320219624775016
6.98510479927063,-16.400975646974985,0.9395214533797116,2.0572166740894318,5.099608421325684,0.7645068168640137,-0.7060143947601318,23.060195528840964,8.046662565580467,-13.863661944613394,24.351232388190798,-1.5175142288208008,0.09012031555175781,0.46772342920303345,-2.0621359403252537,-0.30914471336391575,-1.584946829080582,0.5894622950901565,-0.03185548975989846,-0.250823412679267,0.27351120221181296
6.991392374038696,-16.400975646974985,0.9395214533797116,2.0572166740894318,5.099608421325684,0.7645068168640137,-0.7060143947601318,23.060195528840964,8.046662565580467,-13.863661944613394,24.351232388190798,-1.5175142288208008,0.09012031555175781,0.46772342920303345,-2.0621359403252537,-0.30914471336391575,-1.584946829080582,0.5894622950901565,-0.03185548975989846,-0.250823412679267,0.27351120221181296
6.997096061706543,-16.47007698059315,0.9598828172674985,2.055156260728836,5.079062461853027,0.7785129547119141,-0.6858901381492615,22.650744621061083,8.013064751121519,-15.126468924988073,23.955810100353656,-1.514283537864685,0.08600783348083496,0.514380156993866,-2.061108174430868,-0.3159243318838094,-1.6416108548641204,0.585419909353592,-0.029175474653639167,-0.27366293560642313,0.2738878938754712
7.002819538116455,-16.47007698059315,0.9598828172674985,2.055156260728836,5.079062461853027,0.7785129547119141,-0.6858901381492615,22.650744621061083,8.013064751121519,-15.126468924988073,23.955810100353656,-1.514283537864685,0.08600783348083496,0.514380156993866,-2.061108174430868,-0.3159243318838094,-1.6416108548641204,0.585419909353592,-0.029175474653639167,-0.27366293560642313,0.2738878938754712
7.009123802185059,-16.47007698059315,0.9598828172674985,2.055156260728836,5.079062461853027,0.7785129547119141,-0.6858901381492615,22.650744621061083,8.013064751121519,-15.126468924988073,23.955810100353656,-1.514283537864685,0.08600783348083496,0.514380156993866,-2.061108174430868,-0.3159243318838094,-1.6416108548641204,0.585419909353592,-0.029175474653639167,-0.27366293560642313,0.2738878938754712
7.014512538909912,-16.539023818972055,0.9796191072455258,2.0530662834644318,5.0575408935546875,0.7905049324035645,-0.6633197069168091,22.205974650322574,7.954898176606203,-16.38803290543709,23.519801426777594,-1.5045702457427979,0.07738900184631348,0.566860556602478,-2.0601663884281476,-0.3220086057435412,-1.70556018948555,0.5803877313531115,-0.026876975703641132,-0.2964799772472526,0.2743375510003566
7.020560264587402,-16.539023818972055,0.9796191072455258,2.0530662834644318,5.0575408935546875,0.7905049324035645,-0.6633197069168091,22.205974650322574,7.954898176606203,-16.38803290543709,23.519801426777594,-1.5045702457427979,0.07738900184631348,0.566860556602478,-2.0601663884281476,-0.3220086057435412,-1.70556018948555,0.5803877313531115,-0.026876975703641132,-0.2964799772472526,0.2743375510003566
7.0262041091918945,-16.60792869568104,0.99872066736134,2.050947219133377,5.0351996421813965,0.8000273704528809,-0.6378563046455383,21.724269162838187,7.868959716293566,-17.648411042040188,23.040501285073358,-1.4966166019439697,0.07103216648101807,0.6149567365646362,-2.059347715385916,-0.3272034188647546,-1.7781360805034638,0.5742959779313149,-0.02503837913834839,-0.31927557134453255,0.2748818306813561
7.031824111938477,-16.60792869568104,0.99872066736134,2.050947219133377,5.0351996421813965,0.8000273704528809,-0.6378563046455383,21.724269162838187,7.868959716293566,-17.648411042040188,23.040501285073358,-1.4966166019439697,0.07103216648101807,0.6149567365646362,-2.059347715385916,-0.3272034188647546,-1.7781360805034638,0.5742959779313149,-0.02503837913834839,-0.31927557134453255,0.2748818306813561
7.037431001663208,-16.676562728884164,1.0170898056021542,2.048808604478836,5.0121541023254395,0.8070247173309326,-0.6096914410591125,21.20840289555031,7.755189849356289,-18.901072946804398,22.520298384858293,-1.481289029121399,0.06364870071411133,0.6695654392242432,-2.0586648075169363,-0.3314729257016807,-1.8587811648845673,0.5671782300679845,-0.023705383543621176,-0.34193160725379584,0.2755169710055449
7.0430402755737305,-16.676562728884164,1.0170898056021542,2.048808604478836,5.0121541023254395,0.8070247173309326,-0.6096914410591125,21.20840289555031,7.755189849356289,-18.901072946804398,22.520298384858293,-1.481289029121399,0.06364870071411133,0.6695654392242432,-2.0586648075169363,-0.3314729257016807,-1.8587811648845673,0.5671782300679845,-0.023705383543621176,-0.34193160725379584,0.2755169710055449
7.048683166503906,-16.71082061767811,1.0260058259955258,2.0477342903614044,5.000399589538574,0.8094120025634766,-0.5946002006530762,20.936160494814057,7.686861873668773,-19.524232651332092,22.243065934572297,-1.474181056022644,0.06087660789489746,0.6967819929122925,-2.058387585071144,-0.3331900956015349,-1.9021211206912993,0.5631943544844182,-0.023263035898405077,-0.353202269025571,0.2758666426740901
7.054485559463501,-16.71082061767811,1.0260058259955258,2.0477342903614044,5.000399589538574,0.8094120025634766,-0.5946002006530762,20.936160494814057,7.686861873668773,-19.524232651332092,22.243065934572297,-1.474181056022644,0.06087660789489746,0.6967819929122925,-2.058387585071144,-0.3331900956015349,-1.9021211206912993,0.5631943544844182,-0.023263035898405077,-0.353202269025571,0.2758666426740901
7.060299396514893,-16.71082061767811,1.0260058259955258,2.0477342903614044,5.000399589538574,0.8094120025634766,-0.5946002006530762,20.936160494814057,7.686861873668773,-19.524232651332092,22.243065934572297,-1.474181056022644,0.06087660789489746,0.6967819929122925,-2.058387585071144,-0.3331900956015349,-1.9021211206912993,0.5631943544844182,-0.023263035898405077,-0.353202269025571,0.2758666426740901
7.06539249420166,-16.779218139650766,1.0432715034476132,2.0455859005451202,4.97646427154541,0.8117544651031494,-0.562554121017456,20.361273698416387,7.5260937556272856,-20.76167032122456,21.652164738695863,-1.45548415184021,0.05621492862701416,0.7557181715965271,-2.0579805298620273,-0.33569514278700113,-1.9943922579288484,0.554325641649684,-0.022886190249125176,-0.37558295465026553,0.2766214460509114
7.07088828086853,-16.779218139650766,1.0432715034476132,2.0455859005451202,4.97646427154541,0.8117544651031494,-0.562554121017456,20.361273698416387,7.5260937556272856,-20.76167032122456,21.652164738695863,-1.45548415184021,0.05621492862701416,0.7557181715965271,-2.0579805298620273,-0.33569514278700113,-1.9943922579288484,0.554325641649684,-0.022886190249125176,-0.37558295465026553,0.2766214460509114
7.076694965362549,-16.84738296509022,1.0597558832159848,2.043437510728836,4.951948165893555,0.8113570213317871,-0.5281093120574951,19.752100609490846,7.3369759419075935,-21.990215006898342,21.019629606795448,-1.4422821998596191,0.05562794208526611,0.8044390678405762,-2.057742215269899,-0.33715288175856617,-2.0938595831394196,0.5444197817175785,-0.023102798144935467,-0.3978027989745002,0.2774586685204831
7.082315683364868,-16.84738296509022,1.0597558832159848,2.043437510728836,4.951948165893555,0.8113570213317871,-0.5281093120574951,19.752100609490846,7.3369759419075935,-21.990215006898342,21.019629606795448,-1.4422821998596191,0.05562794208526611,0.8044390678405762,-2.057742215269899,-0.33715288175856617,-2.0938595831394196,0.5444197817175785,-0.023102798144935467,-0.3978027989745002,0.2774586685204831
7.088032484054565,-16.915351333620492,1.075419864653668,2.041303664445877,4.92681884765625,0.808638334274292,-0.4914332926273346,19.113587610346023,7.121340624909665,-23.207485691061688,20.350564123957003,-1.4251317977905273,0.05602908134460449,0.8492106795310974,-2.0576489303740737,-0.33772173384667975,-2.200046718120575,0.533595684567101,-0.023891222189196402,-0.4198187381731061,0.2783804949806596
7.094008922576904,-16.915351333620492,1.075419864653668,2.041303664445877,4.92681884765625,0.808638334274292,-0.4914332926273346,19.113587610346023,7.121340624909665,-23.207485691061688,20.350564123957003,-1.4251317977905273,0.05602908134460449,0.8492106795310974,-2.0576489303740737,-0.33772173384667975,-2.200046718120575,0.533595684567101,-0.023891222189196402,-0.4198187381731061,0.2783804949806596
7.0998053550720215,-16.915351333620492,1.075419864653668,2.041303664445877,4.92681884765625,0.808638334274292,-0.4914332926273346,19.113587610346023,7.121340624909665,-23.207485691061688,20.350564123957003,-1.4251317977905273,0.05602908134460449,0.8492106795310974,-2.0576489303740737,-0.33772173384667975,-2.200046718120575,0.533595684567101,-0.023891222189196402,-0.4198187381731061,0.2783804949806596
7.105120897293091,-16.98308509826893,1.0902343606940121,2.0391893684864044,4.901118278503418,0.8036669492721558,-0.45262283086776733,18.447374850541042,6.878510927220997,-24.408512711595005,19.646162434356384,-1.4024040699005127,0.05653369426727295,0.8938213586807251,-2.0576994447655794,-0.3374138189129215,-2.312672370672226,0.5218799833400732,-0.025297600534263463,-0.44154088937903724,0.2793869541768674
7.110440254211426,-16.98308509826893,1.0902343606940121,2.0391893684864044,4.901118278503418,0.8036669492721558,-0.45262283086776733,18.447374850541042,6.878510927220997,-24.408512711595005,19.646162434356384,-1.4024040699005127,0.05653369426727295,0.8938213586807251,-2.0576994447655794,-0.3374138189129215,-2.312672370672226,0.5218799833400732,-0.025297600534263463,-0.44154088937903724,0.2793869541768674
7.116837978363037,-17.050586166384164,1.1041699266424985,2.0370996296405792,4.8749284744262695,0.7963411808013916,-0.41178393363952637,17.752948268924413,6.607089268708146,-25.588972717639383,18.90538246020778,-1.3752150535583496,0.057509660720825195,0.9405602216720581,-2.057903400255432,-0.33616764478323535,-2.4314275324344634,0.5092510280077668,-0.027387926571385,-0.46289105911332407,0.2804749510541549
7.122821092605591,-17.050586166384164,1.1041699266424985,2.0370996296405792,4.8749284744262695,0.7963411808013916,-0.41178393363952637,17.752948268924413,6.607089268708146,-25.588972717639383,18.90538246020778,-1.3752150535583496,0.057509660720825195,0.9405602216720581,-2.057903400255432,-0.33616764478323535,-2.4314275324344634,0.5092510280077668,-0.027387926571385,-0.46289105911332407,0.2804749510541549
7.129634380340576,-17.050586166384164,1.1041699266424985,2.0370996296405792,4.8749284744262695,0.7963411808013916,-0.41178393363952637,17.752948268924413,6.607089268708146,-25.588972717639383,18.90538246020778,-1.3752150535583496,0.057509660720825195,0.9405602216720581,-2.057903400255432,-0.33616764478323535,-2.4314275324344634,0.5092510280077668,-0.027387926571385,-0.46289105911332407,0.2804749510541549
7.135218143463135,-17.11785072326893,1.1171874618521542,2.0350487530231476,4.848328590393066,0.7865267992019653,-0.3690544366836548,17.02889795597939,6.305939818183244,-26.74583731033322,18.126487022601125,-1.3451788425445557,0.059766292572021484,0.9900128245353699,-2.0582715824976647,-0.33390594913019395,-2.5559244453907013,0.49567355585748113,-0.03022051309274269,-0.48381447480477513,0.2816397961104011
7.140560626983643,-17.11785072326893,1.1171874618521542,2.0350487530231476,4.848328590393066,0.7865267992019653,-0.3690544366836548,17.02889795597939,6.305939818183244,-26.74583731033322,18.126487022601125,-1.3451788425445557,0.059766292572021484,0.9900128245353699,-2.0582715824976647,-0.33390594913019395,-2.5559244453907013,0.49567355585748113,-0.03022051309274269,-0.48381447480477513,0.2816397961104011
7.145861387252808,-17.184804382326547,1.1292577600470395,2.0330419838428497,4.821419715881348,0.7741265296936035,-0.3245980143547058,16.2738192475335,5.9744886832634965,-27.876852780577508,17.3079732500377,-1.3131449222564697,0.06394708156585693,1.0414798259735107,-2.058811198090909,-0.33056246126481537,-2.685681527853012,0.4811177259312069,-0.0338383546798041,-0.5042703751641067,0.2828762710985633
7.151683807373047,-17.184804382326547,1.1292577600470395,2.0330419838428497,4.821419715881348,0.7741265296936035,-0.3245980143547058,16.2738192475335,5.9744886832634965,-27.876852780577508,17.3079732500377,-1.3131449222564697,0.06394708156585693,1.0414798259735107,-2.058811198090909,-0.33056246126481537,-2.685681527853012,0.4811177259312069,-0.0338383546798041,-0.5042703751641067,0.2828762710985633
7.157169342041016,-17.184804382326547,1.1292577600470395,2.0330419838428497,4.821419715881348,0.7741265296936035,-0.3245980143547058,16.2738192475335,5.9744886832634965,-27.876852780577508,17.3079732500377,-1.3131449222564697,0.06394708156585693,1.0414798259735107,-2.058811198090909,-0.33056246126481537,-2.685681527853012,0.4811177259312069,-0.0338383546798041,-0.5042703751641067,0.2828762710985633
7.1631996631622314,-17.25152343750233,1.1403417205801816,2.0310838520526886,4.794273376464844,0.7591403722763062,-0.27859005331993103,15.486984021913782,5.612886201981097,-28.979786698532354,16.449306352832103,-1.2791563272476196,0.07033383846282959,1.0936533212661743,-2.0595209815084154,-0.32611104996394996,-2.8201807737350464,0.4655734092751548,-0.038263408871132824,-0.5242183837653845,0.2841804365383521
7.1693127155303955,-17.31792968750233,1.1504101371756406,2.0291893780231476,4.7669830322265625,0.7416619062423706,-0.23119616508483887,14.66846763670835,5.2217735480839025,-30.05209486429092,15.550954959588903,-1.242908239364624,0.0789186954498291,1.1452264785766602,-2.060391955958455,-0.3205621281493932,-2.9589523851871493,0.44904994354682415,-0.04350186647758456,-0.5436124854115066,0.2855508883705862
7.175254583358765,-17.31792968750233,1.1504101371756406,2.0291893780231476,4.7669830322265625,0.7416619062423706,-0.23119616508483887,14.66846763670835,5.2217735480839025,-30.05209486429092,15.550954959588903,-1.242908239364624,0.0789186954498291,1.1452264785766602,-2.060391955958455,-0.3205621281493932,-2.9589523851871493,0.44904994354682415,-0.04350186647758456,-0.5436124854115066,0.2855508883705862
7.181754112243652,-17.31792968750233,1.1504101371756406,2.0291893780231476,4.7669830322265625,0.7416619062423706,-0.23119616508483887,14.66846763670835,5.2217735480839025,-30.05209486429092,15.550954959588903,-1.242908239364624,0.0789186954498291,1.1452264785766602,-2.060391955958455,-0.3205621281493932,-2.9589523851871493,0.44904994354682415,-0.04350186647758456,-0.5436124854115066,0.2855508883705862
7.187034845352173,-17.384023132326547,1.1594237899771542,2.0273583233356476,4.739624977111816,0.7217397689819336,-0.1828351616859436,13.815757501650928,4.801943213276039,-31.085247192600846,14.611123895224319,-1.1892530918121338,0.09287333488464355,1.2027080059051514,-2.0614162301886774,-0.313907973929745,-3.100739496946335,0.43149144390613203,-0.049579488323162876,-0.5622984023064848,0.28697135775207433
7.1929497718811035,-17.384023132326547,1.1594237899771542,2.0273583233356476,4.739624977111816,0.7217397689819336,-0.1828351616859436,13.815757501650928,4.801943213276039,-31.085247192600846,14.611123895224319,-1.1892530918121338,0.09287333488464355,1.2027080059051514,-2.0614162301886774,-0.313907973929745,-3.100739496946335,0.43149144390613203,-0.049579488323162876,-0.5622984023064848,0.28697135775207433
7.199524402618408,-17.449803771974985,1.1673534727087826,2.0256004631519318,4.712366580963135,0.6993661522865295,-0.133570596575737,12.928331498962073,4.353852658630119,-32.078715080819144,13.629924766163851,-1.152225136756897,0.10515868663787842,1.2533271312713623,-2.062588540692596,-0.30611044083069683,-3.2453690439462664,0.41289501062758643,-0.05649660381728323,-0.5802665739772043,0.2884465773975881
7.205088376998901,-17.449803771974985,1.1673534727087826,2.0256004631519318,4.712366580963135,0.6993661522865295,-0.133570596575737,12.928331498962073,4.353852658630119,-32.078715080819144,13.629924766163851,-1.152225136756897,0.10515868663787842,1.2533271312713623,-2.062588540692596,-0.30611044083069683,-3.2453690439462664,0.41289501062758643,-0.05649660381728323,-0.5802665739772043,0.2884465773975881
7.210118055343628,-17.449803771974985,1.1673534727087826,2.0256004631519318,4.712366580963135,0.6993661522865295,-0.133570596575737,12.928331498962073,4.353852658630119,-32.078715080819144,13.629924766163851,-1.152225136756897,0.10515868663787842,1.2533271312713623,-2.062588540692596,-0.30611044083069683,-3.2453690439462664,0.41289501062758643,-0.05649660381728323,-0.5802665739772043,0.2884465773975881
7.215314149856567,-17.515273513796274,1.1741600847235532,2.0239160358905792,4.68528413772583,0.675169825553894,-0.08316873013973236,12.013035335778888,3.8794864170801557,-33.03792264106812,12.615158044644435,-1.1155366897583008,0.11786085367202759,1.2976957559585571,-2.0638608464246633,-0.29741132590614155,-3.3935426741838457,0.39344474640747545,-0.06417255518855838,-0.5976151026159259,0.2900028128027247
7.2213215827941895,-17.515273513796274,1.1741600847235532,2.0239160358905792,4.68528413772583,0.675169825553894,-0.08316873013973236,12.013035335778888,3.8794864170801557,-33.03792264106812,12.615158044644435,-1.1155366897583008,0.11786085367202759,1.2976957559585571,-2.0638608464246633,-0.29741132590614155,-3.3935426741838457,0.39344474640747545,-0.06417255518855838,-0.5976151026159259,0.2900028128027247
7.22693657875061,-17.58042854309315,1.179824194907269,2.022314339876175,4.658483028411865,0.6495709419250488,-0.03179261088371277,11.072374210720284,3.3820201721166314,-33.95857947647122,11.571203368454118,-1.0733308792114258,0.1333562135696411,1.337971568107605,-2.0651996431504047,-0.28796792202156307,-3.5447879791259767,0.37320913735446953,-0.07254103907029548,-0.6142663907597349,0.29164256333077904
7.233356237411499,-17.58042854309315,1.179824194907269,2.022314339876175,4.658483028411865,0.6495709419250488,-0.03179261088371277,11.072374210720284,3.3820201721166314,-33.95857947647122,11.571203368454118,-1.0733308792114258,0.1333562135696411,1.337971568107605,-2.0651996431504047,-0.28796792202156307,-3.5447879791259767,0.37320913735446953,-0.07254103907029548,-0.6142663907597349,0.29164256333077904
7.238861799240112,-17.645272674562875,1.1842870330801816,2.020800620317459,4.632091999053955,0.6228111982345581,0.019984692335128784,10.103069319299598,2.864777773638632,-34.827751495258205,10.49731958862053,-1.00666344165802,0.15802013874053955,1.382826805114746,-2.0665833472029727,-0.27786392217294886,-3.697395193576813,0.35211621863764486,-0.08156989386359093,-0.6299865083701379,0.2933437198287649
7.244556665420532,-17.645272674562875,1.1842870330801816,2.020800620317459,4.632091999053955,0.6228111982345581,0.019984692335128784,10.103069319299598,2.864777773638632,-34.827751495258205,10.49731958862053,-1.00666344165802,0.15802013874053955,1.382826805114746,-2.0665833472029727,-0.27786392217294886,-3.697395193576813,0.35211621863764486,-0.08156989386359093,-0.6299865083701379,0.2933437198287649
7.249373197555542,-17.645272674562875,1.1842870330801816,2.020800620317459,4.632091999053955,0.6228111982345581,0.019984692335128784,10.103069319299598,2.864777773638632,-34.827751495258205,10.49731958862053,-1.00666344165802,0.15802013874053955,1.382826805114746,-2.0665833472029727,-0.27786392217294886,-3.697395193576813,0.35211621863764486,-0.08156989386359093,-0.6299865083701379,0.2933437198287649
7.254673719406128,-17.70980400085682,1.1875292873373837,2.019379884004593,4.606378078460693,0.5948402881622314,0.07172418385744095,9.099763146211373,2.3292551156663355,-35.636825002992396,9.390709285542252,-0.9409847855567932,0.1843860149383545,1.4291062355041504,-2.0680085135476745,-0.2670503287328336,-3.85005634278059,0.33004725143979835,-0.09126031638446372,-0.6446196654692273,0.2950904258407704
7.26077938079834,-17.70980400085682,1.1875292873373837,2.019379884004593,4.606378078460693,0.5948402881622314,0.07172418385744095,9.099763146211373,2.3292551156663355,-35.636825002992396,9.390709285542252,-0.9409847855567932,0.1843860149383545,1.4291062355041504,-2.0680085135476745,-0.2670503287328336,-3.85005634278059,0.33004725143979835,-0.09126031638446372,-0.6446196654692273,0.2950904258407704
7.266523361206055,-17.774022521974985,1.1895117378226132,2.018046885728836,4.5815911293029785,0.5658516883850098,0.12357873469591141,8.06355088153776,1.775238944378777,-36.38934383701824,8.255391509786177,-0.8819851875305176,0.2092108130455017,1.4733692407608032,-2.0694562664256995,-0.2555892242121727,-4.00322059839964,0.3070450462272148,-0.10159481732536571,-0.6582299570101804,0.29690086377581343
7.271959543228149,-17.774022521974985,1.1895117378226132,2.018046885728836,4.5815911293029785,0.5658516883850098,0.12357873469591141,8.06355088153776,1.775238944378777,-36.38934383701824,8.255391509786177,-0.8819851875305176,0.2092108130455017,1.4733692407608032,-2.0694562664256995,-0.2555892242121727,-4.00322059839964,0.3070450462272148,-0.10159481732536571,-0.6582299570101804,0.29690086377581343
7.277767181396484,-17.774022521974985,1.1895117378226132,2.018046885728836,4.5815911293029785,0.5658516883850098,0.12357873469591141,8.06355088153776,1.775238944378777,-36.38934383701824,8.255391509786177,-0.8819851875305176,0.2092108130455017,1.4733692407608032,-2.0694562664256995,-0.2555892242121727,-4.00322059839964,0.3070450462272148,-0.10159481732536571,-0.6582299570101804,0.29690086377581343
7.283681392669678,-17.837851943972055,1.1901952838888974,2.0168114006519318,4.557978630065918,0.536163330078125,0.17566809058189392,6.9968489694350495,1.2040413777084842,-37.08812439639955,7.099182614488697,-0.8267521262168884,0.2336520552635193,1.5133439302444458,-2.070901309355864,-0.24360389383206293,-4.157264792919159,0.2831832810057764,-0.11251843769920544,-0.6708683212693843,0.2987930523799479
7.2895348072052,-17.837851943972055,1.1901952838888974,2.0168114006519318,4.557978630065918,0.536163330078125,0.17566809058189392,6.9968489694350495,1.2040413777084842,-37.08812439639955,7.099182614488697,-0.8267521262168884,0.2336520552635193,1.5133439302444458,-2.070901309355864,-0.24360389383206293,-4.157264792919159,0.2831832810057764,-0.11251843769920544,-0.6708683212693843,0.2987930523799479
7.2953197956085205,-17.90136665344471,1.1895507192602963,2.015673667192459,4.5357770919799805,0.506116509437561,0.2283860743045807,5.905892710375848,0.6170662568295724,-37.74100752897443,5.937927793938244,-0.7924562096595764,0.2501260042190552,1.543257236480713,-2.0723187555429696,-0.23123595223669943,-4.3133708238601685,0.25862410815685216,-0.12395250034927442,-0.6826765702788828,0.3007993190718716
7.301236152648926,-17.90136665344471,1.1895507192602963,2.015673667192459,4.5357770919799805,0.506116509437561,0.2283860743045807,5.905892710375848,0.6170662568295724,-37.74100752897443,5.937927793938244,-0.7924562096595764,0.2501260042190552,1.543257236480713,-2.0723187555429696,-0.23123595223669943,-4.3133708238601685,0.25862410815685216,-0.12395250034927442,-0.6826765702788828,0.3007993190718716
7.306827545166016,-17.96457046509022,1.18754883766087,2.014633685350418,4.515196323394775,0.47636502981185913,0.28145337104797363,4.792604613356135,0.019837063315134084,-38.34114743339947,4.792645388166472,-0.726268470287323,0.28047800064086914,1.5717986822128296,-2.0736709962010162,-0.21877771755062544,-4.470700746774673,0.23342854816974476,-0.13576838290773366,-0.6935308887294749,0.3029162434475575
7.312300205230713,-17.96457046509022,1.18754883766087,2.014633685350418,4.515196323394775,0.47636502981185913,0.28145337104797363,4.792604613356135,0.019837063315134084,-38.34114743339947,4.792645388166472,-0.726268470287323,0.28047800064086914,1.5717986822128296,-2.0736709962010162,-0.21877771755062544,-4.470700746774673,0.23342854816974476,-0.13576838290773366,-0.6935308887294749,0.3029162434475575
7.318781614303589,-17.96457046509022,1.18754883766087,2.014633685350418,4.515196323394775,0.47636502981185913,0.28145337104797363,4.792604613356135,0.019837063315134084,-38.34114743339947,4.792645388166472,-0.726268470287323,0.28047800064086914,1.5717986822128296,-2.0736709962010162,-0.21877771755062544,-4.470700746774673,0.23342854816974476,-0.13576838290773366,-0.6935308887294749,0.3029162434475575
7.324635982513428,-17.996055068972055,1.186025342940411,2.0141504108905792,4.505624771118164,0.4616582989692688,0.30788761377334595,4.225874263836055,-0.2806519736293062,-38.616742319040675,4.235166413566042,-0.6958824396133423,0.29508453607559204,1.5848900079727173,-2.074319577687436,-0.2125403016008763,-4.549133580923081,0.22055427004502592,-0.14178772494222708,-0.69851538422802,0.30400727231861374
7.33054780960083,-17.996055068972055,1.186025342940411,2.0141504108905792,4.505624771118164,0.4616582989692688,0.30788761377334595,4.225874263836055,-0.2806519736293062,-38.616742319040675,4.235166413566042,-0.6958824396133423,0.29508453607559204,1.5848900079727173,-2.074319577687436,-0.2125403016008763,-4.549133580923081,0.22055427004502592,-0.14178772494222708,-0.69851538422802,0.30400727231861374
7.3362250328063965,-18.058787765505258,1.1819140529623837,2.0132568180561066,4.4881591796875,0.4328092038631439,0.3602498769760132,3.069963258639341,-0.8829721609376449,-39.11299504973174,3.194302724659528,-0.6236221194267273,0.329167902469635,1.612152338027954,-2.0755514768262824,-0.20015283466944758,-4.704611903429031,0.19420904835128125,-0.1540034803375479,-0.7074907666866438,0.30624513232253864
7.341650009155273,-18.058787765505258,1.1819140529623837,2.0132568180561066,4.4881591796875,0.4328092038631439,0.3602498769760132,3.069963258639341,-0.8829721609376449,-39.11299504973174,3.194302724659528,-0.6236221194267273,0.329167902469635,1.612152338027954,-2.0755514768262824,-0.20015283466944758,-4.704611903429031,0.19420904835128125,-0.1540034803375479,-0.7074907666866438,0.30624513232253864
7.347368001937866,-18.121211471559945,1.1763573503485532,2.0124609768390656,4.473143577575684,0.40434950590133667,0.41333886981010437,1.8967347133979562,-1.4938644844120987,-39.564153481848244,2.4142117691325864,-0.588422417640686,0.344637006521225,1.631041169166565,-2.0767124703620046,-0.18772428086136322,-4.862446367740631,0.1673688000802085,-0.16650966401170675,-0.7156505595245382,0.3086367906139944
7.353168487548828,-18.121211471559945,1.1763573503485532,2.0124609768390656,4.473143577575684,0.40434950590133667,0.41333886981010437,1.8967347133979562,-1.4938644844120987,-39.564153481848244,2.4142117691325864,-0.588422417640686,0.344637006521225,1.631041169166565,-2.0767124703620046,-0.18772428086136322,-4.862446367740631,0.1673688000802085,-0.16650966401170675,-0.7156505595245382,0.3086367906139944
7.358742952346802,-18.121211471559945,1.1763573503485532,2.0124609768390656,4.473143577575684,0.40434950590133667,0.41333886981010437,1.8967347133979562,-1.4938644844120987,-39.564153481848244,2.4142117691325864,-0.588422417640686,0.344637006521225,1.631041169166565,-2.0767124703620046,-0.18772428086136322,-4.862446367740631,0.1673688000802085,-0.16650966401170675,-0.7156505595245382,0.3086367906139944
7.364386796951294,-18.18332046509022,1.169326148032269,2.011762648820877,4.460888385772705,0.3767097592353821,0.46651074290275574,0.7036233678416673,-2.1077138453567854,-39.9590110117327,2.2220082127806466,-0.5313206911087036,0.3712276220321655,1.6495580673217773,-2.0777843402227383,-0.17546317478929113,-5.020704996585846,0.13998993598453072,-0.17919872563876005,-0.7227920765947724,0.31115910700378213
7.370050668716431,-18.18332046509022,1.169326148032269,2.011762648820877,4.460888385772705,0.3767097592353821,0.46651074290275574,0.7036233678416673,-2.1077138453567854,-39.9590110117327,2.2220082127806466,-0.5313206911087036,0.3712276220321655,1.6495580673217773,-2.0777843402227383,-0.17546317478929113,-5.020704996585846,0.13998993598453072,-0.17919872563876005,-0.7227920765947724,0.31115910700378213
7.374898433685303,-18.245194854738656,1.160781226157269,2.0111620724201202,4.451778411865234,0.35002726316452026,0.5191215872764587,-0.5131945642721092,-2.7194328471675826,-40.28880144747248,2.767396848289621,-0.46479594707489014,0.40353506803512573,1.6676863431930542,-2.078764196755562,-0.1634457233126024,-5.177456492185593,0.11199791854236713,-0.19197573940188734,-0.728756769802281,0.31378960775218745
7.381494522094727,-18.245194854738656,1.160781226157269,2.0111620724201202,4.451778411865234,0.35002726316452026,0.5191215872764587,-0.5131945642721092,-2.7194328471675826,-40.28880144747248,2.767396848289621,-0.46479594707489014,0.40353506803512573,1.6676863431930542,-2.078764196755562,-0.1634457233126024,-5.177456492185593,0.11199791854236713,-0.19197573940188734,-0.728756769802281,0.31378960775218745
7.387773275375366,-18.245194854738656,1.160781226157269,2.0111620724201202,4.451778411865234,0.35002726316452026,0.5191215872764587,-0.5131945642721092,-2.7194328471675826,-40.28880144747248,2.767396848289621,-0.46479594707489014,0.40353506803512573,1.6676863431930542,-2.078764196755562,-0.1634457233126024,-5.177456492185593,0.11199791854236713,-0.19197573940188734,-0.728756769802281,0.31378960775218745
7.393268346786499,-18.3067964935326,1.1507031536093564,2.0106444656848907,4.446191310882568,0.3244105577468872,0.5707509517669678,-1.755659391076221,-3.326131481312826,-40.549629884480325,3.760588446576038,-0.3956443667411804,0.4374123513698578,1.6854004859924316,-2.07965149653631,-0.15173906265778137,-5.331412893533707,0.0833635647578857,-0.20477818864686345,-0.7334741946816772,0.31651750707401266
7.398703575134277,-18.3067964935326,1.1507031536093564,2.0106444656848907,4.446191310882568,0.3244105577468872,0.5707509517669678,-1.755659391076221,-3.326131481312826,-40.549629884480325,3.760588446576038,-0.3956443667411804,0.4374123513698578,1.6854004859924316,-2.07965149653631,-0.15173906265778137,-5.331412893533707,0.0833635647578857,-0.20477818864686345,-0.7334741946816772,0.31651750707401266
7.404715538024902,-18.36816352844471,1.1390624856940121,2.0102050602436066,4.4444899559021,0.29992926120758057,0.6211320757865906,-3.024088739887112,-3.9261837224894442,-40.7411614705125,4.954362798747518,-0.32710427045822144,0.4706993103027344,1.7018808126449585,-2.0804480621700856,-0.14039569364731877,-5.481765335798263,0.05409554713342494,-0.21756045364821533,-0.7369382949903078,0.3193405264452855
7.410212516784668,-18.36816352844471,1.1390624856940121,2.0102050602436066,4.4444899559021,0.29992926120758057,0.6211320757865906,-3.024088739887112,-3.9261837224894442,-40.7411614705125,4.954362798747518,-0.32710427045822144,0.4706993103027344,1.7018808126449585,-2.0804480621700856,-0.14039569364731877,-5.481765335798263,0.05409554713342494,-0.21756045364821533,-0.7369382949903078,0.3193405264452855
7.415829181671143,-18.36816352844471,1.1390624856940121,2.0102050602436066,4.4444899559021,0.29992926120758057,0.6211320757865906,-3.024088739887112,-3.9261837224894442,-40.7411614705125,4.954362798747518,-0.32710427045822144,0.4706993103027344,1.7018808126449585,-2.0804480621700856,-0.14039569364731877,-5.481765335798263,0.05409554713342494,-0.21756045364821533,-0.7369382949903078,0.3193405264452855
7.422229766845703,-18.429295959474985,1.1258300161352963,2.0098388493061066,4.447010040283203,0.2766827344894409,0.6700119376182556,-4.317727458560342,-4.517691512226346,-40.86362937490715,6.246090493171395,-0.2590838670730591,0.5031614899635315,1.7160285711288452,-2.081155640126196,-0.12948471629076158,-5.627745741605759,0.024227294462615005,-0.23026772354177882,-0.7391532879019184,0.32225701768815684
7.42845892906189,-18.490195693972055,1.1109863138190121,2.0095165073871613,4.454071521759033,0.25480973720550537,0.7170825600624084,-5.635305311726172,-5.097964406208448,-40.9166099312752,7.59355036708874,-0.190413698554039,0.5351948738098145,1.7269152402877808,-2.081776048493219,-0.11909481139803987,-5.768377393484116,-0.006195897817661999,-0.24282897652885096,-0.7401115108533803,0.32526132025679383
7.433973073959351,-18.490195693972055,1.1109863138190121,2.0095165073871613,4.454071521759033,0.25480973720550537,0.7170825600624084,-5.635305311726172,-5.097964406208448,-40.9166099312752,7.59355036708874,-0.190413698554039,0.5351948738098145,1.7269152402877808,-2.081776048493219,-0.11909481139803987,-5.768377393484116,-0.006195897817661999,-0.24282897652885096,-0.7401115108533803,0.32526132025679383
7.439306259155273,-18.490195693972055,1.1109863138190121,2.0095165073871613,4.454071521759033,0.25480973720550537,0.7170825600624084,-5.635305311726172,-5.097964406208448,-40.9166099312752,7.59355036708874,-0.190413698554039,0.5351948738098145,1.7269152402877808,-2.081776048493219,-0.11909481139803987,-5.768377393484116,-0.006195897817661999,-0.24282897652885096,-0.7401115108533803,0.32526132025679383
7.444428443908691,-18.5509371185326,1.0945214843741269,2.0092332661151886,4.465755939483643,0.23385858535766602,0.762885332107544,-6.968299955971071,-5.670710055777103,-40.91643669727428,8.97526304953899,-0.1426195353269577,0.5556091070175171,1.7328938245773315,-2.082326631398418,-0.10904535914422019,-5.905275875329972,-0.03696951942971507,-0.25528058695384925,-0.7401083776889323,0.3283884241926077
7.44991135597229,-18.5509371185326,1.0945214843741269,2.0092332661151886,4.465755939483643,0.23385858535766602,0.762885332107544,-6.968299955971071,-5.670710055777103,-40.91643669727428,8.97526304953899,-0.1426195353269577,0.5556091070175171,1.7328938245773315,-2.082326631398418,-0.10904535914422019,-5.905275875329972,-0.03696951942971507,-0.25528058695384925,-0.7401083776889323,0.3283884241926077
7.456123113632202,-18.5509371185326,1.0945214843741269,2.0092332661151886,4.465755939483643,0.23385858535766602,0.762885332107544,-6.968299955971071,-5.670710055777103,-40.91643669727428,8.97526304953899,-0.1426195353269577,0.5556091070175171,1.7328938245773315,-2.082326631398418,-0.10904535914422019,-5.905275875329972,-0.03696951942971507,-0.25528058695384925,-0.7401083776889323,0.3283884241926077
7.461634397506714,-18.611522140505258,1.076396427153668,2.008959800004959,4.482594013214111,0.21484947204589844,0.805736780166626,-8.3251732713297,-6.22185178685448,-40.83973316554047,10.38012100814111,-0.061058737337589264,0.5946386456489563,1.736029863357544,-2.0827888906732563,-0.09982748654575456,-6.033337980508804,-0.06825880798611693,-0.26734907493863874,-0.738721093568038,0.3315636051397446
7.467301845550537,-18.611522140505258,1.076396427153668,2.008959800004959,4.482594013214111,0.21484947204589844,0.805736780166626,-8.3251732713297,-6.22185178685448,-40.83973316554047,10.38012100814111,-0.061058737337589264,0.5946386456489563,1.736029863357544,-2.0827888906732563,-0.09982748654575456,-6.033337980508804,-0.06825880798611693,-0.26734907493863874,-0.738721093568038,0.3315636051397446
7.472646236419678,-18.671952667238656,1.0566014862051816,2.0086767971515656,4.504862308502197,0.19790935516357422,0.8450719118118286,-9.70520139290829,-6.747332997845186,-40.67808691720909,11.801727362943149,0.026592902839183807,0.6323072910308838,1.736031413078308,-2.0831705225824524,-0.0915186539757163,-6.1508339703083035,-0.10004620415890035,-0.278956137570184,-0.735797508845884,0.3347663316456016
7.477810382843018,-18.671952667238656,1.0566014862051816,2.0086767971515656,4.504862308502197,0.19790935516357422,0.8450719118118286,-9.70520139290829,-6.747332997845186,-40.67808691720909,11.801727362943149,0.026592902839183807,0.6323072910308838,1.736031413078308,-2.0831705225824524,-0.0915186539757163,-6.1508339703083035,-0.10004620415890035,-0.278956137570184,-0.735797508845884,0.3347663316456016
7.48349142074585,-18.671952667238656,1.0566014862051816,2.0086767971515656,4.504862308502197,0.19790935516357422,0.8450719118118286,-9.70520139290829,-6.747332997845186,-40.67808691720909,11.801727362943149,0.026592902839183807,0.6323072910308838,1.736031413078308,-2.0831705225824524,-0.0915186539757163,-6.1508339703083035,-0.10004620415890035,-0.278956137570184,-0.735797508845884,0.3347663316456016
7.489143371582031,-18.73230499267811,1.0351268863669247,2.008349448442459,4.5327348709106445,0.18305444717407227,0.8806488513946533,-11.104583726359,-7.246359283235246,-40.43393555360873,13.234866948627086,0.1103849858045578,0.6645940542221069,1.7328600883483887,-2.08348153785443,-0.08414137865352485,-6.256975561380386,-0.13223495671188013,-0.29007245682162136,-0.7313817107442668,0.33798970829107566
7.494285583496094,-18.73230499267811,1.0351268863669247,2.008349448442459,4.5327348709106445,0.18305444717407227,0.8806488513946533,-11.104583726359,-7.246359283235246,-40.43393555360873,13.234866948627086,0.1103849858045578,0.6645940542221069,1.7328600883483887,-2.08348153785443,-0.08414137865352485,-6.256975561380386,-0.13223495671188013,-0.29007245682162136,-0.7313817107442668,0.33798970829107566
7.500176906585693,-18.792577209474985,1.011953077315411,2.0079443752765656,4.566330909729004,0.17026376724243164,0.9121664762496948,-12.519617308802513,-7.717684161109325,-40.111268751340404,14.674852659211448,0.1907118856906891,0.6932825446128845,1.7262563705444336,-2.083731862917025,-0.07769564753781676,-6.350799304246903,-0.16472829949138468,-0.3006597346170898,-0.7255458578049262,0.3412218907541755
7.506207227706909,-18.792577209474985,1.011953077315411,2.0079443752765656,4.566330909729004,0.17026376724243164,0.9121664762496948,-12.519617308802513,-7.717684161109325,-40.111268751340404,14.674852659211448,0.1907118856906891,0.6932825446128845,1.7262563705444336,-2.083731862917025,-0.07769564753781676,-6.350799304246903,-0.16472829949138468,-0.3006597346170898,-0.7255458578049262,0.3412218907541755
7.511510610580444,-18.852811279299203,0.9870800590506406,2.007431536912918,4.605717658996582,0.15953278541564941,0.9391360878944397,-13.947638294265323,-8.158471027043891,-39.71159364132536,16.11755234984565,0.2710095942020416,0.7207751870155334,1.7159667015075684,-2.0839301053810866,-0.07218314254968951,-6.430785030126572,-0.19745546534015238,-0.3106542260093729,-0.7183172084701769,0.3444396868791867
7.516996145248413,-18.852811279299203,0.9870800590506406,2.007431536912918,4.605717658996582,0.15953278541564941,0.9391360878944397,-13.947638294265323,-8.158471027043891,-39.71159364132536,16.11755234984565,0.2710095942020416,0.7207751870155334,1.7159667015075684,-2.0839301053810866,-0.07218314254968951,-6.430785030126572,-0.19745546534015238,-0.3106542260093729,-0.7183172084701769,0.3444396868791867
7.5218658447265625,-18.852811279299203,0.9870800590506406,2.007431536912918,4.605717658996582,0.15953278541564941,0.9391360878944397,-13.947638294265323,-8.158471027043891,-39.71159364132536,16.11755234984565,0.2710095942020416,0.7207751870155334,1.7159667015075684,-2.0839301053810866,-0.07218314254968951,-6.430785030126572,-0.19745546534015238,-0.3106542260093729,-0.7183172084701769,0.3444396868791867
7.527574777603149,-18.913047256472055,0.9604979968062253,2.006762534379959,4.6511077880859375,0.15147137641906738,0.9604980945587158,-15.388289218581022,-8.560702073388594,-39.2219934553367,17.55880961649809,0.38426902890205383,0.7594618797302246,1.6989957094192505,-2.0840749862639916,-0.06787150956565255,-6.493666845560075,-0.2304022364261537,-0.3199035761193631,-0.7094621460205618,0.347587302227846
7.533192873001099,-18.913047256472055,0.9604979968062253,2.006762534379959,4.6511077880859375,0.15147137641906738,0.9604980945587158,-15.388289218581022,-8.560702073388594,-39.2219934553367,17.55880961649809,0.38426902890205383,0.7594618797302246,1.6989957094192505,-2.0840749862639916,-0.06787150956565255,-6.493666845560075,-0.2304022364261537,-0.3199035761193631,-0.7094621460205618,0.347587302227846
7.53874659538269,-18.913047256472055,0.9604979968062253,2.006762534379959,4.6511077880859375,0.15147137641906738,0.9604980945587158,-15.388289218581022,-8.560702073388594,-39.2219934553367,17.55880961649809,0.38426902890205383,0.7594618797302246,1.6989957094192505,-2.0840749862639916,-0.06787150956565255,-6.493666845560075,-0.2304022364261537,-0.3199035761193631,-0.7094621460205618,0.347587302227846
7.543432235717773,-18.973281326296274,0.9321972346297116,2.005898505449295,4.702341079711914,0.14579367637634277,0.9758229851722717,-16.836513744038395,-8.922236282988111,-38.64843221997371,18.99384690735484,0.45770299434661865,0.7805593013763428,1.6801584959030151,-2.084178372924205,-0.06461888282066089,-6.538086265325546,-0.26344999149715653,-0.32836330417441056,-0.6990885377108307,0.3506360468403896
7.548645973205566,-18.973281326296274,0.9321972346297116,2.005898505449295,4.702341079711914,0.14579367637634277,0.9758229851722717,-16.836513744038395,-8.922236282988111,-38.64843221997371,18.99384690735484,0.45770299434661865,0.7805593013763428,1.6801584959030151,-2.084178372924205,-0.06461888282066089,-6.538086265325546,-0.26344999149715653,-0.32836330417441056,-0.6990885377108307,0.3506360468403896
7.5543293952941895,-19.03355354309315,0.9021972632399411,2.0047850906848907,4.7591047286987305,0.1417865753173828,0.9852025508880615,-18.28612892499226,-9.246999475229645,-38.01136541459793,20.419633038021015,0.5259026288986206,0.7987073659896851,1.6590608358383179,-2.084255077617646,-0.06209558444074732,-6.564220815896988,-0.29644511528185746,-0.3361001245656934,-0.6875663477533498,0.3535826716844662
7.560595512390137,-19.03355354309315,0.9021972632399411,2.0047850906848907,4.7591047286987305,0.1417865753173828,0.9852025508880615,-18.28612892499226,-9.246999475229645,-38.01136541459793,20.419633038021015,0.5259026288986206,0.7987073659896851,1.6590608358383179,-2.084255077617646,-0.06209558444074732,-6.564220815896988,-0.29644511528185746,-0.3361001245656934,-0.6875663477533498,0.3535826716844662
7.566254377365112,-19.093865814211313,0.870498023032269,2.0033788979053497,4.8212175369262695,0.13939976692199707,0.987957239151001,-19.73530768840177,-9.531406224503648,-37.30814000618302,21.833506752981027,0.6018528938293457,0.8187546730041504,1.634882926940918,-2.0843088021687652,-0.06026530829410202,-6.569953733682633,-0.3293492014169428,-0.3430586312362899,-0.6748475925610989,0.3563823696376599
7.571263313293457,-19.093865814211313,0.870498023032269,2.0033788979053497,4.8212175369262695,0.13939976692199707,0.987957239151001,-19.73530768840177,-9.531406224503648,-37.30814000618302,21.833506752981027,0.6018528938293457,0.8187546730041504,1.634882926940918,-2.0843088021687652,-0.06026530829410202,-6.569953733682633,-0.3293492014169428,-0.3430586312362899,-0.6748475925610989,0.3563823696376599
7.5759148597717285,-19.093865814211313,0.870498023032269,2.0033788979053497,4.8212175369262695,0.13939976692199707,0.987957239151001,-19.73530768840177,-9.531406224503648,-37.30814000618302,21.833506752981027,0.6018528938293457,0.8187546730041504,1.634882926940918,-2.0843088021687652,-0.06026530829410202,-6.569953733682633,-0.3293492014169428,-0.3430586312362899,-0.6748475925610989,0.3563823696376599
7.581149101257324,-19.15429634094471,0.8371093487730832,2.001635581254959,4.888598918914795,0.13924741744995117,0.9829506874084473,-21.182401602163413,-9.767383645057238,-36.52027365281868,23.231466693510562,0.7184465527534485,0.8480926752090454,1.602216124534607,-2.0843344843982443,-0.059370424710309455,-6.551796108484268,-0.36214103459501074,-0.3491116791591354,-0.6605979947042192,0.3589594412824657
7.587493419647217,-19.15429634094471,0.8371093487730832,2.001635581254959,4.888598918914795,0.13924741744995117,0.9829506874084473,-21.182401602163413,-9.767383645057238,-36.52027365281868,23.231466693510562,0.7184465527534485,0.8480926752090454,1.602216124534607,-2.0843344843982443,-0.059370424710309455,-6.551796108484268,-0.36214103459501074,-0.3491116791591354,-0.6605979947042192,0.3589594412824657
7.593040704727173,-19.15429634094471,0.8371093487730832,2.001635581254959,4.888598918914795,0.13924741744995117,0.9829506874084473,-21.182401602163413,-9.767383645057238,-36.52027365281868,23.231466693510562,0.7184465527534485,0.8480926752090454,1.602216124534607,-2.0843344843982443,-0.059370424710309455,-6.551796108484268,-0.36214103459501074,-0.3491116791591354,-0.6605979947042192,0.3589594412824657
7.598483562469482,-19.21484321594471,0.80205079078587,1.999487191438675,4.960710525512695,0.14099550247192383,0.9697375297546387,-22.621411474284088,-9.95285738614114,-35.653086197058165,24.60845640309727,0.7939605116844177,0.8636148571968079,1.5693323612213135,-2.084338139131509,-0.059241977885389464,-6.508289533853532,-0.39469218182252225,-0.3542346274890067,-0.6449137705228581,0.36126556417501177
7.6033265590667725,-19.21484321594471,0.80205079078587,1.999487191438675,4.960710525512695,0.14099550247192383,0.9697375297546387,-22.621411474284088,-9.95285738614114,-35.653086197058165,24.60845640309727,0.7939605116844177,0.8636148571968079,1.5693323612213135,-2.084338139131509,-0.059241977885389464,-6.508289533853532,-0.39469218182252225,-0.3542346274890067,-0.6449137705228581,0.36126556417501177
7.6089606285095215,-19.275506439211313,0.7653515553465695,1.9968846142292023,5.036890029907227,0.1436762809753418,0.9484144449234009,-24.04758802507258,-10.09267944335135,-34.72782673546992,25.96312734908298,0.864103376865387,0.8756042718887329,1.5355769395828247,-2.084332069192708,-0.059455155510862515,-6.439635640382766,-0.4268897715606222,-0.3585318845789592,-0.6281792378389773,0.36328559540742245
7.613581657409668,-19.275506439211313,0.7653515553465695,1.9968846142292023,5.036890029907227,0.1436762809753418,0.9484144449234009,-24.04758802507258,-10.09267944335135,-34.72782673546992,25.96312734908298,0.864103376865387,0.8756042718887329,1.5355769395828247,-2.084332069192708,-0.059455155510862515,-6.439635640382766,-0.4268897715606222,-0.3585318845789592,-0.6281792378389773,0.36328559540742245
7.618510961532593,-19.275506439211313,0.7653515553465695,1.9968846142292023,5.036890029907227,0.1436762809753418,0.9484144449234009,-24.04758802507258,-10.09267944335135,-34.72782673546992,25.96312734908298,0.864103376865387,0.8756042718887329,1.5355769395828247,-2.084332069192708,-0.059455155510862515,-6.439635640382766,-0.4268897715606222,-0.3585318845789592,-0.6281792378389773,0.36328559540742245
7.624600410461426,-19.336327972414438,0.7270410275450558,1.9937744438648224,5.116588592529297,0.14703702926635742,0.9185149669647217,-25.458154984741608,-10.18539366161576,-33.74257118607439,27.29335440852,0.941582202911377,0.8877178430557251,1.4995388984680176,-2.084319397312051,-0.05989774762631626,-6.344338899850845,-0.4586890724344779,-0.36200885938703936,-0.6103595971027103,0.36496933778560103
7.630433797836304,-19.336327972414438,0.7270410275450558,1.9937744438648224,5.116588592529297,0.14703702926635742,0.9185149669647217,-25.458154984741608,-10.18539366161576,-33.74257118607439,27.29335440852,0.941582202911377,0.8877178430557251,1.4995388984680176,-2.084319397312051,-0.05989774762631626,-6.344338899850845,-0.4586890724344779,-0.36200885938703936,-0.6103595971027103,0.36496933778560103
7.635114908218384,-19.397382202150766,0.6871386384955258,1.9901025593280792,5.199153900146484,0.15087652206420898,0.8795725107192993,-26.849727030504194,-10.228837891909519,-32.69274980401183,28.596294141269787,1.0264127254486084,0.8994758725166321,1.4603475332260132,-2.084302430207546,-0.060485284267279164,-6.220902138948441,-0.4900393274151993,-0.3646631934596902,-0.5913721984759444,0.36626033708808425
7.640609264373779,-19.397382202150766,0.6871386384955258,1.9901025593280792,5.199153900146484,0.15087652206420898,0.8795725107192993,-26.849727030504194,-10.228837891909519,-32.69274980401183,28.596294141269787,1.0264127254486084,0.8994758725166321,1.4603475332260132,-2.084302430207546,-0.060485284267279164,-6.220902138948441,-0.4900393274151993,-0.3646631934596902,-0.5913721984759444,0.36626033708808425
7.646252155303955,-19.397382202150766,0.6871386384955258,1.9901025593280792,5.199153900146484,0.15087652206420898,0.8795725107192993,-26.849727030504194,-10.228837891909519,-32.69274980401183,28.596294141269787,1.0264127254486084,0.8994758725166321,1.4603475332260132,-2.084302430207546,-0.060485284267279164,-6.220902138948441,-0.4900393274151993,-0.3646631934596902,-0.5913721984759444,0.36626033708808425
7.652396202087402,-19.458592834474985,0.6457030987730832,1.985810548067093,5.283902168273926,0.15549993515014648,0.8310796618461609,-28.215827526744636,-10.219161574957733,-31.56525093461727,29.86578678414401,1.1455051898956299,0.9123084545135498,1.4102751016616821,-2.0842775045868143,-0.061338194099084364,-6.06769797205925,-0.5208339937288174,-0.3664687855816592,-0.570979900462008,0.36708507737856305
7.65805196762085,-19.458592834474985,0.6457030987730832,1.985810548067093,5.283902168273926,0.15549993515014648,0.8310796618461609,-28.215827526744636,-10.219161574957733,-31.56525093461727,29.86578678414401,1.1455051898956299,0.9123084545135498,1.4102751016616821,-2.0842775045868143,-0.061338194099084364,-6.06769797205925,-0.5208339937288174,-0.3664687855816592,-0.570979900462008,0.36708507737856305
7.663371324539185,-19.52003807068104,0.6027636742583127,1.9808397591114044,5.369813919067383,0.16048049926757812,0.7729803919792175,-29.549124088939138,-10.155661535921574,-30.369946831609255,31.095972994535526,1.2189313173294067,0.9178690910339355,1.3615880012512207,-2.0842493005360794,-0.06228919165344606,-5.884452742338181,-0.5509241257934064,-0.3674387915796497,-0.5493612557365287,0.3673894374719117
7.668833494186401,-19.52003807068104,0.6027636742583127,1.9808397591114044,5.369813919067383,0.16048049926757812,0.7729803919792175,-29.549124088939138,-10.155661535921574,-30.369946831609255,31.095972994535526,1.2189313173294067,0.9178690910339355,1.3615880012512207,-2.0842493005360794,-0.06228919165344606,-5.884452742338181,-0.5509241257934064,-0.3674387915796497,-0.5493612557365287,0.3673894374719117
7.676132440567017,-19.581679763796274,0.5583788967123837,1.9751464426517487,5.455935478210449,0.16516733169555664,0.705439567565918,-30.84520584806964,-10.040879810695825,-29.11723825097441,32.28457465324818,1.3166964054107666,0.9218699336051941,1.3052520751953125,-2.0842250423046145,-0.06309566714367097,-5.671582299470902,-0.5802295401025809,-0.3676570908903606,-0.5267043756328369,0.36713883488841964
7.6815526485443115,-19.581679763796274,0.5583788967123837,1.9751464426517487,5.455935478210449,0.16516733169555664,0.705439567565918,-30.84520584806964,-10.040879810695825,-29.11723825097441,32.28457465324818,1.3166964054107666,0.9218699336051941,1.3052520751953125,-2.0842250423046145,-0.06309566714367097,-5.671582299470902,-0.5802295401025809,-0.3676570908903606,-0.5267043756328369,0.36713883488841964
7.686935901641846,-19.581679763796274,0.5583788967123837,1.9751464426517487,5.455935478210449,0.16516733169555664,0.705439567565918,-30.84520584806964,-10.040879810695825,-29.11723825097441,32.28457465324818,1.3166964054107666,0.9218699336051941,1.3052520751953125,-2.0842250423046145,-0.06309566714367097,-5.671582299470902,-0.5802295401025809,-0.3676570908903606,-0.5267043756328369,0.36713883488841964
7.693248510360718,-19.64355415344471,0.5126074171057553,1.9686767160892487,5.541225433349609,0.1695704460144043,0.6285234689712524,-32.096152862400146,-9.873325776364704,-27.80072857454378,33.424692277960084,1.4089819192886353,0.9232845306396484,1.2445688247680664,-2.0842042126301794,-0.06378001439785526,-5.4291884958744046,-0.6086221874563061,-0.36714498346818253,-0.5028935689094383,0.36627485966382956
7.699069023132324,-19.64355415344471,0.5126074171057553,1.9686767160892487,5.541225433349609,0.1695704460144043,0.6285234689712524,-32.096152862400146,-9.873325776364704,-27.80072857454378,33.424692277960084,1.4089819192886353,0.9232845306396484,1.2445688247680664,-2.0842042126301794,-0.06378001439785526,-5.4291884958744046,-0.6086221874563061,-0.36714498346818253,-0.5028935689094383,0.36627485966382956
7.704816579818726,-19.70562500000233,0.46552734732540557,1.9613867104053497,5.624612808227539,0.17261791229248047,0.5425442457199097,-33.30111946663138,-9.655835559910056,-26.440572805083505,34.51721576483338,1.4612995386123657,0.9237783551216125,1.191644310951233,-2.084198589110597,-0.06396351562705654,-5.158128815889359,-0.6360892987351193,-0.36598519422431786,-0.4782933652647972,0.36477702810644763
7.710306167602539,-19.70562500000233,0.46552734732540557,1.9613867104053497,5.624612808227539,0.17261791229248047,0.5425442457199097,-33.30111946663138,-9.655835559910056,-26.440572805083505,34.51721576483338,1.4612995386123657,0.9237783551216125,1.191644310951233,-2.084198589110597,-0.06396351562705654,-5.158128815889359,-0.6360892987351193,-0.36598519422431786,-0.4782933652647972,0.36477702810644763
7.715619802474976,-19.70562500000233,0.46552734732540557,1.9613867104053497,5.624612808227539,0.17261791229248047,0.5425442457199097,-33.30111946663138,-9.655835559910056,-26.440572805083505,34.51721576483338,1.4612995386123657,0.9237783551216125,1.191644310951233,-2.084198589110597,-0.06396351562705654,-5.158128815889359,-0.6360892987351193,-0.36598519422431786,-0.4782933652647972,0.36477702810644763
7.721291780471802,-19.76792854309315,0.41719724893482635,1.953227549791336,5.705075263977051,0.17344951629638672,0.4480518102645874,-34.45936713688275,-9.392073197424647,-25.037926653143167,35.56318069373982,1.547219157218933,0.9209905862808228,1.1330235004425049,-2.084216848414169,-0.06336575548737079,-4.8599650204181675,-0.6626656425257955,-0.3642986395732446,-0.4529246672422191,0.3626404565654764
7.7278032302856445,-19.76792854309315,0.41719724893482635,1.953227549791336,5.705075263977051,0.17344951629638672,0.4480518102645874,-34.45936713688275,-9.392073197424647,-25.037926653143167,35.56318069373982,1.547219157218933,0.9209905862808228,1.1330235004425049,-2.084216848414169,-0.06336575548737079,-4.8599650204181675,-0.6626656425257955,-0.3642986395732446,-0.4529246672422191,0.3626404565654764
7.733595609664917,-19.799140396120492,0.3925878918162198,1.9488183557987213,5.743865966796875,0.17302989959716797,0.39781737327575684,-35.01861450993783,-9.243010922981963,-24.317079127328892,36.066702258899284,1.5840572118759155,0.9195089340209961,1.103946566581726,-2.084234391204602,-0.06278608685017914,-4.701325160264969,-0.6755918542274852,-0.3632773394630972,-0.4398871929102879,0.3613254976150536
7.738711357116699,-19.799140396120492,0.3925878918162198,1.9488183557987213,5.743865966796875,0.17302989959716797,0.39781737327575684,-35.01861450993783,-9.243010922981963,-24.317079127328892,36.066702258899284,1.5840572118759155,0.9195089340209961,1.103946566581726,-2.084234391204602,-0.06278608685017914,-4.701325160264969,-0.6755918542274852,-0.3632773394630972,-0.4398871929102879,0.3613254976150536
7.744412183761597,-19.89312500000233,0.3171191430083127,1.9342088997364044,5.853148460388184,0.16658735275268555,0.23600459098815918,-36.62290694359715,-8.73270935110802,-22.10390611521948,37.507368671419016,1.6814380884170532,0.9137874245643616,1.0228503942489624,-2.0843358460646053,-0.059322601022903765,-4.189589792490006,-0.7130818227410826,-0.35965020863553365,-0.39985905200086824,0.3564167491496229
7.7501537799835205,-19.89312500000233,0.3171191430083127,1.9342088997364044,5.853148460388184,0.16658735275268555,0.23600459098815918,-36.62290694359715,-8.73270935110802,-22.10390611521948,37.507368671419016,1.6814380884170532,0.9137874245643616,1.0228503942489624,-2.0843358460646053,-0.059322601022903765,-4.189589792490006,-0.7130818227410826,-0.35965020863553365,-0.39985905200086824,0.3564167491496229
7.755551815032959,-19.89312500000233,0.3171191430083127,1.9342088997364044,5.853148460388184,0.16658735275268555,0.23600459098815918,-36.62290694359715,-8.73270935110802,-22.10390611521948,37.507368671419016,1.6814380884170532,0.9137874245643616,1.0228503942489624,-2.0843358460646053,-0.059322601022903765,-4.189589792490006,-0.7130818227410826,-0.35965020863553365,-0.39985905200086824,0.3564167491496229
7.760949611663818,-19.955975952150766,0.26555662512691924,1.923310548067093,5.91804313659668,0.1568164825439453,0.12153232097625732,-37.623935451783645,-8.342901388287974,-20.576677075880557,38.403740474505106,1.7584354877471924,0.9060576558113098,0.96300208568573,-2.0844482053515754,-0.055233770363534676,-3.8265559494495394,-0.7369942032843044,-0.3568269991465642,-0.3722371088210405,0.3524398421073809
7.766505002975464,-19.955975952150766,0.26555662512691924,1.923310548067093,5.91804313659668,0.1568164825439453,0.12153232097625732,-37.623935451783645,-8.342901388287974,-20.576677075880557,38.403740474505106,1.7584354877471924,0.9060576558113098,0.96300208568573,-2.0844482053515754,-0.055233770363534676,-3.8265559494495394,-0.7369942032843044,-0.3568269991465642,-0.3722371088210405,0.3524398421073809
7.771944046020508,-19.9874605560326,0.23943359315308044,1.9175292551517487,5.947258949279785,0.1498723030090332,0.06369411945343018,-38.100129916232625,-8.133776609494705,-19.794023363305033,38.82930010326137,1.795506477355957,0.9019627571105957,0.9302883148193359,-2.084518086683135,-0.05253033859455843,-3.642635017633438,-0.7486084396555781,-0.3552824974954841,-0.3580817884195895,0.3503019597620414
7.7779221534729,-19.9874605560326,0.23943359315308044,1.9175292551517487,5.947258949279785,0.1498723030090332,0.06369411945343018,-38.100129916232625,-8.133776609494705,-19.794023363305033,38.82930010326137,1.795506477355957,0.9019627571105957,0.9302883148193359,-2.084518086683135,-0.05253033859455843,-3.642635017633438,-0.7486084396555781,-0.3552824974954841,-0.3580817884195895,0.3503019597620414
7.78398323059082,-19.9874605560326,0.23943359315308044,1.9175292551517487,5.947258949279785,0.1498723030090332,0.06369411945343018,-38.100129916232625,-8.133776609494705,-19.794023363305033,38.82930010326137,1.795506477355957,0.9019627571105957,0.9302883148193359,-2.084518086683135,-0.05253033859455843,-3.642635017633438,-0.7486084396555781,-0.3552824974954841,-0.3580817884195895,0.3503019597620414
7.78954291343689,-20.05050796509022,0.186591795682034,1.905341774225235,5.998671054840088,0.13217830657958984,-0.05187332630157471,-38.99798094331817,-7.687942541783668,-18.19108757723297,39.62972172621332,1.8744693994522095,0.8918584585189819,0.8568447232246399,-2.0846738523040145,-0.04593495076646441,-3.2739952147006988,-0.7710759383049244,-0.35190038232127097,-0.32909058928487306,0.34577702562415125
7.7960896492004395,-20.05050796509022,0.186591795682034,1.905341774225235,5.998671054840088,0.13217830657958984,-0.05187332630157471,-38.99798094331817,-7.687942541783668,-18.19108757723297,39.62972172621332,1.8744693994522095,0.8918584585189819,0.8568447232246399,-2.0846738523040145,-0.04593495076646441,-3.2739952147006988,-0.7710759383049244,-0.35190038232127097,-0.32909058928487306,0.34577702562415125
7.8018224239349365,-20.11363166809315,0.13304687201889465,1.8923534452915192,6.041347503662109,0.10992050170898438,-0.16836750507354736,-39.829871516599425,-7.205376085292584,-16.562473011304153,40.369328417513906,1.9187235832214355,0.8882033824920654,0.7938419580459595,-2.0848348092944886,-0.037932942622335555,-2.9011336863040924,-0.7926067486352113,-0.3481352321506285,-0.29963495568757154,0.34086761958367934
7.80708384513855,-20.11363166809315,0.13304687201889465,1.8923534452915192,6.041347503662109,0.10992050170898438,-0.16836750507354736,-39.829871516599425,-7.205376085292584,-16.562473011304153,40.369328417513906,1.9187235832214355,0.8882033824920654,0.7938419580459595,-2.0848348092944886,-0.037932942622335555,-2.9011336863040924,-0.7926067486352113,-0.3481352321506285,-0.29963495568757154,0.34086761958367934
7.812776327133179,-20.176835479738656,0.07888671666296432,1.8786181509494781,6.075041770935059,0.0827798843383789,-0.2844768762588501,-40.5990807766125,-6.690426719419752,-14.911857965575786,41.05223650961794,1.9667545557022095,0.8822557926177979,0.7342749238014221,-2.0849863150924426,-0.028410492062162358,-2.5280820429325104,-0.8133355114256714,-0.34402346702134073,-0.2697814145156369,0.33566278129526417
7.818531513214111,-20.176835479738656,0.07888671666296432,1.8786181509494781,6.075041770935059,0.0827798843383789,-0.2844768762588501,-40.5990807766125,-6.690426719419752,-14.911857965575786,41.05223650961794,1.9667545557022095,0.8822557926177979,0.7342749238014221,-2.0849863150924426,-0.028410492062162358,-2.5280820429325104,-0.8133355114256714,-0.34402346702134073,-0.2697814145156369,0.33566278129526417
7.824124574661255,-20.176835479738656,0.07888671666296432,1.8786181509494781,6.075041770935059,0.0827798843383789,-0.2844768762588501,-40.5990807766125,-6.690426719419752,-14.911857965575786,41.05223650961794,1.9667545557022095,0.8822557926177979,0.7342749238014221,-2.0849863150924426,-0.028410492062162358,-2.5280820429325104,-0.8133355114256714,-0.34402346702134073,-0.2697814145156369,0.33566278129526417
7.829616546630859,-20.240039291384164,0.02422851420851657,1.8641943037509918,6.09951639175415,0.05083274841308594,-0.3982558250427246,-41.30386124494819,-6.148922739740321,-13.232066750022497,41.677638379490546,2.0234932899475098,0.8723288774490356,0.6741669178009033,-2.085107461860862,-0.01737707323261072,-2.1607822716236114,-0.8333264924109409,-0.33959281215988824,-0.2394001839897484,0.33027963468776805
7.834922552108765,-20.240039291384164,0.02422851420851657,1.8641943037509918,6.09951639175415,0.05083274841308594,-0.3982558250427246,-41.30386124494819,-6.148922739740321,-13.232066750022497,41.677638379490546,2.0234932899475098,0.8723288774490356,0.6741669178009033,-2.085107461860862,-0.01737707323261072,-2.1607822716236114,-0.8333264924109409,-0.33959281215988824,-0.2394001839897484,0.33027963468776805
7.840223789215088,-20.30324119568104,-0.030820311010756996,1.849155217409134,6.114785671234131,0.014597415924072266,-0.5080117583274841,-41.94079842137901,-5.585706327333784,-11.518526714669607,42.242692032457846,2.083649158477783,0.8597713708877563,0.6111041307449341,-2.0851739284137336,-0.004977795256222563,-1.8044441163539888,-0.8525844326978853,-0.33482569783335825,-0.20840856172897346,0.3248185834652094
7.845728874206543,-20.30324119568104,-0.030820311010756996,1.849155217409134,6.114785671234131,0.014597415924072266,-0.5080117583274841,-41.94079842137901,-5.585706327333784,-11.518526714669607,42.242692032457846,2.083649158477783,0.8597713708877563,0.6111041307449341,-2.0851739284137336,-0.004977795256222563,-1.8044441163539888,-0.8525844326978853,-0.33482569783335825,-0.20840856172897346,0.3248185834652094
7.851661920547485,-20.30324119568104,-0.030820311010756996,1.849155217409134,6.114785671234131,0.014597415924072266,-0.5080117583274841,-41.94079842137901,-5.585706327333784,-11.518526714669607,42.242692032457846,2.083649158477783,0.8597713708877563,0.6111041307449341,-2.0851739284137336,-0.004977795256222563,-1.8044441163539888,-0.8525844326978853,-0.33482569783335825,-0.20840856172897346,0.3248185834652094
7.857218503952026,-20.3663668060326,-0.08617187380878022,1.8335742056369781,6.121064186096191,-0.025101661682128906,-0.6124348044395447,-42.50598996808186,-5.004416030457591,-9.771109781629976,42.74375765864043,2.1419620513916016,0.8463062047958374,0.5442768931388855,-2.0851623368660746,0.008550970540583543,-1.4631291568279265,-0.8710686760919569,-0.32966510004839394,-0.17680423127649372,0.3193579902014512
7.862403869628906,-20.3663668060326,-0.08617187380878022,1.8335742056369781,6.121064186096191,-0.025101661682128906,-0.6124348044395447,-42.50598996808186,-5.004416030457591,-9.771109781629976,42.74375765864043,2.1419620513916016,0.8463062047958374,0.5442768931388855,-2.0851623368660746,0.008550970540583543,-1.4631291568279265,-0.8710686760919569,-0.32966510004839394,-0.17680423127649372,0.3193579902014512
7.867383718490601,-20.42937416076893,-0.14172851383773377,1.8175341188907623,6.118754863739014,-0.06729984283447266,-0.7105772495269775,-42.995965894980294,-4.408297380829877,-7.9914473854384775,43.177452734945845,2.196737766265869,0.8326706886291504,0.4740560054779053,-2.0850537522611727,0.02293338970975807,-1.1398296654224396,-0.8887200543464885,-0.3240411704886051,-0.14461669926874923,0.31395872916225087
7.872872352600098,-20.42937416076893,-0.14172851383773377,1.8175341188907623,6.118754863739014,-0.06729984283447266,-0.7105772495269775,-42.995965894980294,-4.408297380829877,-7.9914473854384775,43.177452734945845,2.196737766265869,0.8326706886291504,0.4740560054779053,-2.0850537522611727,0.02293338970975807,-1.1398296654224396,-0.8887200543464885,-0.3240411704886051,-0.14461669926874923,0.31395872916225087
7.878746032714844,-20.42937416076893,-0.14172851383773377,1.8175341188907623,6.118754863739014,-0.06729984283447266,-0.7105772495269775,-42.995965894980294,-4.408297380829877,-7.9914473854384775,43.177452734945845,2.196737766265869,0.8326706886291504,0.4740560054779053,-2.0850537522611727,0.02293338970975807,-1.1398296654224396,-0.8887200543464885,-0.3240411704886051,-0.14461669926874923,0.31395872916225087
7.884037971496582,-20.492265167238656,-0.19740233659831574,1.8011132776737213,6.108388900756836,-0.11111021041870117,-0.8017586469650269,-43.40877276181032,-3.8010456150154384,-6.180750225000174,43.54184929471007,2.248551607131958,0.8188904523849487,0.40240299701690674,-2.0848349960615455,0.03792267631682212,-0.836727958917618,-0.9054956970755624,-0.31789244090255775,-0.11186786278568117,0.3086733444771123
7.889278411865234,-20.492265167238656,-0.19740233659831574,1.8011132776737213,6.108388900756836,-0.11111021041870117,-0.8017586469650269,-43.40877276181032,-3.8010456150154384,-6.180750225000174,43.54184929471007,2.248551607131958,0.8188904523849487,0.40240299701690674,-2.0848349960615455,0.03792267631682212,-0.836727958917618,-0.9054956970755624,-0.31789244090255775,-0.11186786278568117,0.3086733444771123
7.894678115844727,-20.554959716799203,-0.253105469942966,1.784394532442093,6.090571403503418,-0.1557760238647461,-0.8854743242263794,-43.74397804368691,-3.1870938712673746,-4.339391044717065,43.836491937468615,2.2981724739074707,0.8044308423995972,0.3311087191104889,-2.0844981819524633,0.053314347213968195,-0.555487185716629,-0.9213718336973835,-0.31117135839425103,-0.0785644633993974,0.3035512833341742
7.900921583175659,-20.554959716799203,-0.253105469942966,1.784394532442093,6.090571403503418,-0.1557760238647461,-0.8854743242263794,-43.74397804368691,-3.1870938712673746,-4.339391044717065,43.836491937468615,2.2981724739074707,0.8044308423995972,0.3311087191104889,-2.0844981819524633,0.053314347213968195,-0.555487185716629,-0.9213718336973835,-0.31117135839425103,-0.0785644633993974,0.3035512833341742
7.90631365776062,-20.554959716799203,-0.253105469942966,1.784394532442093,6.090571403503418,-0.1557760238647461,-0.8854743242263794,-43.74397804368691,-3.1870938712673746,-4.339391044717065,43.836491937468615,2.2981724739074707,0.8044308423995972,0.3311087191104889,-2.0844981819524633,0.053314347213968195,-0.555487185716629,-0.9213718336973835,-0.31117135839425103,-0.0785644633993974,0.3035512833341742
7.912079334259033,-20.617616119387094,-0.30888671517459443,1.7674169838428497,6.06588888168335,-0.2007584571838379,-0.9615026712417603,-44.00272497711298,-2.5701774382177356,-2.463048477412864,44.062373640901335,2.3459012508392334,0.7886533737182617,0.26082688570022583,-2.084038790958854,0.0689739658185204,-0.29684255719184893,-0.9363651837879436,-0.30382732176114463,-0.044628343508431756,0.29862837081794413
7.917553186416626,-20.617616119387094,-0.30888671517459443,1.7674169838428497,6.06588888168335,-0.2007584571838379,-0.9615026712417603,-44.00272497711298,-2.5701774382177356,-2.463048477412864,44.062373640901335,2.3459012508392334,0.7886533737182617,0.26082688570022583,-2.084038790958854,0.0689739658185204,-0.29684255719184893,-0.9363651837879436,-0.30382732176114463,-0.044628343508431756,0.29862837081794413
7.922870874404907,-20.617616119387094,-0.30888671517459443,1.7674169838428497,6.06588888168335,-0.2007584571838379,-0.9615026712417603,-44.00272497711298,-2.5701774382177356,-2.463048477412864,44.062373640901335,2.3459012508392334,0.7886533737182617,0.26082688570022583,-2.084038790958854,0.0689739658185204,-0.29684255719184893,-0.9363651837879436,-0.30382732176114463,-0.044628343508431756,0.29862837081794413
7.928422689437866,-20.679881515505258,-0.364433594942966,1.7503271400928497,6.035107612609863,-0.24524593353271484,-1.0292514562606812,-44.18486608126512,-1.95853453168687,-0.5601351233957312,44.21928941823065,2.3913354873657227,0.7712790966033936,0.19184964895248413,-2.0834603403857073,0.08466463383166047,-0.06283448338508624,-0.950379707216161,-0.29587361645398413,-0.010211656039242659,0.2939656687670214
7.934624195098877,-20.679881515505258,-0.364433594942966,1.7503271400928497,6.035107612609863,-0.24524593353271484,-1.0292514562606812,-44.18486608126512,-1.95853453168687,-0.5601351233957312,44.21928941823065,2.3913354873657227,0.7712790966033936,0.19184964895248413,-2.0834603403857073,0.08466463383166047,-0.06283448338508624,-0.950379707216161,-0.29587361645398413,-0.010211656039242659,0.2939656687670214
7.940432071685791,-20.741836013796274,-0.4197949254521518,1.7331590950489044,5.998818397521973,-0.28873491287231445,-1.0887361764907837,-44.29202835691397,-1.3564462804107356,1.3734316005524652,44.30848237250191,2.4345483779907227,0.7521063089370728,0.12339568138122559,-2.082768705117297,0.10024774893229685,0.14652215838432303,-0.9634000385233761,-0.28728844802959935,0.02475943788811108,0.2895842412566286
7.9452598094940186,-20.741836013796274,-0.4197949254521518,1.7331590950489044,5.998818397521973,-0.28873491287231445,-1.0887361764907837,-44.29202835691397,-1.3564462804107356,1.3734316005524652,44.30848237250191,2.4345483779907227,0.7521063089370728,0.12339568138122559,-2.082768705117297,0.10024774893229685,0.14652215838432303,-0.9634000385233761,-0.28728844802959935,0.02475943788811108,0.2895842412566286
7.9508819580078125,-20.803475799562875,-0.47490234017459443,1.7159716188907623,5.957640647888184,-0.33058929443359375,-1.1399288177490234,-44.32487988712899,-0.7695692372328132,3.3373292547486013,44.330170208575225,2.475334644317627,0.7312712669372559,0.05479085445404053,-2.0819769877904557,0.11552883836063546,0.33103753924369794,-0.9753482727216685,-0.27808661639310733,0.06027910652843793,0.28550434280546033
7.95659327507019,-20.803475799562875,-0.47490234017459443,1.7159716188907623,5.957640647888184,-0.33058929443359375,-1.1399288177490234,-44.32487988712899,-0.7695692372328132,3.3373292547486013,44.330170208575225,2.475334644317627,0.7312712669372559,0.05479085445404053,-2.0819769877904557,0.11552883836063546,0.33103753924369794,-0.9753482727216685,-0.27808661639310733,0.06027910652843793,0.28550434280546033
7.962787866592407,-20.803475799562875,-0.47490234017459443,1.7159716188907623,5.957640647888184,-0.33058929443359375,-1.1399288177490234,-44.32487988712899,-0.7695692372328132,3.3373292547486013,44.330170208575225,2.475334644317627,0.7312712669372559,0.05479085445404053,-2.0819769877904557,0.11552883836063546,0.33103753924369794,-0.9753482727216685,-0.27808661639310733,0.06027910652843793,0.28550434280546033
7.968317270278931,-20.86480468750233,-0.5297069931039005,1.6988281309604645,5.91215705871582,-0.37004613876342773,-1.1828869581222534,-44.282650404133804,-0.20400181645877652,5.331012228987038,44.28302407581973,2.513446569442749,0.708380937576294,-0.01674763113260269,-2.0811073839957723,0.13025799960175083,0.490770238637924,-0.9860941626795362,-0.26831698229861284,0.0963374818045146,0.2817340127116468
7.9739203453063965,-20.86480468750233,-0.5297069931039005,1.6988281309604645,5.91215705871582,-0.37004613876342773,-1.1828869581222534,-44.282650404133804,-0.20400181645877652,5.331012228987038,44.28302407581973,2.513446569442749,0.708380937576294,-0.01674763113260269,-2.0811073839957723,0.13025799960175083,0.490770238637924,-0.9860941626795362,-0.26831698229861284,0.0963374818045146,0.2817340127116468
7.979650259017944,-20.92578071594471,-0.5841406369218021,1.6817772686481476,5.862908840179443,-0.4062018394470215,-1.2177530527114868,-44.16309185120831,0.333704850514653,7.353746550553603,44.164096035741295,2.548743724822998,0.6835753917694092,-0.09346621483564377,-2.0801931965617677,0.14412270868989113,0.6260600745677949,-0.9954569453832581,-0.25807027991785053,0.13292128885573778,0.27826839104399714
7.984970808029175,-20.92578071594471,-0.5841406369218021,1.6817772686481476,5.862908840179443,-0.4062018394470215,-1.2177530527114868,-44.16309185120831,0.333704850514653,7.353746550553603,44.164096035741295,2.548743724822998,0.6835753917694092,-0.09346621483564377,-2.0801931965617677,0.14412270868989113,0.6260600745677949,-0.9954569453832581,-0.25807027991785053,0.13292128885573778,0.27826839104399714
7.991290807723999,-20.92578071594471,-0.5841406369218021,1.6817772686481476,5.862908840179443,-0.4062018394470215,-1.2177530527114868,-44.16309185120831,0.333704850514653,7.353746550553603,44.164096035741295,2.548743724822998,0.6835753917694092,-0.09346621483564377,-2.0801931965617677,0.14412270868989113,0.6260600745677949,-0.9954569453832581,-0.25807027991785053,0.13292128885573778,0.27826839104399714
7.997119188308716,-20.986367645266,-0.6381640219697147,1.6648681461811066,5.81038236618042,-0.4381523132324219,-1.2447853088378906,-43.96366508408087,0.837061479053595,9.404528184841022,43.97000471195772,2.581066370010376,0.6575419902801514,-0.17576786875724792,-2.079276405755215,0.1567951486865975,0.73759326338768,-1.0032406126789357,-0.24747224083186226,0.17001236839744316,0.27509287683467515
8.002427101135254,-20.986367645266,-0.6381640219697147,1.6648681461811066,5.81038236618042,-0.4381523132324219,-1.2447853088378906,-43.96366508408087,0.837061479053595,9.404528184841022,43.97000471195772,2.581066370010376,0.6575419902801514,-0.17576786875724792,-2.079276405755215,0.1567951486865975,0.73759326338768,-1.0032406126789357,-0.24747224083186226,0.17001236839744316,0.27509287683467515
8.008193731307983,-21.046523513796274,-0.6917187356957584,1.648139625787735,5.754980087280273,-0.46511030197143555,-1.2643097639083862,-43.682638428378915,1.2996163457652323,11.482071172275969,43.698071352116656,2.610013723373413,0.6309182643890381,-0.26280030608177185,-2.078403195311841,0.16797395006221993,0.8262779653072356,-1.0092669280272564,-0.23667978386484875,0.20758746216164953,0.27219005273620267
8.013209342956543,-21.046523513796274,-0.6917187356957584,1.648139625787735,5.754980087280273,-0.46511030197143555,-1.2643097639083862,-43.682638428378915,1.2996163457652323,11.482071172275969,43.698071352116656,2.610013723373413,0.6309182643890381,-0.26280030608177185,-2.078403195311841,0.16797395006221993,0.8262779653072356,-1.0092669280272564,-0.23667978386484875,0.20758746216164953,0.27219005273620267
8.01888632774353,-21.046523513796274,-0.6917187356957584,1.648139625787735,5.754980087280273,-0.46511030197143555,-1.2643097639083862,-43.682638428378915,1.2996163457652323,11.482071172275969,43.698071352116656,2.610013723373413,0.6309182643890381,-0.26280030608177185,-2.078403195311841,0.16797395006221993,0.8262779653072356,-1.0092669280272564,-0.23667978386484875,0.20758746216164953,0.27219005273620267
8.024900913238525,-21.106250228884164,-0.7447558426865726,1.631635695695877,5.697051048278809,-0.4864358901977539,-1.2766786813735962,-43.31977020629576,1.7151132091885408,13.58409424154562,43.346983717803525,2.6341004371643066,0.6038527488708496,-0.35321080684661865,-2.0776202878164525,0.177395123482743,0.8930917918682098,-1.0133909622145763,-0.22587272638653413,0.24560531036023192,0.2695452292071848
8.03123664855957,-21.106250228884164,-0.7447558426865726,1.631635695695877,5.697051048278809,-0.4864358901977539,-1.2766786813735962,-43.31977020629576,1.7151132091885408,13.58409424154562,43.346983717803525,2.6341004371643066,0.6038527488708496,-0.35321080684661865,-2.0776202878164525,0.177395123482743,0.8930917918682098,-1.0133909622145763,-0.22587272638653413,0.24560531036023192,0.2695452292071848
8.036906242370605,-21.165507736208383,-0.7972265267380862,1.6153856813907623,5.636890411376953,-0.5015969276428223,-1.2822117805480957,-42.87649430334323,2.0771436498452442,15.705522134769764,42.91702637327732,2.6504273414611816,0.5760304927825928,-0.44538062810897827,-2.0769730624895626,0.18481879740627802,0.9389411151409148,-1.0154986444566418,-0.21525943143217394,0.2839741202881158,0.26714995038658623
8.042733192443848,-21.165507736208383,-0.7972265267380862,1.6153856813907623,5.636890411376953,-0.5015969276428223,-1.2822117805480957,-42.87649430334323,2.0771436498452442,15.705522134769764,42.91702637327732,2.6504273414611816,0.5760304927825928,-0.44538062810897827,-2.0769730624895626,0.18481879740627802,0.9389411151409148,-1.0154986444566418,-0.21525943143217394,0.2839741202881158,0.26714995038658623
8.04896330833435,-21.224257888796274,-0.8490820312508731,1.5994286835193634,5.574695587158203,-0.5103363990783691,-1.281375527381897,-42.356305966496414,2.380397077894111,17.842058816840144,42.41050498344424,2.6615428924560547,0.5486648082733154,-0.5368269681930542,-2.076496965493616,0.19009324679688544,0.9651549518108369,-1.0155470087713458,-0.20505061858316,0.3226161925075601,0.26499194600442494
8.054218292236328,-21.224257888796274,-0.8490820312508731,1.5994286835193634,5.574695587158203,-0.5103363990783691,-1.281375527381897,-42.356305966496414,2.380397077894111,17.842058816840144,42.41050498344424,2.6615428924560547,0.5486648082733154,-0.5368269681930542,-2.076496965493616,0.19009324679688544,0.9651549518108369,-1.0155470087713458,-0.20505061858316,0.3226161925075601,0.26499194600442494
8.060309886932373,-21.224257888796274,-0.8490820312508731,1.5994286835193634,5.574695587158203,-0.5103363990783691,-1.281375527381897,-42.356305966496414,2.380397077894111,17.842058816840144,42.41050498344424,2.6615428924560547,0.5486648082733154,-0.5368269681930542,-2.076496965493616,0.19009324679688544,0.9651549518108369,-1.0155470087713458,-0.20505061858316,0.3226161925075601,0.26499194600442494
8.066680192947388,-21.282498779299203,-0.9002831959733157,1.5837939083576202,5.510587215423584,-0.5125737190246582,-1.2746591567993164,-41.76388422347921,2.620661996210292,19.99028206110971,41.830946441055204,2.6683573722839355,0.5221657752990723,-0.6267120838165283,-2.076217488779292,0.19312179956956455,0.9731484353542328,-1.0135435334846468,-0.19544523598863622,0.3614696315545843,0.2630596925786671
8.0721116065979,-21.282498779299203,-0.9002831959733157,1.5837939083576202,5.510587215423584,-0.5125737190246582,-1.2746591567993164,-41.76388422347921,2.620661996210292,19.99028206110971,41.830946441055204,2.6683573722839355,0.5221657752990723,-0.6267120838165283,-2.076217488779292,0.19312179956956455,0.9731484353542328,-1.0135435334846468,-0.19544523598863622,0.3614696315545843,0.2630596925786671
8.077226877212524,-21.34019416809315,-0.9507812047013431,1.5685106813907623,5.444642543792725,-0.5082368850708008,-1.2625210285186768,-41.10396144886291,2.794001096981046,22.146283759156802,41.18197040567592,2.6704165935516357,0.4966471195220947,-0.715411901473999,-2.0761541835433226,0.19380117733784874,0.9642438590526581,-1.0095083854490359,-0.18664597069425753,0.4004637541551129,0.26134274005273983
8.082942008972168,-21.34019416809315,-0.9507812047013431,1.5685106813907623,5.444642543792725,-0.5082368850708008,-1.2625210285186768,-41.10396144886291,2.794001096981046,22.146283759156802,41.18197040567592,2.6704165935516357,0.4966471195220947,-0.715411901473999,-2.0761541835433226,0.19380117733784874,0.9642438590526581,-1.0095083854490359,-0.18664597069425753,0.4004637541551129,0.26134274005273983
8.089031219482422,-21.39734405517811,-1.0005273008355289,1.5536083281040192,5.376911163330078,-0.49720335006713867,-1.2454187870025635,-40.38078015476918,2.8967229221019872,24.305221957925482,40.46678511399464,2.6670804023742676,0.4724111557006836,-0.803895890712738,-2.076321748983801,0.1919976168571547,0.9397613704204559,-1.0034603064562577,-0.17886239613209295,0.43951098722826243,0.2598284629286549
8.094694137573242,-21.39734405517811,-1.0005273008355289,1.5536083281040192,5.376911163330078,-0.49720335006713867,-1.2454187870025635,-40.38078015476918,2.8967229221019872,24.305221957925482,40.46678511399464,2.6670804023742676,0.4724111557006836,-0.803895890712738,-2.076321748983801,0.1919976168571547,0.9397613704204559,-1.0034603064562577,-0.17886239613209295,0.43951098722826243,0.2598284629286549
8.100608348846436,-21.453906478884164,-1.0494921588906436,1.539106398820877,5.307610988616943,-0.47907161712646484,-1.2234708070755005,-39.59786430242338,2.925502891103654,26.462112195585195,39.68804872682103,2.6586337089538574,0.4501159191131592,-0.8931489586830139,-2.076737343693771,0.1874489143465931,0.9000209033489228,-0.9953906691273658,-0.17228655628878448,0.4785211802347753,0.25852301611024575
8.105379343032837,-21.453906478884164,-1.0494921588906436,1.539106398820877,5.307610988616943,-0.47907161712646484,-1.2234708070755005,-39.59786430242338,2.925502891103654,26.462112195585195,39.68804872682103,2.6586337089538574,0.4501159191131592,-0.8931489586830139,-2.076737343693771,0.1874489143465931,0.9000209033489228,-0.9953906691273658,-0.17228655628878448,0.4785211802347753,0.25852301611024575
8.11077356338501,-21.453906478884164,-1.0494921588906436,1.539106398820877,5.307610988616943,-0.47907161712646484,-1.2234708070755005,-39.59786430242338,2.925502891103654,26.462112195585195,39.68804872682103,2.6586337089538574,0.4501159191131592,-0.8931489586830139,-2.076737343693771,0.1874489143465931,0.9000209033489228,-0.9953906691273658,-0.17228655628878448,0.4785211802347753,0.25852301611024575
8.117020606994629,-21.509843292238656,-1.0976367378243594,1.5250536501407623,5.237183094024658,-0.4526495933532715,-1.1964470148086548,-38.75473348606087,2.871242772665789,28.608596210221304,38.84425271089629,2.6366052627563477,0.42079997062683105,-0.9985268115997314,-2.077434941828367,0.17955264590794545,0.8442444741725921,-0.9851545713039007,-0.16725787061310754,0.5173431630294139,0.2574431411256021
8.122892379760742,-21.509843292238656,-1.0976367378243594,1.5250536501407623,5.237183094024658,-0.4526495933532715,-1.1964470148086548,-38.75473348606087,2.871242772665789,28.608596210221304,38.84425271089629,2.6366052627563477,0.42079997062683105,-0.9985268115997314,-2.077434941828367,0.17955264590794545,0.8442444741725921,-0.9851545713039007,-0.16725787061310754,0.5173431630294139,0.2574431411256021
8.128667116165161,-21.509843292238656,-1.0976367378243594,1.5250536501407623,5.237183094024658,-0.4526495933532715,-1.1964470148086548,-38.75473348606087,2.871242772665789,28.608596210221304,38.84425271089629,2.6366052627563477,0.42079997062683105,-0.9985268115997314,-2.077434941828367,0.17955264590794545,0.8442444741725921,-0.9851545713039007,-0.16725787061310754,0.5173431630294139,0.2574431411256021
8.133704900741577,-21.565234603884164,-1.1449218177804141,1.5114891827106476,5.165441513061523,-0.4175229072570801,-1.1653809547424316,-37.85042418082391,2.73092128558312,30.739731593694398,37.93408077747789,2.6189310550689697,0.40717029571533203,-1.0957890748977661,-2.078401309169449,0.16799728636110764,0.7754623353481294,-0.9727209012196875,-0.1640469749496915,0.5558875456691625,0.2565274854513691
8.139162063598633,-21.565234603884164,-1.1449218177804141,1.5114891827106476,5.165441513061523,-0.4175229072570801,-1.1653809547424316,-37.85042418082391,2.73092128558312,30.739731593694398,37.93408077747789,2.6189310550689697,0.40717029571533203,-1.0957890748977661,-2.078401309169449,0.16799728636110764,0.7754623353481294,-0.9727209012196875,-0.1640469749496915,0.5558875456691625,0.2565274854513691
8.144434928894043,-21.62000030517811,-1.1913085365304141,1.4984423220157623,5.09185791015625,-0.37483692169189453,-1.131723403930664,-36.893366790191656,2.5130577297024863,32.853988280441364,36.96671343462315,2.5974836349487305,0.3999452590942383,-1.186141014099121,-2.079552766057913,0.15308619585991018,0.6979740321636201,-0.9583684652831076,-0.16261626184942757,0.5941266549085833,0.2557177715925811
8.150193214416504,-21.62000030517811,-1.1913085365304141,1.4984423220157623,5.09185791015625,-0.37483692169189453,-1.131723403930664,-36.893366790191656,2.5130577297024863,32.853988280441364,36.96671343462315,2.5974836349487305,0.3999452590942383,-1.186141014099121,-2.079552766057913,0.15308619585991018,0.6979740321636201,-0.9583684652831076,-0.16261626184942757,0.5941266549085833,0.2557177715925811
8.155710697174072,-21.674062194826547,-1.23676756858913,1.485942393541336,5.015998840332031,-0.3252429962158203,-1.096280574798584,-35.88945088425666,2.2181045983377032,34.9451402337157,35.948739062340536,2.570047378540039,0.39520788192749023,-1.2731424570083618,-2.0808102088361844,0.1349220700444877,0.6141454160213469,-0.9422611485981606,-0.16307621944466474,0.6319478846952646,0.25498906721962883
8.160602331161499,-21.674062194826547,-1.23676756858913,1.485942393541336,5.015998840332031,-0.3252429962158203,-1.096280574798584,-35.88945088425666,2.2181045983377032,34.9451402337157,35.948739062340536,2.570047378540039,0.39520788192749023,-1.2731424570083618,-2.0808102088361844,0.1349220700444877,0.6141454160213469,-0.9422611485981606,-0.16307621944466474,0.6319478846952646,0.25498906721962883
8.166037797927856,-21.674062194826547,-1.23676756858913,1.485942393541336,5.015998840332031,-0.3252429962158203,-1.096280574798584,-35.88945088425666,2.2181045983377032,34.9451402337157,35.948739062340536,2.570047378540039,0.39520788192749023,-1.2731424570083618,-2.0808102088361844,0.1349220700444877,0.6141454160213469,-0.9422611485981606,-0.16307621944466474,0.6319478846952646,0.25498906721962883
8.171737909317017,-21.727500381472055,-1.2812499189385562,1.474008709192276,4.93776273727417,-0.2682676315307617,-1.0592966079711914,-34.83883961554001,1.839747857315765,36.999281284838965,34.88125196151124,2.519244909286499,0.38883304595947266,-1.374770998954773,-2.082109225751723,0.11312056498063135,0.5246741473674774,-0.9243474443624902,-0.16571280942478525,0.6690997237030143,0.2543369044307327
8.17745566368103,-21.727500381472055,-1.2812499189385562,1.474008709192276,4.93776273727417,-0.2682676315307617,-1.0592966079711914,-34.83883961554001,1.839747857315765,36.999281284838965,34.88125196151124,2.519244909286499,0.38883304595947266,-1.374770998954773,-2.082109225751723,0.11312056498063135,0.5246741473674774,-0.9243474443624902,-0.16571280942478525,0.6690997237030143,0.2543369044307327
8.184381008148193,-21.78027290344471,-1.3247265005120425,1.4626757204532623,4.857012748718262,-0.20307588577270508,-1.0211660861968994,-33.73641838734366,1.3703564578688532,39.003705894728505,33.76094816900133,2.4636411666870117,0.3884763717651367,-1.483126163482666,-2.0833596545133917,0.08710706129710535,0.43068196177482587,-0.9044700163252586,-0.17086396808221968,0.7053523755688955,0.2537395245996393
8.189922094345093,-21.78027290344471,-1.3247265005120425,1.4626757204532623,4.857012748718262,-0.20307588577270508,-1.0211660861968994,-33.73641838734366,1.3703564578688532,39.003705894728505,33.76094816900133,2.4636411666870117,0.3884763717651367,-1.483126163482666,-2.0833596545133917,0.08710706129710535,0.43068196177482587,-0.9044700163252586,-0.17086396808221968,0.7053523755688955,0.2537395245996393
8.196112155914307,-21.832343521120492,-1.3671582126626163,1.4519677460193634,4.773392200469971,-0.1300368309020996,-0.9826157689094543,-32.58226600059533,0.8117029895063541,40.95536070940413,32.591263904853754,2.4084372520446777,0.3970348834991455,-1.5902103185653687,-2.0844065657290636,0.05678343884926318,0.33430536389350873,-0.8826815638077319,-0.17859236835172862,0.7406506163756204,0.253171843146082
8.201836585998535,-21.832343521120492,-1.3671582126626163,1.4519677460193634,4.773392200469971,-0.1300368309020996,-0.9826157689094543,-32.58226600059533,0.8117029895063541,40.95536070940413,32.591263904853754,2.4084372520446777,0.3970348834991455,-1.5902103185653687,-2.0844065657290636,0.05678343884926318,0.33430536389350873,-0.8826815638077319,-0.17859236835172862,0.7406506163756204,0.253171843146082
8.207576751708984,-21.832343521120492,-1.3671582126626163,1.4519677460193634,4.773392200469971,-0.1300368309020996,-0.9826157689094543,-32.58226600059533,0.8117029895063541,40.95536070940413,32.591263904853754,2.4084372520446777,0.3970348834991455,-1.5902103185653687,-2.0844065657290636,0.05678343884926318,0.33430536389350873,-0.8826815638077319,-0.17859236835172862,0.7406506163756204,0.253171843146082
8.213062047958374,-21.883750381472055,-1.4085253858575015,1.4419091045856476,4.68660306930542,-0.04987764358520508,-0.9442713260650635,-31.37892678637807,0.1689412108175034,42.851611189943505,31.37933445658884,2.3530025482177734,0.4144318103790283,-1.690994381904602,-2.085061791124168,0.022190479401156888,0.23737758994102487,-0.859092826176305,-0.18884970233384404,0.7749467970263318,0.25262243529062006
8.21868085861206,-21.883750381472055,-1.4085253858575015,1.4419091045856476,4.68660306930542,-0.04987764358520508,-0.9442713260650635,-31.37892678637807,0.1689412108175034,42.851611189943505,31.37933445658884,2.3530025482177734,0.4144318103790283,-1.690994381904602,-2.085061791124168,0.022190479401156888,0.23737758994102487,-0.859092826176305,-0.18884970233384404,0.7749467970263318,0.25262243529062006
8.224283456802368,-21.93445343017811,-1.448779263497272,1.432529240846634,4.596404552459717,0.03654956817626953,-0.9065696597099304,-30.130214048649755,-0.5518695503763464,44.687698529107834,30.134792869272236,2.294487237930298,0.43910670280456543,-1.7837926149368286,-2.085113949414839,-0.01658035396571986,0.14115634560585022,-0.8338248473186813,-0.20154623012934875,0.8081548482414608,0.2520941136485248
8.229022741317749,-21.93445343017811,-1.448779263497272,1.432529240846634,4.596404552459717,0.03654956817626953,-0.9065696597099304,-30.130214048649755,-0.5518695503763464,44.687698529107834,30.134792869272236,2.294487237930298,0.43910670280456543,-1.7837926149368286,-2.085113949414839,-0.01658035396571986,0.14115634560585022,-0.8338248473186813,-0.20154623012934875,0.8081548482414608,0.2520941136485248
8.234813928604126,-21.93445343017811,-1.448779263497272,1.432529240846634,4.596404552459717,0.03654956817626953,-0.9065696597099304,-30.130214048649755,-0.5518695503763464,44.687698529107834,30.134792869272236,2.294487237930298,0.43910670280456543,-1.7837926149368286,-2.085113949414839,-0.01658035396571986,0.14115634560585022,-0.8338248473186813,-0.20154623012934875,0.8081548482414608,0.2520941136485248
8.239559650421143,-21.984414520266,-1.4878906393059879,1.4238524734973907,4.502625465393066,0.1284322738647461,-0.8697648644447327,-28.839644644992518,-1.3452707702194386,46.457251866166175,28.868313595538268,2.230881929397583,0.4694981575012207,-1.8694285154342651,-2.0843321248332147,-0.05945320487772316,0.04636014103889474,-0.8069720729682127,-0.21659347295300838,0.8401595446366122,0.2515987548333402
8.244527578353882,-21.984414520266,-1.4878906393059879,1.4238524734973907,4.502625465393066,0.1284322738647461,-0.8697648644447327,-28.839644644992518,-1.3452707702194386,46.457251866166175,28.868313595538268,2.230881929397583,0.4694981575012207,-1.8694285154342651,-2.0843321248332147,-0.05945320487772316,0.04636014103889474,-0.8069720729682127,-0.21659347295300838,0.8401595446366122,0.2515987548333402
8.249576091766357,-21.984414520266,-1.4878906393059879,1.4238524734973907,4.502625465393066,0.1284322738647461,-0.8697648644447327,-28.839644644992518,-1.3452707702194386,46.457251866166175,28.868313595538268,2.230881929397583,0.4694981575012207,-1.8694285154342651,-2.0843321248332147,-0.05945320487772316,0.04636014103889474,-0.8069720729682127,-0.21659347295300838,0.8401595446366122,0.2515987548333402
8.255250215530396,-22.033671798708383,-1.52583006858913,1.4159130156040192,4.405135154724121,0.2250652313232422,-0.833972156047821,-27.509425005295526,-2.2069468215359396,48.15314678117299,27.59092148448815,2.161738872528076,0.5046162605285645,-1.9499000310897827,-2.082463664371611,-0.10639631926875479,-0.04672695994377163,-0.778583369020904,-0.23392081197542405,0.8708320317192013,0.2511531813338801
8.260923862457275,-22.033671798708383,-1.52583006858913,1.4159130156040192,4.405135154724121,0.2250652313232422,-0.833972156047821,-27.509425005295526,-2.2069468215359396,48.15314678117299,27.59092148448815,2.161738872528076,0.5046162605285645,-1.9499000310897827,-2.082463664371611,-0.10639631926875479,-0.04672695994377163,-0.778583369020904,-0.23392081197542405,0.8708320317192013,0.2511531813338801
8.26692247390747,-22.058045806887094,-1.5443554306039005,1.4122313559055328,4.354971885681152,0.2749052047729492,-0.8164170384407043,-26.83054743598501,-2.6623969951421653,48.97285659893869,26.952564396283442,2.1325104236602783,0.5204063653945923,-1.9862401485443115,-2.0810378402970344,-0.13136436896598544,-0.09276532530784598,-0.7638385485165136,-0.2434124690402737,0.8856575604559205,0.2509588830286873
8.272603988647461,-22.058045806887094,-1.5443554306039005,1.4122313559055328,4.354971885681152,0.2749052047729492,-0.8164170384407043,-26.83054743598501,-2.6623969951421653,48.97285659893869,26.952564396283442,2.1325104236602783,0.5204063653945923,-1.9862401485443115,-2.0810378402970344,-0.13136436896598544,-0.09276532530784598,-0.7638385485165136,-0.2434124690402737,0.8856575604559205,0.2509588830286873
8.278215408325195,-22.106250228884164,-1.5804882431039005,1.4054540693759918,4.251701354980469,0.37751030921936035,-0.782166600227356,-25.441308109300763,-3.620301762188944,50.54567029073568,25.68060864921027,2.056445837020874,0.5621510744094849,-2.0625486373901367,-2.0770086483191896,-0.18441845078318417,-0.18331752419471758,-0.7331378025132426,-0.2640522973771431,0.9141039619505368,0.2506227234046522
8.283819198608398,-22.106250228884164,-1.5804882431039005,1.4054540693759918,4.251701354980469,0.37751030921936035,-0.782166600227356,-25.441308109300763,-3.620301762188944,50.54567029073568,25.68060864921027,2.056445837020874,0.5621510744094849,-2.0625486373901367,-2.0770086483191896,-0.18441845078318417,-0.18331752419471758,-0.7331378025132426,-0.2640522973771431,0.9141039619505368,0.2506227234046522
8.289745569229126,-22.106250228884164,-1.5804882431039005,1.4054540693759918,4.251701354980469,0.37751030921936035,-0.782166600227356,-25.441308109300763,-3.620301762188944,50.54567029073568,25.68060864921027,2.056445837020874,0.5621510744094849,-2.0625486373901367,-2.0770086483191896,-0.18441845078318417,-0.18331752419471758,-0.7331378025132426,-0.2640522973771431,0.9141039619505368,0.2506227234046522
8.295610666275024,-22.153748931887094,-1.615371026993671,1.3994872868061066,4.144628047943115,0.48259639739990234,-0.7483599185943604,-24.02264251601025,-4.638287911272469,52.046371596978965,24.440230859052214,2.0042431354522705,0.5944910049438477,-2.1236822605133057,-2.071186522263964,-0.2411669135144405,-0.2739973604679107,-0.7011438511993249,-0.28668944976069827,0.9412461162333606,0.2504278656658964
8.301718711853027,-22.153748931887094,-1.615371026993671,1.3994872868061066,4.144628047943115,0.48259639739990234,-0.7483599185943604,-24.02264251601025,-4.638287911272469,52.046371596978965,24.440230859052214,2.0042431354522705,0.5944910049438477,-2.1236822605133057,-2.071186522263964,-0.2411669135144405,-0.2739973604679107,-0.7011438511993249,-0.28668944976069827,0.9412461162333606,0.2504278656658964
8.307188272476196,-22.20054573059315,-1.6489941263207584,1.3943603336811066,4.033756256103516,0.5894026756286621,-0.7149102687835693,-22.575209787122084,-5.709828645789574,53.46971067951774,23.2494382478782,1.9392225742340088,0.6363523006439209,-2.181333541870117,-2.063270427918886,-0.3014800680930578,-0.3651177942752839,-0.6678649114970392,-0.31115846001950437,0.9669890730858136,0.25039378636616483
8.312873840332031,-22.20054573059315,-1.6489941263207584,1.3943603336811066,4.033756256103516,0.5894026756286621,-0.7149102687835693,-22.575209787122084,-5.709828645789574,53.46971067951774,23.2494382478782,1.9392225742340088,0.6363523006439209,-2.181333541870117,-2.063270427918886,-0.3014800680930578,-0.3651177942752839,-0.6678649114970392,-0.31115846001950437,0.9669890730858136,0.25039378636616483
8.318987131118774,-22.24664062500233,-1.6813085460671573,1.390107423067093,3.919006586074829,0.6976706981658936,-0.6819068789482117,-21.09085467627445,-6.830034520629839,54.799789686371575,22.121149612300744,1.858033537864685,0.6895233392715454,-2.2409844398498535,-2.0529033454465506,-0.36546264437878806,-0.4564727246761322,-0.6330745676141258,-0.33739277161860215,0.9910452989731253,0.25051999695237587
8.324634552001953,-22.24664062500233,-1.6813085460671573,1.390107423067093,3.919006586074829,0.6976706981658936,-0.6819068789482117,-21.09085467627445,-6.830034520629839,54.799789686371575,22.121149612300744,1.858033537864685,0.6895233392715454,-2.2409844398498535,-2.0529033454465506,-0.36546264437878806,-0.4564727246761322,-0.6330745676141258,-0.33739277161860215,0.9910452989731253,0.25051999695237587
8.330555438995361,-22.24664062500233,-1.6813085460671573,1.390107423067093,3.919006586074829,0.6976706981658936,-0.6819068789482117,-21.09085467627445,-6.830034520629839,54.799789686371575,22.121149612300744,1.858033537864685,0.6895233392715454,-2.2409844398498535,-2.0529033454465506,-0.36546264437878806,-0.4564727246761322,-0.6330745676141258,-0.33739277161860215,0.9910452989731253,0.25051999695237587
8.336823463439941,-22.292029800417367,-1.712294855118671,1.386752873659134,3.8003036975860596,0.8071091175079346,-0.6492129564285278,-19.560467339139194,-7.99665828029788,56.02330348400018,21.072528291977086,1.7666136026382446,0.7510392665863037,-2.3043315410614014,-2.0396868295304578,-0.4331890206618426,-0.5485163033008575,-0.596518279208428,-0.36535391156355257,1.0131741530790304,0.25082057868532426
8.342125415802002,-22.292029800417367,-1.712294855118671,1.386752873659134,3.8003036975860596,0.8071091175079346,-0.6492129564285278,-19.560467339139194,-7.99665828029788,56.02330348400018,21.072528291977086,1.7666136026382446,0.7510392665863037,-2.3043315410614014,-2.0396868295304578,-0.4331890206618426,-0.5485163033008575,-0.596518279208428,-0.36535391156355257,1.0131741530790304,0.25082057868532426
8.346853494644165,-22.336718978884164,-1.7419238471993594,1.384321242570877,3.6776444911956787,0.9173023700714111,-0.6164559125900269,-17.97623111359683,-9.208618803940055,57.13212663509662,20.128040862656313,1.6710865497589111,0.8180770874023438,-2.369960308074951,-2.023194281154349,-0.5046384754319806,-0.6424104988574983,-0.557974744721475,-0.3949807717957743,1.0332286761971359,0.251327507607778
8.352340698242188,-22.336718978884164,-1.7419238471993594,1.384321242570877,3.6776444911956787,0.9173023700714111,-0.6164559125900269,-17.97623111359683,-9.208618803940055,57.13212663509662,20.128040862656313,1.6710865497589111,0.8180770874023438,-2.369960308074951,-2.023194281154349,-0.5046384754319806,-0.6424104988574983,-0.557974744721475,-0.3949807717957743,1.0332286761971359,0.251327507607778
8.35887598991394,-22.336718978884164,-1.7419238471993594,1.384321242570877,3.6776444911956787,0.9173023700714111,-0.6164559125900269,-17.97623111359683,-9.208618803940055,57.13212663509662,20.128040862656313,1.6710865497589111,0.8180770874023438,-2.369960308074951,-2.023194281154349,-0.5046384754319806,-0.6424104988574983,-0.557974744721475,-0.3949807717957743,1.0332286761971359,0.251327507607778
8.364585638046265,-22.38074249267811,-1.7701464080819278,1.3828319609165192,3.5512635707855225,1.0275616645812988,-0.583175539970398,-16.333274515914454,-10.462319584778422,58.119667845061386,19.319634689077258,1.573927402496338,0.8896257877349854,-2.4347140789031982,-2.0030148901766993,-0.5795743609860611,-0.7395709097385406,-0.5173024886881464,-0.4261131747841065,1.0510896561069947,0.25208212988891743
8.37004542350769,-22.38074249267811,-1.7701464080819278,1.3828319609165192,3.5512635707855225,1.0275616645812988,-0.583175539970398,-16.333274515914454,-10.462319584778422,58.119667845061386,19.319634689077258,1.573927402496338,0.8896257877349854,-2.4347140789031982,-2.0030148901766993,-0.5795743609860611,-0.7395709097385406,-0.5173024886881464,-0.4261131747841065,1.0510896561069947,0.25208212988891743
8.375993251800537,-22.424100341799203,-1.7969531202325015,1.3823144733905792,3.42142915725708,1.137136697769165,-0.5488156080245972,-14.62615436175097,-11.752603244560472,58.98017027280604,18.68224778089706,1.4744689464569092,0.9659050107002258,-2.4953038692474365,-1.9787539962081195,-0.657653185708375,-0.8417192280292514,-0.4743559091115499,-0.45852573931907664,1.066652972775957,0.25313193403819906
8.38103723526001,-22.424100341799203,-1.7969531202325015,1.3823144733905792,3.42142915725708,1.137136697769165,-0.5488156080245972,-14.62615436175097,-11.752603244560472,58.98017027280604,18.68224778089706,1.4744689464569092,0.9659050107002258,-2.4953038692474365,-1.9787539962081195,-0.657653185708375,-0.8417192280292514,-0.4743559091115499,-0.45852573931907664,1.066652972775957,0.25313193403819906
8.38706660270691,-22.466834487917367,-1.8222850942620425,1.3827783167362213,3.288621425628662,1.2451910972595215,-0.5127725601196289,-12.850079347008219,-13.071518262159392,59.70624477882695,18.251159399389714,1.3711780309677124,1.0470179319381714,-2.549213409423828,-1.9500736191335986,-0.7383684514801298,-0.9506832897663116,-0.4290163974232712,-0.4919048649445764,1.0797849839105231,0.25452740585432976
8.393216371536255,-22.466834487917367,-1.8222850942620425,1.3827783167362213,3.288621425628662,1.2451910972595215,-0.5127725601196289,-12.850079347008219,-13.071518262159392,59.70624477882695,18.251159399389714,1.3711780309677124,1.0470179319381714,-2.549213409423828,-1.9500736191335986,-0.7383684514801298,-0.9506832897663116,-0.4290163974232712,-0.4919048649445764,1.0797849839105231,0.25452740585432976
8.398744106292725,-22.466834487917367,-1.8222850942620425,1.3827783167362213,3.288621425628662,1.2451910972595215,-0.5127725601196289,-12.850079347008219,-13.071518262159392,59.70624477882695,18.251159399389714,1.3711780309677124,1.0470179319381714,-2.549213409423828,-1.9500736191335986,-0.7383684514801298,-0.9506832897663116,-0.4290163974232712,-0.4919048649445764,1.0797849839105231,0.25452740585432976
8.40443229675293,-22.5089449310326,-1.8461327934273868,1.3842529356479645,3.153730869293213,1.3515503406524658,-0.47464215755462646,-11.000334411597988,-14.40946871229591,60.28937477088731,18.05746395067687,1.262851595878601,1.1325407028198242,-2.5950865745544434,-1.9165934085803706,-0.8213676377653629,-1.0677288115024566,-0.3811629031036429,-0.5259099077729699,1.0903316557536127,0.25631056588573714
8.409401416778564,-22.5089449310326,-1.8461327934273868,1.3842529356479645,3.153730869293213,1.3515503406524658,-0.47464215755462646,-11.000334411597988,-14.40946871229591,60.28937477088731,18.05746395067687,1.262851595878601,1.1325407028198242,-2.5950865745544434,-1.9165934085803706,-0.8213676377653629,-1.0677288115024566,-0.3811629031036429,-0.5259099077729699,1.0903316557536127,0.25631056588573714
8.415330648422241,-22.55046791076893,-1.868456997872272,1.3867479860782623,3.01751446723938,1.4555128812789917,-0.4337979257106781,-9.072332681245719,-15.755954199274454,60.72040167852582,18.123704536050152,1.148952841758728,1.2216191291809082,-2.6325602531433105,-1.8781089034513607,-0.905915027449431,-1.1947525978088378,-0.3307124678243098,-0.5601251549973858,1.098127343528723,0.2585359946626293
8.421123027801514,-22.55046791076893,-1.868456997872272,1.3867479860782623,3.01751446723938,1.4555128812789917,-0.4337979257106781,-9.072332681245719,-15.755954199274454,60.72040167852582,18.123704536050152,1.148952841758728,1.2216191291809082,-2.6325602531433105,-1.8781089034513607,-0.905915027449431,-1.1947525978088378,-0.3307124678243098,-0.5601251549973858,1.098127343528723,0.2585359946626293
8.42726182937622,-22.591445388796274,-1.8892382764825015,1.3902831375598907,2.880810022354126,1.5563124418258667,-0.38951465487480164,-7.061409528260519,-17.100149531842003,60.99021551343394,18.46043820357763,1.0293657779693604,1.3133130073547363,-2.6618428230285645,-1.834581266469238,-0.9911037619251089,-1.3339656829833983,-0.2776106403991578,-0.5940972641838996,1.1030072811313956,0.2612663646062382
8.432550191879272,-22.591445388796274,-1.8892382764825015,1.3902831375598907,2.880810022354126,1.5563124418258667,-0.38951465487480164,-7.061409528260519,-17.100149531842003,60.99021551343394,18.46043820357763,1.0293657779693604,1.3133130073547363,-2.6618428230285645,-1.834581266469238,-0.9911037619251089,-1.3339656829833983,-0.2776106403991578,-0.5940972641838996,1.1030072811313956,0.2612663646062382
8.4387845993042,-22.591445388796274,-1.8892382764825015,1.3902831375598907,2.880810022354126,1.5563124418258667,-0.38951465487480164,-7.061409528260519,-17.100149531842003,60.99021551343394,18.46043820357763,1.0293657779693604,1.3133130073547363,-2.6618428230285645,-1.834581266469238,-0.9911037619251089,-1.3339656829833983,-0.2776106403991578,-0.5940972641838996,1.1030072811313956,0.2612663646062382
8.444213628768921,-22.631873550417367,-1.9084471845635562,1.3948632776737213,2.744455575942993,1.6530959606170654,-0.34103813767433167,-4.949871688648817,-18.424804846820873,61.06715759515105,19.055806750569268,0.8575915098190308,1.4411523342132568,-2.685389757156372,-1.7861802081545763,-1.075888169922344,-1.4876394867897034,-0.22148639953077034,-0.6272589089976408,1.1043988797420714,0.2645585726022639
8.450217485427856,-22.631873550417367,-1.9084471845635562,1.3948632776737213,2.744455575942993,1.6530959606170654,-0.34103813767433167,-4.949871688648817,-18.424804846820873,61.06715759515105,19.055806750569268,0.8575915098190308,1.4411523342132568,-2.685389757156372,-1.7861802081545763,-1.075888169922344,-1.4876394867897034,-0.22148639953077034,-0.6272589089976408,1.1043988797420714,0.2645585726022639
8.456418514251709,-22.671836318972055,-1.9260350847252994,1.400493174791336,2.6097919940948486,1.745320439338684,-0.2877657413482666,-2.7384591456024157,-19.720687282844327,60.9519810882275,19.902414183958392,0.7410187721252441,1.5238076448440552,-2.6998484134674072,-1.7332993178945388,-1.1591585589419175,-1.6575904905796053,-0.16251029479159435,-0.6591404019752151,1.1023157613309196,0.2684840668503627
8.462325811386108,-22.671836318972055,-1.9260350847252994,1.400493174791336,2.6097919940948486,1.745320439338684,-0.2877657413482666,-2.7384591456024157,-19.720687282844327,60.9519810882275,19.902414183958392,0.7410187721252441,1.5238076448440552,-2.6998484134674072,-1.7332993178945388,-1.1591585589419175,-1.6575904905796053,-0.16251029479159435,-0.6591404019752151,1.1023157613309196,0.2684840668503627
8.467827320098877,-22.711327972414438,-1.9419922018059879,1.4071679413318634,2.4782025814056396,1.8318983316421509,-0.22881454229354858,-0.4323699898914277,-20.977576007175433,60.64841518424626,20.981831584155845,0.5807701945304871,1.6331292390823364,-2.7039830684661865,-1.6767925914920334,-1.239492515225246,-1.8464586675167083,-0.1010259147216575,-0.6892261302601287,1.0968253732259807,0.27313287672195496
8.47357439994812,-22.711327972414438,-1.9419922018059879,1.4071679413318634,2.4782025814056396,1.8318983316421509,-0.22881454229354858,-0.4323699898914277,-20.977576007175433,60.64841518424626,20.981831584155845,0.5807701945304871,1.6331292390823364,-2.7039830684661865,-1.6767925914920334,-1.239492515225246,-1.8464586675167083,-0.1010259147216575,-0.6892261302601287,1.0968253732259807,0.27313287672195496
8.478622436523438,-22.711327972414438,-1.9419922018059879,1.4071679413318634,2.4782025814056396,1.8318983316421509,-0.22881454229354858,-0.4323699898914277,-20.977576007175433,60.64841518424626,20.981831584155845,0.5807701945304871,1.6331292390823364,-2.7039830684661865,-1.6767925914920334,-1.239492515225246,-1.8464586675167083,-0.1010259147216575,-0.6892261302601287,1.0968253732259807,0.27313287672195496
8.484371662139893,-22.750428619387094,-1.9562695407876163,1.414863258600235,2.3512260913848877,1.9120042324066162,-0.16363894939422607,1.9785282638172796,-22.174887045957455,60.134096013482385,22.258544001996196,0.424348384141922,1.735656499862671,-2.6967763900756836,-1.6177872322452815,-1.3155757528041203,-2.055837017297745,-0.03699890657893679,-0.7168640656763051,1.0875232354685127,0.27856811107274493
8.489194631576538,-22.750428619387094,-1.9562695407876163,1.414863258600235,2.3512260913848877,1.9120042324066162,-0.16363894939422607,1.9785282638172796,-22.174887045957455,60.134096013482385,22.258544001996196,0.424348384141922,1.735656499862671,-2.6967763900756836,-1.6177872322452815,-1.3155757528041203,-2.055837017297745,-0.03699890657893679,-0.7168640656763051,1.0875232354685127,0.27856811107274493
8.493976354598999,-22.789178314211313,-1.9688378953942447,1.423564463853836,2.2306392192840576,1.984893560409546,-0.09187644720077515,4.48551093102431,-23.300143999345845,59.418534681023914,23.704314020234506,0.2786397337913513,1.8243876695632935,-2.6780529022216797,-1.5577533558705394,-1.3861383669951741,-2.2867866933345797,0.02905750959645207,-0.7415767852559118,1.0745813688867945,0.2848613215791371
8.499582290649414,-22.789178314211313,-1.9688378953942447,1.423564463853836,2.2306392192840576,1.984893560409546,-0.09187644720077515,4.48551093102431,-23.300143999345845,59.418534681023914,23.704314020234506,0.2786397337913513,1.8243876695632935,-2.6780529022216797,-1.5577533558705394,-1.3861383669951741,-2.2867866933345797,0.02905750959645207,-0.7415767852559118,1.0745813688867945,0.2848613215791371
8.505324363708496,-22.789178314211313,-1.9688378953942447,1.423564463853836,2.2306392192840576,1.984893560409546,-0.09187644720077515,4.48551093102431,-23.300143999345845,59.418534681023914,23.704314020234506,0.2786397337913513,1.8243876695632935,-2.6780529022216797,-1.5577533558705394,-1.3861383669951741,-2.2867866933345797,0.02905750959645207,-0.7415767852559118,1.0745813688867945,0.2848613215791371
8.510729312896729,-22.80843681335682,-1.9744725608834415,1.4282812178134918,2.1732900142669678,2.018500566482544,-0.053498774766922,5.770407784917396,-23.83295489519798,58.990522577370655,24.48189234821034,0.21542328596115112,1.8570315837860107,-2.665616273880005,-1.5278500426712616,-1.4190311262588287,-2.4104098677635193,0.06263844496393635,-0.7527341441297544,1.0668402078016788,0.2883493567062969
8.515622615814209,-22.80843681335682,-1.9744725608834415,1.4282812178134918,2.1732900142669678,2.018500566482544,-0.053498774766922,5.770407784917396,-23.83295489519798,58.990522577370655,24.48189234821034,0.21542328596115112,1.8570315837860107,-2.665616273880005,-1.5278500426712616,-1.4190311262588287,-2.4104098677635193,0.06263844496393635,-0.7527341441297544,1.0668402078016788,0.2883493567062969
8.520452976226807,-22.846717300417367,-1.9844140195855289,1.4384179413318634,2.0657002925872803,2.0793347358703613,0.028613507747650146,8.401415363020746,-24.82725820047047,57.98679517156719,26.124632855075294,0.06813132762908936,1.930094838142395,-2.630587339401245,-1.4695869205372263,-1.4792867785415675,-2.674992817640305,0.13069524846026334,-0.7723448886828197,1.0486864792796358,0.2960582769904456
8.526150941848755,-22.846717300417367,-1.9844140195855289,1.4384179413318634,2.0657002925872803,2.0793347358703613,0.028613507747650146,8.401415363020746,-24.82725820047047,57.98679517156719,26.124632855075294,0.06813132762908936,1.930094838142395,-2.630587339401245,-1.4695869205372263,-1.4792867785415675,-2.674992817640305,0.13069524846026334,-0.7723448886828197,1.0486864792796358,0.2960582769904456
8.531651973724365,-22.846717300417367,-1.9844140195855289,1.4384179413318634,2.0657002925872803,2.0793347358703613,0.028613507747650146,8.401415363020746,-24.82725820047047,57.98679517156719,26.124632855075294,0.06813132762908936,1.930094838142395,-2.630587339401245,-1.4695869205372263,-1.4792867785415675,-2.674992817640305,0.13069524846026334,-0.7723448886828197,1.0486864792796358,0.2960582769904456
8.536664962768555,-22.884726943972055,-1.9925585174569278,1.4494580328464508,1.9686741828918457,2.1322333812713623,0.11707735061645508,11.092232078863802,-25.73010297215621,56.81883883403323,27.868827553587664,-0.04768514633178711,1.9723519086837769,-2.593897581100464,-1.414513980515793,-1.5320330574460015,-2.9602565109729766,0.19919436511762548,-0.7884731368694967,1.0275624548138307,0.30476876391729213
8.542036771774292,-22.884726943972055,-1.9925585174569278,1.4494580328464508,1.9686741828918457,2.1322333812713623,0.11707735061645508,11.092232078863802,-25.73010297215621,56.81883883403323,27.868827553587664,-0.04768514633178711,1.9723519086837769,-2.593897581100464,-1.414513980515793,-1.5320330574460015,-2.9602565109729766,0.19919436511762548,-0.7884731368694967,1.0275624548138307,0.30476876391729213
8.547688484191895,-22.884726943972055,-1.9925585174569278,1.4494580328464508,1.9686741828918457,2.1322333812713623,0.11707735061645508,11.092232078863802,-25.73010297215621,56.81883883403323,27.868827553587664,-0.04768514633178711,1.9723519086837769,-2.593897581100464,-1.414513980515793,-1.5320330574460015,-2.9602565109729766,0.19919436511762548,-0.7884731368694967,1.0275624548138307,0.30476876391729213
8.554036378860474,-22.92257827759022,-1.9988671922692447,1.4613427221775055,1.8837254047393799,2.1767563819885254,0.21177202463150024,13.836605682381753,-26.53225848334203,55.48484104449032,29.689675491351053,-0.18761837482452393,2.019679546356201,-2.5509910583496094,-1.364490696800864,-1.5767498940941358,-3.2657329738140106,0.2677842590461063,-0.800988489036669,1.003435352594297,0.31454370442696045
8.559552192687988,-22.92257827759022,-1.9988671922692447,1.4613427221775055,1.8837254047393799,2.1767563819885254,0.21177202463150024,13.836605682381753,-26.53225848334203,55.48484104449032,29.689675491351053,-0.18761837482452393,2.019679546356201,-2.5509910583496094,-1.364490696800864,-1.5767498940941358,-3.2657329738140106,0.2677842590461063,-0.800988489036669,1.003435352594297,0.31454370442696045
8.564485788345337,-22.960233154299203,-2.0032909297951846,1.474008709192276,1.812746286392212,2.211949586868286,0.31290900707244873,16.63260705866322,-27.217014386364067,53.96360965233931,31.56214602654797,-0.3595541715621948,2.0726993083953857,-2.499552011489868,-1.3217111329955178,-1.6127785871277187,-3.591942697763443,0.33627950646399685,-0.8096234895416192,0.9759218847417248,0.3254618271089803
8.570541858673096,-22.960233154299203,-2.0032909297951846,1.474008709192276,1.812746286392212,2.211949586868286,0.31290900707244873,16.63260705866322,-27.217014386364067,53.96360965233931,31.56214602654797,-0.3595541715621948,2.0726993083953857,-2.499552011489868,-1.3217111329955178,-1.6127785871277187,-3.591942697763443,0.33627950646399685,-0.8096234895416192,0.9759218847417248,0.3254618271089803
8.576034307479858,-22.99777359009022,-2.0057909870156436,1.4873681366443634,1.757728099822998,2.2368991374969482,0.4199841022491455,19.468314517173113,-27.770273320298518,52.2529929224493,33.463852169706875,-0.5421410799026489,2.1201891899108887,-2.438399076461792,-1.288343607432304,-1.6395565984040605,-3.937214952707291,0.40426690692376477,-0.8142365573437076,0.9449831342999847,0.3375620987981795
8.581644773483276,-22.99777359009022,-2.0057909870156436,1.4873681366443634,1.757728099822998,2.2368991374969482,0.4199841022491455,19.468314517173113,-27.770273320298518,52.2529929224493,33.463852169706875,-0.5421410799026489,2.1201891899108887,-2.438399076461792,-1.288343607432304,-1.6395565984040605,-3.937214952707291,0.40426690692376477,-0.8142365573437076,0.9449831342999847,0.3375620987981795
8.587248802185059,-22.99777359009022,-2.0057909870156436,1.4873681366443634,1.757728099822998,2.2368991374969482,0.4199841022491455,19.468314517173113,-27.770273320298518,52.2529929224493,33.463852169706875,-0.5421410799026489,2.1201891899108887,-2.438399076461792,-1.288343607432304,-1.6395565984040605,-3.937214952707291,0.40426690692376477,-0.8142365573437076,0.9449831342999847,0.3375620987981795
8.593387365341187,-23.035272064211313,-2.006308593750873,1.501323252916336,1.7205722332000732,2.2508177757263184,0.5318311452865601,22.32231054062098,-28.18296073100419,50.36737476637671,35.37404246194614,-0.7239183187484741,2.154531717300415,-2.3670990467071533,-1.2663448550690524,-1.6566067119935608,-4.297875291109085,0.471151366923097,-0.8148655186659747,0.9108792532027296,0.3508386083487745
8.599380016326904,-23.035272064211313,-2.006308593750873,1.501323252916336,1.7205722332000732,2.2508177757263184,0.5318311452865601,22.32231054062098,-28.18296073100419,50.36737476637671,35.37404246194614,-0.7239183187484741,2.154531717300415,-2.3670990467071533,-1.2663448550690524,-1.6566067119935608,-4.297875291109085,0.471151366923097,-0.8148655186659747,0.9108792532027296,0.3508386083487745
8.605120420455933,-23.07277244568104,-2.0047948741921573,1.5157518684864044,1.7029428482055664,2.253068685531616,0.6467678546905518,25.168924644003223,-28.449556982063516,48.32703464243862,37.2728848445138,-0.9032319784164429,2.174410581588745,-2.2858736515045166,-1.257308820949489,-1.6634751633086027,-4.668656927347183,0.5363151542949794,-0.8116754256448563,0.8739770220905343,0.36523789274767415
8.610509634017944,-23.07277244568104,-2.0047948741921573,1.5157518684864044,1.7029428482055664,2.253068685531616,0.6467678546905518,25.168924644003223,-28.449556982063516,48.32703464243862,37.2728848445138,-0.9032319784164429,2.174410581588745,-2.2858736515045166,-1.257308820949489,-1.6634751633086027,-4.668656927347183,0.5363151542949794,-0.8116754256448563,0.8739770220905343,0.36523789274767415
8.616534948348999,-23.110272827150766,-2.001181640625873,1.530527263879776,1.706404685974121,2.2428715229034424,0.7628138065338135,27.981853630803442,-28.56724532678807,46.152112125548456,39.14190157944588,-1.0819401741027832,2.1811447143554688,-2.1955745220184326,-1.262561955838671,-1.6594916082495885,-5.043390494585037,0.5991870806378762,-0.8049085615741922,0.8346406916288809,0.380664673172314
8.622180461883545,-23.110272827150766,-2.001181640625873,1.530527263879776,1.706404685974121,2.2428715229034424,0.7628138065338135,27.981853630803442,-28.56724532678807,46.152112125548456,39.14190157944588,-1.0819401741027832,2.1811447143554688,-2.1955745220184326,-1.262561955838671,-1.6594916082495885,-5.043390494585037,0.5991870806378762,-0.8049085615741922,0.8346406916288809,0.380664673172314
8.627386569976807,-23.110272827150766,-2.001181640625873,1.530527263879776,1.706404685974121,2.2428715229034424,0.7628138065338135,27.981853630803442,-28.56724532678807,46.152112125548456,39.14190157944588,-1.0819401741027832,2.1811447143554688,-2.1955745220184326,-1.262561955838671,-1.6594916082495885,-5.043390494585037,0.5991870806378762,-0.8049085615741922,0.8346406916288809,0.380664673172314
8.632647275924683,-23.147851409914438,-1.9954003477105289,1.5454931557178497,1.7323393821716309,2.219392776489258,0.8776128888130188,30.735626368994847,-28.53583835330892,43.86115459991556,40.96440302732796,-1.260791540145874,2.176284074783325,-2.097550392150879,-1.283010412055015,-1.6437333642474974,-5.414726346731186,0.6592717723266328,-0.7948660765549685,0.79320571562304,0.396968953282974
8.637221574783325,-23.147851409914438,-1.9954003477105289,1.5454931557178497,1.7323393821716309,2.219392776489258,0.8776128888130188,30.735626368994847,-28.53583835330892,43.86115459991556,40.96440302732796,-1.260791540145874,2.176284074783325,-2.097550392150879,-1.283010412055015,-1.6437333642474974,-5.414726346731186,0.6592717723266328,-0.7948660765549685,0.79320571562304,0.396968953282974
8.642869234085083,-23.147851409914438,-1.9954003477105289,1.5454931557178497,1.7323393821716309,2.219392776489258,0.8776128888130188,30.735626368994847,-28.53583835330892,43.86115459991556,40.96440302732796,-1.260791540145874,2.176284074783325,-2.097550392150879,-1.283010412055015,-1.6437333642474974,-5.414726346731186,0.6592717723266328,-0.7948660765549685,0.79320571562304,0.396968953282974
8.649965763092041,-23.18554634094471,-1.9874023580559879,1.5604735910892487,1.7818162441253662,2.181872606277466,0.988308846950531,33.40621798794686,-28.358126064182446,41.47258092826363,42.72571512570494,-1.4383087158203125,2.160857677459717,-1.9933677911758423,-1.3189277569180018,-1.6150556220183947,-5.773779004812241,0.7161524636626201,-0.7819009236254124,0.7500052233984018,0.4139301969106179
8.655596256256104,-23.18554634094471,-1.9874023580559879,1.5604735910892487,1.7818162441253662,2.181872606277466,0.988308846950531,33.40621798794686,-28.358126064182446,41.47258092826363,42.72571512570494,-1.4383087158203125,2.160857677459717,-1.9933677911758423,-1.3189277569180018,-1.6150556220183947,-5.773779004812241,0.7161524636626201,-0.7819009236254124,0.7500052233984018,0.4139301969106179
8.660404443740845,-23.223397674562875,-1.9771093511590152,1.575263649225235,1.8554887771606445,2.129706621170044,1.09153151512146,35.97160000148929,-28.039911004998427,39.00485843739973,44.41316571353602,-1.6118254661560059,2.135594367980957,-1.884557843208313,-1.3697507065007122,-1.5721825887036072,-6.110069113969804,0.7694953214402146,-0.7664033850344911,0.7053732208169604,0.4312464526401607
8.666168689727783,-23.223397674562875,-1.9771093511590152,1.575263649225235,1.8554887771606445,2.129706621170044,1.09153151512146,35.97160000148929,-28.039911004998427,39.00485843739973,44.41316571353602,-1.6118254661560059,2.135594367980957,-1.884557843208313,-1.3697507065007122,-1.5721825887036072,-6.110069113969804,0.7694953214402146,-0.7664033850344911,0.7053732208169604,0.4312464526401607
8.672205924987793,-23.26140541076893,-1.9644627952584415,1.589643508195877,1.9532322883605957,2.062772750854492,1.1834399700164795,38.41220248485736,-27.590025995599753,36.47684885448926,46.015969484853876,-1.7780194282531738,2.1006627082824707,-1.7724435329437256,-1.4336946822090926,-1.514098625713446,-6.411678224802017,0.819070946516841,-0.7487873934483276,0.6596508469892337,0.44852847998215706
8.677366018295288,-23.26140541076893,-1.9644627952584415,1.589643508195877,1.9532322883605957,2.062772750854492,1.1834399700164795,38.41220248485736,-27.590025995599753,36.47684885448926,46.015969484853876,-1.7780194282531738,2.1006627082824707,-1.7724435329437256,-1.4336946822090926,-1.514098625713446,-6.411678224802017,0.819070946516841,-0.7487873934483276,0.6596508469892337,0.44852847998215706
8.683436870574951,-23.26140541076893,-1.9644627952584415,1.589643508195877,1.9532322883605957,2.062772750854492,1.1834399700164795,38.41220248485736,-27.590025995599753,36.47684885448926,46.015969484853876,-1.7780194282531738,2.1006627082824707,-1.7724435329437256,-1.4336946822090926,-1.514098625713446,-6.411678224802017,0.819070946516841,-0.7487873934483276,0.6596508469892337,0.44852847998215706
8.689801692962646,-23.299609603884164,-1.9493847274789005,1.6033544838428497,2.075899362564087,1.9792424440383911,1.2608962059020996,40.69938058284767,-27.02248929194881,33.88798171051062,47.51681812820845,-1.994614839553833,2.035299777984619,-1.640004277229309,-1.5091605239682822,-1.438891796862348,-6.668726688623428,0.8644167912380363,-0.7295401877308497,0.6128277842336594,0.46531319137045496
8.695010662078857,-23.299609603884164,-1.9493847274789005,1.6033544838428497,2.075899362564087,1.9792424440383911,1.2608962059020996,40.69938058284767,-27.02248929194881,33.88798171051062,47.51681812820845,-1.994614839553833,2.035299777984619,-1.640004277229309,-1.5091605239682822,-1.438891796862348,-6.668726688623428,0.8644167912380363,-0.7295401877308497,0.6128277842336594,0.46531319137045496
8.700867176055908,-23.3380464935326,-1.9318066024789005,1.6161132156848907,2.2214181423187256,1.8802886009216309,1.3186919689178467,42.82026729846718,-26.341763362127725,31.265884364122314,48.90372248536768,-2.1190974712371826,1.9971028566360474,-1.51810622215271,-1.591576145095138,-1.3471675710712743,-6.865079694986344,0.905557927937816,-0.7089202112614381,0.5654037096198952,0.48093613361909593
8.707013845443726,-23.3380464935326,-1.9318066024789005,1.6161132156848907,2.2214181423187256,1.8802886009216309,1.3186919689178467,42.82026729846718,-26.341763362127725,31.265884364122314,48.90372248536768,-2.1190974712371826,1.9971028566360474,-1.51810622215271,-1.591576145095138,-1.3471675710712743,-6.865079694986344,0.905557927937816,-0.7089202112614381,0.5654037096198952,0.48093613361909593
8.712777137756348,-23.376717987062875,-1.9116992139825015,1.6276415884494781,2.386715888977051,1.7688418626785278,1.3510098457336426,44.78562580037275,-25.557084939926117,28.649977463154,50.18559061754636,-2.2244110107421875,1.9556653499603271,-1.405325174331665,-1.6752576843940514,-1.2415662612445046,-6.982784396409988,0.9430242299383831,-0.6872178487158495,0.5180915973426535,0.4947792479155084
8.718854427337646,-23.376717987062875,-1.9116992139825015,1.6276415884494781,2.386715888977051,1.7688418626785278,1.3510098457336426,44.78562580037275,-25.557084939926117,28.649977463154,50.18559061754636,-2.2244110107421875,1.9556653499603271,-1.405325174331665,-1.6752576843940514,-1.2415662612445046,-6.982784396409988,0.9430242299383831,-0.6872178487158495,0.5180915973426535,0.4947792479155084
8.724394083023071,-23.41558593750233,-1.8890428924569278,1.6376269161701202,2.569953203201294,1.6447452306747437,1.3551139831542969,46.57680479362449,-24.696370050970273,26.026776741520845,51.35377175779868,-2.387057304382324,1.8718078136444092,-1.2789957523345947,-1.756295070681395,-1.1240118837815776,-7.013070398569107,0.9766693439914494,-0.6651051170003114,0.47064756673831193,0.5062586151536348
8.730014085769653,-23.41558593750233,-1.8890428924569278,1.6376269161701202,2.569953203201294,1.6447452306747437,1.3551139831542969,46.57680479362449,-24.696370050970273,26.026776741520845,51.35377175779868,-2.387057304382324,1.8718078136444092,-1.2789957523345947,-1.756295070681395,-1.1240118837815776,-7.013070398569107,0.9766693439914494,-0.6651051170003114,0.47064756673831193,0.5062586151536348
8.735598087310791,-23.41558593750233,-1.8890428924569278,1.6376269161701202,2.569953203201294,1.6447452306747437,1.3551139831542969,46.57680479362449,-24.696370050970273,26.026776741520845,51.35377175779868,-2.387057304382324,1.8718078136444092,-1.2789957523345947,-1.756295070681395,-1.1240118837815776,-7.013070398569107,0.9766693439914494,-0.6651051170003114,0.47064756673831193,0.5062586151536348
8.74116039276123,-23.454686584474985,-1.8638281011590152,1.6457422077655792,2.767632007598877,1.5088980197906494,1.328261375427246,48.17675841639006,-23.777032003554012,23.3895742938046,52.393516993347134,-2.526870012283325,1.7933449745178223,-1.1474518775939941,-1.8307702014214418,-0.9981260239915947,-6.947120100259781,1.0064351990442686,-0.6430552040727044,0.4229502965265995,0.5146793300030775
8.747453927993774,-23.454686584474985,-1.8638281011590152,1.6457422077655792,2.767632007598877,1.5088980197906494,1.328261375427246,48.17675841639006,-23.777032003554012,23.3895742938046,52.393516993347134,-2.526870012283325,1.7933449745178223,-1.1474518775939941,-1.8307702014214418,-0.9981260239915947,-6.947120100259781,1.0064351990442686,-0.6430552040727044,0.4229502965265995,0.5146793300030775
8.753340721130371,-23.493905487062875,-1.836074151993671,1.6516845524311066,2.9738616943359375,1.3661961555480957,1.2663731575012207,49.603394198208406,-22.793143092791475,20.773760486001663,53.311347132821844,-2.586007833480835,1.7612966299057007,-1.0362961292266846,-1.8947964132696131,-0.8704720802200298,-6.772151666879655,1.0330334677250568,-0.6210528782457866,0.3756398679615309,0.5194212621345408
8.75893259048462,-23.493905487062875,-1.836074151993671,1.6516845524311066,2.9738616943359375,1.3661961555480957,1.2663731575012207,49.603394198208406,-22.793143092791475,20.773760486001663,53.311347132821844,-2.586007833480835,1.7612966299057007,-1.0362961292266846,-1.8947964132696131,-0.8704720802200298,-6.772151666879655,1.0330334677250568,-0.6210528782457866,0.3756398679615309,0.5194212621345408
8.764934062957764,-23.493905487062875,-1.836074151993671,1.6516845524311066,2.9738616943359375,1.3661961555480957,1.2663731575012207,49.603394198208406,-22.793143092791475,20.773760486001663,53.311347132821844,-2.586007833480835,1.7612966299057007,-1.0362961292266846,-1.8947964132696131,-0.8704720802200298,-6.772151666879655,1.0330334677250568,-0.6210528782457866,0.3756398679615309,0.5194212621345408
8.770935773849487,-23.53320259094471,-1.8058495903023868,1.6551757156848907,3.1830968856811523,1.220536470413208,1.168336272239685,50.86542285008334,-21.76236112342103,18.18312203166326,54.114870422865174,-2.6833386421203613,1.687730312347412,-0.9201959371566772,-1.9469571854823737,-0.7465472577677377,-6.484325104951859,1.0568750240144325,-0.5995645957249144,0.3287847687314981,0.5201342888239412
8.776873588562012,-23.53320259094471,-1.8058495903023868,1.6551757156848907,3.1830968856811523,1.220536470413208,1.168336272239685,50.86542285008334,-21.76236112342103,18.18312203166326,54.114870422865174,-2.6833386421203613,1.687730312347412,-0.9201959371566772,-1.9469571854823737,-0.7465472577677377,-6.484325104951859,1.0568750240144325,-0.5995645957249144,0.3287847687314981,0.5201342888239412
8.782726049423218,-23.552850189211313,-1.7898339414605289,1.655917912721634,3.287031650543213,1.1474504470825195,1.1062297821044922,51.4316780613118,-21.237059441853084,16.89244380595217,54.47142471171442,-2.722240686416626,1.657867670059204,-0.8647670745849609,-1.96867601345918,-0.6872334713999648,-6.299341589212418,1.067754717565924,-0.5892076341677702,0.30544115772377045,0.5188987959057546
8.788077116012573,-23.552850189211313,-1.7898339414605289,1.655917912721634,3.287031650543213,1.1474504470825195,1.1062297821044922,51.4316780613118,-21.237059441853084,16.89244380595217,54.47142471171442,-2.722240686416626,1.657867670059204,-0.8647670745849609,-1.96867601345918,-0.6872334713999648,-6.299341589212418,1.067754717565924,-0.5892076341677702,0.30544115772377045,0.5188987959057546
8.794067144393921,-23.59214729309315,-1.756093659401813,1.6552588045597076,3.4895992279052734,1.0044939517974854,0.9557305574417114,52.45525717965519,-20.159539386577038,14.33317607784657,55.106835506696434,-2.780252456665039,1.6124083995819092,-0.7690518498420715,-2.0038140654485037,-0.5768052368804544,-5.846657520532608,1.087973373489157,-0.5691870715195935,0.2591534392828609,0.5132174357464346
8.799981117248535,-23.59214729309315,-1.756093659401813,1.6552588045597076,3.4895992279052734,1.0044939517974854,0.9557305574417114,52.45525717965519,-20.159539386577038,14.33317607784657,55.106835506696434,-2.780252456665039,1.6124083995819092,-0.7690518498420715,-2.0038140654485037,-0.5768052368804544,-5.846657520532608,1.087973373489157,-0.5691870715195935,0.2591534392828609,0.5132174357464346
8.805246114730835,-23.59214729309315,-1.756093659401813,1.6552588045597076,3.4895992279052734,1.0044939517974854,0.9557305574417114,52.45525717965519,-20.159539386577038,14.33317607784657,55.106835506696434,-2.780252456665039,1.6124083995819092,-0.7690518498420715,-2.0038140654485037,-0.5768052368804544,-5.846657520532608,1.087973373489157,-0.5691870715195935,0.2591534392828609,0.5132174357464346
8.810986995697021,-23.650781097414438,-1.7015039110192447,1.648603469133377,3.769713878631592,0.8040318489074707,0.6722376346588135,53.7101746743365,-18.519109157787316,10.520434253382495,55.85967171836101,-2.877835273742676,1.5274453163146973,-0.624862015247345,-2.0393101558352607,-0.4349588239007699,-4.984199148416519,1.1144804524324379,-0.5419421670541396,0.19019499538089815,0.49694684334533745
8.81687879562378,-23.650781097414438,-1.7015039110192447,1.648603469133377,3.769713878631592,0.8040318489074707,0.6722376346588135,53.7101746743365,-18.519109157787316,10.520434253382495,55.85967171836101,-2.877835273742676,1.5274453163146973,-0.624862015247345,-2.0393101558352607,-0.4349588239007699,-4.984199148416519,1.1144804524324379,-0.5419421670541396,0.19019499538089815,0.49694684334533745
8.822286128997803,-23.689530792238656,-1.6627245330819278,1.6402343809604645,3.9329147338867188,0.6849932670593262,0.4521922469139099,54.365904661301784,-17.42422523879801,7.990586504447242,56.229129248816314,-2.9479780197143555,1.4605274200439453,-0.522520899772644,-2.0542547693246602,-0.35778825146846727,-4.308998626470566,1.1299058244127254,-0.5260215203437931,0.14443937590619685,0.48144646689923987
8.827304124832153,-23.689530792238656,-1.6627245330819278,1.6402343809604645,3.9329147338867188,0.6849932670593262,0.4521922469139099,54.365904661301784,-17.42422523879801,7.990586504447242,56.229129248816314,-2.9479780197143555,1.4605274200439453,-0.522520899772644,-2.0542547693246602,-0.35778825146846727,-4.308998626470566,1.1299058244127254,-0.5260215203437931,0.14443937590619685,0.48144646689923987
8.832533359527588,-23.689530792238656,-1.6627245330819278,1.6402343809604645,3.9329147338867188,0.6849932670593262,0.4521922469139099,54.365904661301784,-17.42422523879801,7.990586504447242,56.229129248816314,-2.9479780197143555,1.4605274200439453,-0.522520899772644,-2.0542547693246602,-0.35778825146846727,-4.308998626470566,1.1299058244127254,-0.5260215203437931,0.14443937590619685,0.48144646689923987
8.83890414237976,-23.727851333620492,-1.622304596901813,1.6287108957767487,4.071622848510742,0.5803437232971191,0.21709036827087402,54.86417176437642,-16.348453725089325,5.46141536949815,56.478681509202005,-3.014133930206299,1.3949754238128662,-0.40554144978523254,-2.0643161111686807,-0.29423474191772286,-3.5829507172107697,1.143427554433411,-0.5122596703878697,0.09869599388416196,0.4629311379104428
8.843534708023071,-23.727851333620492,-1.622304596901813,1.6287108957767487,4.071622848510742,0.5803437232971191,0.21709036827087402,54.86417176437642,-16.348453725089325,5.46141536949815,56.478681509202005,-3.014133930206299,1.3949754238128662,-0.40554144978523254,-2.0643161111686807,-0.29423474191772286,-3.5829507172107697,1.143427554433411,-0.5122596703878697,0.09869599388416196,0.4629311379104428
8.84941577911377,-23.765586318972055,-1.5804980182656436,1.6141113340854645,4.183492183685303,0.49192333221435547,-0.028298258781433105,55.21633851771985,-15.276738081679163,2.9487189802074925,56.61094943104156,-3.04006290435791,1.3726246356964111,-0.30246609449386597,-2.0709121324351614,-0.24351186811904743,-2.820505625009537,1.1554010086949054,-0.5003546230438278,0.05325057927680956,0.4419540762387978
8.854991674423218,-23.765586318972055,-1.5804980182656436,1.6141113340854645,4.183492183685303,0.49192333221435547,-0.028298258781433105,55.21633851771985,-15.276738081679163,2.9487189802074925,56.61094943104156,-3.04006290435791,1.3726246356964111,-0.30246609449386597,-2.0709121324351614,-0.24351186811904743,-2.820505625009537,1.1554010086949054,-0.5003546230438278,0.05325057927680956,0.4419540762387978
8.86072063446045,-23.765586318972055,-1.5804980182656436,1.6141113340854645,4.183492183685303,0.49192333221435547,-0.028298258781433105,55.21633851771985,-15.276738081679163,2.9487189802074925,56.61094943104156,-3.04006290435791,1.3726246356964111,-0.30246609449386597,-2.0709121324351614,-0.24351186811904743,-2.820505625009537,1.1554010086949054,-0.5003546230438278,0.05325057927680956,0.4419540762387978
8.866573572158813,-23.802695693972055,-1.537587800026813,1.5967675745487213,4.259347438812256,0.4264545440673828,-0.2577700614929199,55.437346827912414,-14.213762074578575,0.44963563058160727,56.6371171996627,-3.081829071044922,1.330322504043579,-0.20285993814468384,-2.0748064340393113,-0.20773384762973027,-2.1008714497089387,1.1666024758833775,-0.4892922655659403,0.008051374372415333,0.4211048499949639
8.871920108795166,-23.802695693972055,-1.537587800026813,1.5967675745487213,4.259347438812256,0.4264545440673828,-0.2577700614929199,55.437346827912414,-14.213762074578575,0.44963563058160727,56.6371171996627,-3.081829071044922,1.330322504043579,-0.20285993814468384,-2.0748064340393113,-0.20773384762973027,-2.1008714497089387,1.1666024758833775,-0.4892922655659403,0.008051374372415333,0.4211048499949639
8.876867771148682,-23.82097572326893,-1.51582030296413,1.5872412025928497,4.284156799316406,0.4017672538757324,-0.36243772506713867,55.49913594961003,-13.691120083743218,-0.7976276501135316,56.610732975663446,-3.097193956375122,1.3130719661712646,-0.15461015701293945,-2.076070700781683,-0.19469343989417368,-1.7697209894657138,1.1719323877824932,-0.48391146060097723,-0.014507020329508359,0.41115531692189006
8.882498264312744,-23.82097572326893,-1.51582030296413,1.5872412025928497,4.284156799316406,0.4017672538757324,-0.36243772506713867,55.49913594961003,-13.691120083743218,-0.7976276501135316,56.610732975663446,-3.097193956375122,1.3130719661712646,-0.15461015701293945,-2.076070700781683,-0.19469343989417368,-1.7697209894657138,1.1719323877824932,-0.48391146060097723,-0.014507020329508359,0.41115531692189006
8.887818098068237,-23.82097572326893,-1.51582030296413,1.5872412025928497,4.284156799316406,0.4017672538757324,-0.36243772506713867,55.49913594961003,-13.691120083743218,-0.7976276501135316,56.610732975663446,-3.097193956375122,1.3130719661712646,-0.15461015701293945,-2.076070700781683,-0.19469343989417368,-1.7697209894657138,1.1719323877824932,-0.48391146060097723,-0.014507020329508359,0.41115531692189006
8.893571853637695,-23.857070388796274,-1.4717967891701846,1.5667236149311066,4.312849044799805,0.36502838134765625,-0.5570352077484131,55.537317429085434,-12.65695754115051,-3.285174809490849,56.48753253856369,-3.121216058731079,1.2881882190704346,-0.07225143909454346,-2.0777511736530436,-0.1758554820452727,-1.1489968836307525,1.182161981839042,-0.47334792055194114,-0.05949757808056138,0.3919193045600744
8.899198055267334,-23.857070388796274,-1.4717967891701846,1.5667236149311066,4.312849044799805,0.36502838134765625,-0.5570352077484131,55.537317429085434,-12.65695754115051,-3.285174809490849,56.48753253856369,-3.121216058731079,1.2881882190704346,-0.07225143909454346,-2.0777511736530436,-0.1758554820452727,-1.1489968836307525,1.182161981839042,-0.47334792055194114,-0.05949757808056138,0.3919193045600744
8.904556035995483,-23.89242118835682,-1.427382745743671,1.5447069704532623,4.315546035766602,0.3434152603149414,-0.7220410704612732,55.465464045084744,-11.65336890892822,-5.769836115175574,56.274293926583674,-3.1456284523010254,1.2590420246124268,0.0075948238372802734,-2.0786089743219325,-0.16540804711470022,-0.6143493354320526,1.1918204675972377,-0.46245478046360683,-0.10443594137703817,0.3746007913785756
8.909868001937866,-23.89242118835682,-1.427382745743671,1.5447069704532623,4.315546035766602,0.3434152603149414,-0.7220410704612732,55.465464045084744,-11.65336890892822,-5.769836115175574,56.274293926583674,-3.1456284523010254,1.2590420246124268,0.0075948238372802734,-2.0786089743219325,-0.16540804711470022,-0.6143493354320526,1.1918204675972377,-0.46245478046360683,-0.10443594137703817,0.3746007913785756
8.914918661117554,-23.89242118835682,-1.427382745743671,1.5447069704532623,4.315546035766602,0.3434152603149414,-0.7220410704612732,55.465464045084744,-11.65336890892822,-5.769836115175574,56.274293926583674,-3.1456284523010254,1.2590420246124268,0.0075948238372802734,-2.0786089743219325,-0.16540804711470022,-0.6143493354320526,1.1918204675972377,-0.46245478046360683,-0.10443594137703817,0.3746007913785756
8.920942306518555,-23.927030029299203,-1.3827343368539005,1.5216112434864044,4.297969818115234,0.3322486877441406,-0.858588457107544,55.28662014107291,-10.687149593847655,-8.25451556041574,55.972296975253634,-3.1702184677124023,1.2260055541992188,0.09095358848571777,-2.078977292399357,-0.16071250066443188,-0.16313486695289603,1.2006721058841605,-0.4509511442485331,-0.14937463275120066,0.35922742655190154
8.927368879318237,-23.927030029299203,-1.3827343368539005,1.5216112434864044,4.297969818115234,0.3322486877441406,-0.858588457107544,55.28662014107291,-10.687149593847655,-8.25451556041574,55.972296975253634,-3.1702184677124023,1.2260055541992188,0.09095358848571777,-2.078977292399357,-0.16071250066443188,-0.16313486695289603,1.2006721058841605,-0.4509511442485331,-0.14937463275120066,0.35922742655190154
8.932897806167603,-23.96093696594471,-1.337998070717731,1.4978417456150055,4.264972686767578,0.32707691192626953,-0.9672502279281616,54.998543423605064,-9.769460040200155,-10.7415656030722,55.57831247409094,-3.1937971115112305,1.1895864009857178,0.18386957049369812,-2.079075085929998,-0.15944239476108163,0.2056355416774749,1.2082812134247871,-0.43867525121280565,-0.19435619949339833,0.34581413909261266
8.937630891799927,-23.96093696594471,-1.337998070717731,1.4978417456150055,4.264972686767578,0.32707691192626953,-0.9672502279281616,54.998543423605064,-9.769460040200155,-10.7415656030722,55.57831247409094,-3.1937971115112305,1.1895864009857178,0.18386957049369812,-2.079075085929998,-0.15944239476108163,0.2056355416774749,1.2082812134247871,-0.43867525121280565,-0.19435619949339833,0.34581413909261266
8.942816972732544,-23.994101943972055,-1.2932910108575015,1.4736718237400055,4.220688819885254,0.32471513748168945,-1.059476375579834,54.60775581669733,-8.895175040430107,-13.22834878436994,55.0958634526196,-3.209834337234497,1.167099952697754,0.2686835527420044,-2.0790361807067237,-0.15994889650877978,0.5258198440074922,1.214544303898133,-0.42599935137019096,-0.2393329396974033,0.33347204529341357
8.948690414428711,-23.994101943972055,-1.2932910108575015,1.4736718237400055,4.220688819885254,0.32471513748168945,-1.059476375579834,54.60775581669733,-8.895175040430107,-13.22834878436994,55.0958634526196,-3.209834337234497,1.167099952697754,0.2686835527420044,-2.0790361807067237,-0.15994889650877978,0.5258198440074922,1.214544303898133,-0.42599935137019096,-0.2393329396974033,0.33347204529341357
8.95455265045166,-23.994101943972055,-1.2932910108575015,1.4736718237400055,4.220688819885254,0.32471513748168945,-1.059476375579834,54.60775581669733,-8.895175040430107,-13.22834878436994,55.0958634526196,-3.209834337234497,1.167099952697754,0.2686835527420044,-2.0790361807067237,-0.15994889650877978,0.5258198440074922,1.214544303898133,-0.42599935137019096,-0.2393329396974033,0.33347204529341357
8.960507154464722,-24.026601257326547,-1.2487109088906436,1.4494042694568634,4.168271541595459,0.3217048645019531,-1.1263176202774048,54.10690984695461,-8.096877121660182,-15.723353841747956,54.51918826536822,-3.2326536178588867,1.1173715591430664,0.37893080711364746,-2.078997117736001,-0.1604558338838958,0.77002517580986,1.2187391253897975,-0.41274774398002423,-0.2844583833296897,0.32297757023117923
8.96517276763916,-24.026601257326547,-1.2487109088906436,1.4494042694568634,4.168271541595459,0.3217048645019531,-1.1263176202774048,54.10690984695461,-8.096877121660182,-15.723353841747956,54.51918826536822,-3.2326536178588867,1.1173715591430664,0.37893080711364746,-2.078997117736001,-0.1604558338838958,0.77002517580986,1.2187391253897975,-0.41274774398002423,-0.2844583833296897,0.32297757023117923
8.971500635147095,-24.058398666384164,-1.2043261909493594,1.4252928793430328,4.110430717468262,0.31496667861938477,-1.1736230850219727,53.49291542767708,-7.384234711252525,-18.224261557140068,53.84382681382042,-3.2496931552886963,1.0719938278198242,0.49841946363449097,-2.0790850523121116,-0.1593123831794671,0.9553420722484587,1.220409715688088,-0.39945504399615583,-0.3296905842852561,0.3138418405850881
8.977308511734009,-24.058398666384164,-1.2043261909493594,1.4252928793430328,4.110430717468262,0.31496667861938477,-1.1736230850219727,53.49291542767708,-7.384234711252525,-18.224261557140068,53.84382681382042,-3.2496931552886963,1.0719938278198242,0.49841946363449097,-2.0790850523121116,-0.1593123831794671,0.9553420722484587,1.220409715688088,-0.39945504399615583,-0.3296905842852561,0.3138418405850881
8.983070135116577,-24.08953041076893,-1.1601952695855289,1.4015282690525055,4.048584461212158,0.30291223526000977,-1.2068202495574951,52.76864577126346,-6.760495850584805,-20.727941481427436,53.07077308379002,-3.2600905895233154,1.034090280532837,0.6184860467910767,-2.079367917543366,-0.15557684169998245,1.0977098643779755,1.2193749199473822,-0.38659502869605944,-0.37497292427996803,0.30565276115473217
8.9887216091156,-24.08953041076893,-1.1601952695855289,1.4015282690525055,4.048584461212158,0.30291223526000977,-1.2068202495574951,52.76864577126346,-6.760495850584805,-20.727941481427436,53.07077308379002,-3.2600905895233154,1.034090280532837,0.6184860467910767,-2.079367917543366,-0.15557684169998245,1.0977098643779755,1.2193749199473822,-0.38659502869605944,-0.37497292427996803,0.30565276115473217
8.993800640106201,-24.08953041076893,-1.1601952695855289,1.4015282690525055,4.048584461212158,0.30291223526000977,-1.2068202495574951,52.76864577126346,-6.760495850584805,-20.727941481427436,53.07077308379002,-3.2600905895233154,1.034090280532837,0.6184860467910767,-2.079367917543366,-0.15557684169998245,1.0977098643779755,1.2193749199473822,-0.38659502869605944,-0.37497292427996803,0.30565276115473217
8.99987530708313,-24.12000030517811,-1.1163671398171573,1.3782470524311066,3.9840307235717773,0.28411293029785156,-1.2276662588119507,51.93890011874393,-6.238858414255088,-23.229377759229514,52.2041218252222,-3.2599105834960938,0.980555534362793,0.7507503032684326,-2.079897880249575,-0.14832362561406598,1.20215408205986,1.2154356645824043,-0.37465372513093437,-0.420214684980981,0.2983160507518632
9.005929708480835,-24.12000030517811,-1.1163671398171573,1.3782470524311066,3.9840307235717773,0.28411293029785156,-1.2276662588119507,51.93890011874393,-6.238858414255088,-23.229377759229514,52.2041218252222,-3.2599105834960938,0.980555534362793,0.7507503032684326,-2.079897880249575,-0.14832362561406598,1.20215408205986,1.2154356645824043,-0.37465372513093437,-0.420214684980981,0.2983160507518632
9.012122392654419,-24.149842681887094,-1.072890558243671,1.355571299791336,3.9165306091308594,0.25850391387939453,-1.241387128829956,51.00936526318663,-5.821624173891631,-25.724116365259054,51.24817568212337,-3.2573189735412598,0.9556655883789062,0.86614590883255,-2.0806526815892252,-0.13732992673682473,1.2841330468654633,1.2086924261282332,-0.36417076557988853,-0.46533530949064844,0.2914632354549399
9.017820596694946,-24.149842681887094,-1.072890558243671,1.355571299791336,3.9165306091308594,0.25850391387939453,-1.241387128829956,51.00936526318663,-5.821624173891631,-25.724116365259054,51.24817568212337,-3.2573189735412598,0.9556655883789062,0.86614590883255,-2.0806526815892252,-0.13732992673682473,1.2841330468654633,1.2086924261282332,-0.36417076557988853,-0.46533530949064844,0.2914632354549399
9.02384614944458,-24.149842681887094,-1.072890558243671,1.355571299791336,3.9165306091308594,0.25850391387939453,-1.241387128829956,51.00936526318663,-5.821624173891631,-25.724116365259054,51.24817568212337,-3.2573189735412598,0.9556655883789062,0.86614590883255,-2.0806526815892252,-0.13732992673682473,1.2841330468654633,1.2086924261282332,-0.36417076557988853,-0.46533530949064844,0.2914632354549399
9.0291166305542,-24.178983154299203,-1.0298046255120425,1.3335546553134918,3.8459582328796387,0.22665739059448242,-1.2503228187561035,49.99319857100042,-5.506513177106543,-28.20588410735261,50.2147552867155,-3.237048625946045,0.918165922164917,0.9846434593200684,-2.081568145016591,-0.12267496824602751,1.3505700767040252,1.1993946497271881,-0.3553553265674964,-0.5102213388889058,0.28499484850490475
9.034574270248413,-24.178983154299203,-1.0298046255120425,1.3335546553134918,3.8459582328796387,0.22665739059448242,-1.2503228187561035,49.99319857100042,-5.506513177106543,-28.20588410735261,50.2147552867155,-3.237048625946045,0.918165922164917,0.9846434593200684,-2.081568145016591,-0.12267496824602751,1.3505700767040252,1.1993946497271881,-0.3553553265674964,-0.5102213388889058,0.28499484850490475
9.040067911148071,-24.207459869387094,-0.9871484422692447,1.3122606575489044,3.771928310394287,0.18899106979370117,-1.2562642097473145,48.8994110593875,-5.297551986039102,-30.667067898632954,49.11256094965077,-3.218560218811035,0.8988783359527588,1.0852357149124146,-2.082567393073368,-0.10434626725269674,1.4067234456539155,1.1877064701869426,-0.3485282994256887,-0.5547350804998477,0.278834804647792
9.044721126556396,-24.207459869387094,-0.9871484422692447,1.3122606575489044,3.771928310394287,0.18899106979370117,-1.2562642097473145,48.8994110593875,-5.297551986039102,-30.667067898632954,49.11256094965077,-3.218560218811035,0.8988783359527588,1.0852357149124146,-2.082567393073368,-0.10434626725269674,1.4067234456539155,1.1877064701869426,-0.3485282994256887,-0.5547350804998477,0.278834804647792
9.049960374832153,-24.23523468017811,-0.9449707055100589,1.2917089760303497,3.6936111450195312,0.14715099334716797,-1.2613141536712646,47.74242865454837,-5.1862859146574385,-33.10744759870629,47.95519133690228,-3.1946349143981934,0.8809995651245117,1.176252007484436,-2.083527067407241,-0.08300632243004186,1.4588663041591645,1.1740687372680518,-0.343684120083249,-0.5988725527952995,0.27289913729771786
9.055608034133911,-24.23523468017811,-0.9449707055100589,1.2917089760303497,3.6936111450195312,0.14715099334716797,-1.2613141536712646,47.74242865454837,-5.1862859146574385,-33.10744759870629,47.95519133690228,-3.1946349143981934,0.8809995651245117,1.176252007484436,-2.083527067407241,-0.08300632243004186,1.4588663041591645,1.1740687372680518,-0.343684120083249,-0.5988725527952995,0.27289913729771786
9.061589479446411,-24.23523468017811,-0.9449707055100589,1.2917089760303497,3.6936111450195312,0.14715099334716797,-1.2613141536712646,47.74242865454837,-5.1862859146574385,-33.10744759870629,47.95519133690228,-3.1946349143981934,0.8809995651245117,1.176252007484436,-2.083527067407241,-0.08300632243004186,1.4588663041591645,1.1740687372680518,-0.343684120083249,-0.5988725527952995,0.27289913729771786
9.0672607421875,-24.262460174562875,-0.9030077838906436,1.2717919647693634,3.611419200897217,0.0996088981628418,-1.263516902923584,46.51764375625356,-5.184334050756786,-35.53088592486942,46.739524934391746,-3.1436820030212402,0.8514177799224854,1.284663200378418,-2.0843871746708387,-0.05749083622364841,1.5013251721858976,1.1581560987811794,-0.34109994310855946,-0.642703618091224,0.26732027212541054
9.072061777114868,-24.262460174562875,-0.9030077838906436,1.2717919647693634,3.611419200897217,0.0996088981628418,-1.263516902923584,46.51764375625356,-5.184334050756786,-35.53088592486942,46.739524934391746,-3.1436820030212402,0.8514177799224854,1.284663200378418,-2.0843871746708387,-0.05749083622364841,1.5013251721858976,1.1581560987811794,-0.34109994310855946,-0.642703618091224,0.26732027212541054
9.07724118232727,-24.262460174562875,-0.9030077838906436,1.2717919647693634,3.611419200897217,0.0996088981628418,-1.263516902923584,46.51764375625356,-5.184334050756786,-35.53088592486942,46.739524934391746,-3.1436820030212402,0.8514177799224854,1.284663200378418,-2.0843871746708387,-0.05749083622364841,1.5013251721858976,1.1581560987811794,-0.34109994310855946,-0.642703618091224,0.26732027212541054
9.082608699798584,-24.28874916076893,-0.8619433426865726,1.2528661787509918,3.5262598991394043,0.04706239700317383,-1.26373291015625,45.24427164799974,-5.2974001355567655,-37.89311086605221,45.48640269330262,-3.1078603267669678,0.8371415138244629,1.385589361190796,-2.0849941857773486,-0.02782688370312989,1.5360396087169645,1.1401802138234067,-0.34115423035667186,-0.6854275589164769,0.2621251625925499
9.088061094284058,-24.28874916076893,-0.8619433426865726,1.2528661787509918,3.5262598991394043,0.04706239700317383,-1.26373291015625,45.24427164799974,-5.2974001355567655,-37.89311086605221,45.48640269330262,-3.1078603267669678,0.8371415138244629,1.385589361190796,-2.0849941857773486,-0.02782688370312989,1.5360396087169645,1.1401802138234067,-0.34115423035667186,-0.6854275589164769,0.2621251625925499
9.093870639801025,-24.31433624267811,-0.8214745903023868,1.234809547662735,3.436997652053833,-0.009752750396728516,-1.2630736827850342,43.91887897447533,-5.516444799646667,-40.21723446963969,44.19375985707272,-3.070089101791382,0.8309612274169922,1.4838546514511108,-2.0851714752544486,0.005916837598181835,1.5665638625621794,1.1202515899684933,-0.3437561460281219,-0.72746238700551,0.2572151207826071
9.099788188934326,-24.31433624267811,-0.8214745903023868,1.234809547662735,3.436997652053833,-0.009752750396728516,-1.2630736827850342,43.91887897447533,-5.516444799646667,-40.21723446963969,44.19375985707272,-3.070089101791382,0.8309612274169922,1.4838546514511108,-2.0851714752544486,0.005916837598181835,1.5665638625621794,1.1202515899684933,-0.3437561460281219,-0.72746238700551,0.2572151207826071
9.105251789093018,-24.339139404299203,-0.7816504025468021,1.2176659405231476,3.344547748565674,-0.0721590518951416,-1.2605966329574585,42.540015572078474,-5.846138516501129,-42.485214977452124,42.86377133867737,-3.0001468658447266,0.828155517578125,1.5995763540267944,-2.084694728091202,0.044977559412740814,1.5899912059307098,1.0980748610619115,-0.34919651285164616,-0.7684817934639349,0.25265501004093655
9.11084771156311,-24.339139404299203,-0.7816504025468021,1.2176659405231476,3.344547748565674,-0.0721590518951416,-1.2605966329574585,42.540015572078474,-5.846138516501129,-42.485214977452124,42.86377133867737,-3.0001468658447266,0.828155517578125,1.5995763540267944,-2.084694728091202,0.044977559412740814,1.5899912059307098,1.0980748610619115,-0.34919651285164616,-0.7684817934639349,0.25265501004093655
9.116727590560913,-24.339139404299203,-0.7816504025468021,1.2176659405231476,3.344547748565674,-0.0721590518951416,-1.2605966329574585,42.540015572078474,-5.846138516501129,-42.485214977452124,42.86377133867737,-3.0001468658447266,0.828155517578125,1.5995763540267944,-2.084694728091202,0.044977559412740814,1.5899912059307098,1.0980748610619115,-0.34919651285164616,-0.7684817934639349,0.25265501004093655
9.122547388076782,-24.35128921509022,-0.7619921946534305,1.2094580233097076,3.297041893005371,-0.10563898086547852,-1.2588543891906738,41.828811948653346,-6.055012576548345,-43.5929753320249,42.18472407977876,-2.9693965911865234,0.8296527862548828,1.6576688289642334,-2.084110374939297,0.0667760080594763,1.5995387256145475,1.0860674519208189,-0.35312271844903703,-0.7885170945109345,0.2504917574463515
9.128241777420044,-24.35128921509022,-0.7619921946534305,1.2094580233097076,3.297041893005371,-0.10563898086547852,-1.2588543891906738,41.828811948653346,-6.055012576548345,-43.5929753320249,42.18472407977876,-2.9693965911865234,0.8296527862548828,1.6576688289642334,-2.084110374939297,0.0667760080594763,1.5995387256145475,1.0860674519208189,-0.35312271844903703,-0.7885170945109345,0.2504917574463515
9.133865118026733,-24.37499946594471,-0.7231835508355289,1.193793922662735,3.199207305908203,-0.17716622352600098,-1.2548115253448486,40.35993539810645,-6.5616670157011905,-45.748735034550215,40.79957969166377,-2.8971352577209473,0.8405473232269287,1.7814795970916748,-2.0819898520998223,0.11529677330843363,1.6156055152416227,1.0601139621168785,-0.3635581629468614,-0.8275068403045928,0.24636822175016157
9.139739036560059,-24.37499946594471,-0.7231835508355289,1.193793922662735,3.199207305908203,-0.17716622352600098,-1.2548115253448486,40.35993539810645,-6.5616670157011905,-45.748735034550215,40.79957969166377,-2.8971352577209473,0.8405473232269287,1.7814795970916748,-2.0819898520998223,0.11529677330843363,1.6156055152416227,1.0601139621168785,-0.3635581629468614,-0.8275068403045928,0.24636822175016157
9.144923210144043,-24.37499946594471,-0.7231835508355289,1.193793922662735,3.199207305908203,-0.17716622352600098,-1.2548115253448486,40.35993539810645,-6.5616670157011905,-45.748735034550215,40.79957969166377,-2.8971352577209473,0.8405473232269287,1.7814795970916748,-2.0819898520998223,0.11529677330843363,1.6156055152416227,1.0601139621168785,-0.3635581629468614,-0.8275068403045928,0.24636822175016157
9.150671482086182,-24.39800781250233,-0.6850878977784305,1.1791601479053497,3.0960755348205566,-0.2517411708831787,-1.2514382600784302,38.84100616916193,-7.1752727711541295,-47.84437958868093,39.3949424751831,-2.8542447090148926,0.8583133220672607,1.8818013668060303,-2.078321009082834,0.16898779064443784,1.631826514005661,1.0321321532672565,-0.3771181848346691,-0.8654093246787581,0.2424623397575382
9.15612244606018,-24.39800781250233,-0.6850878977784305,1.1791601479053497,3.0960755348205566,-0.2517411708831787,-1.2514382600784302,38.84100616916193,-7.1752727711541295,-47.84437958868093,39.3949424751831,-2.8542447090148926,0.8583133220672607,1.8818013668060303,-2.078321009082834,0.16898779064443784,1.631826514005661,1.0321321532672565,-0.3771181848346691,-0.8654093246787581,0.2424623397575382
9.162612915039062,-24.420234146120492,-0.6477440977105289,1.1655810177326202,2.987624168395996,-0.32822346687316895,-1.2486244440078735,37.28029469415825,-7.884171969949669,-49.877655075885485,37.98605234054358,-2.8013927936553955,0.8847475051879883,1.9699184894561768,-2.07270916032655,0.22770996218958925,1.647827500104904,1.0022873562766403,-0.39357057813400576,-0.9021837825562825,0.23880606898019419
9.167651176452637,-24.420234146120492,-0.6477440977105289,1.1655810177326202,2.987624168395996,-0.32822346687316895,-1.2486244440078735,37.28029469415825,-7.884171969949669,-49.877655075885485,37.98605234054358,-2.8013927936553955,0.8847475051879883,1.9699184894561768,-2.07270916032655,0.22770996218958925,1.647827500104904,1.0022873562766403,-0.39357057813400576,-0.9021837825562825,0.23880606898019419
9.173235893249512,-24.441718521120492,-0.6112011456498294,1.1530809700489044,2.8732502460479736,-0.40418362617492676,-1.2463905811309814,35.69357962677835,-8.675667108442106,-51.8571802344951,36.59626336835387,-2.75834321975708,0.9112622737884521,2.033980131149292,-2.064849920705371,0.29046496371335284,1.6636259973049161,0.9710321382828365,-0.41251937350594275,-0.9379860951405324,0.23543127603601013
9.17842173576355,-24.441718521120492,-0.6112011456498294,1.1530809700489044,2.8732502460479736,-0.40418362617492676,-1.2463905811309814,35.69357962677835,-8.675667108442106,-51.8571802344951,36.59626336835387,-2.75834321975708,0.9112622737884521,2.033980131149292,-2.064849920705371,0.29046496371335284,1.6636259973049161,0.9710321382828365,-0.41251937350594275,-0.9379860951405324,0.23543127603601013
9.184149980545044,-24.441718521120492,-0.6112011456498294,1.1530809700489044,2.8732502460479736,-0.40418362617492676,-1.2463905811309814,35.69357962677835,-8.675667108442106,-51.8571802344951,36.59626336835387,-2.75834321975708,0.9112622737884521,2.033980131149292,-2.064849920705371,0.29046496371335284,1.6636259973049161,0.9710321382828365,-0.41251937350594275,-0.9379860951405324,0.23543127603601013
9.189713716506958,-24.46246093750233,-0.575488247872272,1.141704112291336,2.7544565200805664,-0.4824957847595215,-1.2436903715133667,34.06534365219167,-9.55120954088435,-53.733993371780066,35.22276722355283,-2.6610798835754395,0.9536763429641724,2.1179447174072266,-2.053906685044221,0.3597810713651245,1.676003712415695,0.937499210238234,-0.43441002377999804,-0.9719307259076903,0.23237029362291955
9.194777250289917,-24.46246093750233,-0.575488247872272,1.141704112291336,2.7544565200805664,-0.4824957847595215,-1.2436903715133667,34.06534365219167,-9.55120954088435,-53.733993371780066,35.22276722355283,-2.6610798835754395,0.9536763429641724,2.1179447174072266,-2.053906685044221,0.3597810713651245,1.676003712415695,0.937499210238234,-0.43441002377999804,-0.9719307259076903,0.23237029362291955
9.201313018798828,-24.46246093750233,-0.575488247872272,1.141704112291336,2.7544565200805664,-0.4824957847595215,-1.2436903715133667,34.06534365219167,-9.55120954088435,-53.733993371780066,35.22276722355283,-2.6610798835754395,0.9536763429641724,2.1179447174072266,-2.053906685044221,0.3597810713651245,1.676003712415695,0.937499210238234,-0.43441002377999804,-0.9719307259076903,0.23237029362291955
9.206702709197998,-24.482499542238656,-0.5406250143059879,1.131479412317276,2.630776882171631,-0.5629446506500244,-1.2404694557189941,32.38795910664171,-10.515153876671338,-55.493565860324786,33.874588936338746,-2.5566000938415527,1.0013352632522583,2.2118186950683594,-2.0390197893235533,0.4363179906088092,1.6847454249858855,0.9013462540306691,-0.45948851290915194,-1.0037549055477057,0.22961940043109452
9.21247148513794,-24.482499542238656,-0.5406250143059879,1.131479412317276,2.630776882171631,-0.5629446506500244,-1.2404694557189941,32.38795910664171,-10.515153876671338,-55.493565860324786,33.874588936338746,-2.5566000938415527,1.0013352632522583,2.2118186950683594,-2.0390197893235533,0.4363179906088092,1.6847454249858855,0.9013462540306691,-0.45948851290915194,-1.0037549055477057,0.22961940043109452
9.217865943908691,-24.50183624267811,-0.5066308760651737,1.122446209192276,2.501885175704956,-0.6449012756347656,-1.236536979675293,30.65577032326178,-11.569266775515782,-57.13253567745391,32.56636844559393,-2.4561848640441895,1.0547423362731934,2.310288906097412,-2.019178076117431,0.5204757315271157,1.689207762479782,0.8623043887128186,-0.487840943710915,-1.0333978274645066,0.2271911555244215
9.22287893295288,-24.50183624267811,-0.5066308760651737,1.122446209192276,2.501885175704956,-0.6449012756347656,-1.236536979675293,30.65577032326178,-11.569266775515782,-57.13253567745391,32.56636844559393,-2.4561848640441895,1.0547423362731934,2.310288906097412,-2.019178076117431,0.5204757315271157,1.689207762479782,0.8623043887128186,-0.487840943710915,-1.0333978274645066,0.2271911555244215
9.229236841201782,-24.50183624267811,-0.5066308760651737,1.122446209192276,2.501885175704956,-0.6449012756347656,-1.236536979675293,30.65577032326178,-11.569266775515782,-57.13253567745391,32.56636844559393,-2.4561848640441895,1.0547423362731934,2.310288906097412,-2.019178076117431,0.5204757315271157,1.689207762479782,0.8623043887128186,-0.487840943710915,-1.0333978274645066,0.2271911555244215
9.23454236984253,-24.520469131472055,-0.4735449039944797,1.1146385967731476,2.3675599098205566,-0.7275323867797852,-1.2316619157791138,28.863325381666158,-12.709983465359166,-58.647846844642906,31.315975592118335,-2.3581690788269043,1.1170023679733276,2.407081127166748,-1.9931952485627835,0.612493094890645,1.6886362731456757,0.8200976094394965,-0.5193859601785566,-1.060804220272472,0.22510159606824887
9.240251779556274,-24.520469131472055,-0.4735449039944797,1.1146385967731476,2.3675599098205566,-0.7275323867797852,-1.2316619157791138,28.863325381666158,-12.709983465359166,-58.647846844642906,31.315975592118335,-2.3581690788269043,1.1170023679733276,2.407081127166748,-1.9931952485627835,0.612493094890645,1.6886362731456757,0.8200976094394965,-0.5193859601785566,-1.060804220272472,0.22510159606824887
9.245984554290771,-24.53843635559315,-0.4413964831837802,1.1080810129642487,2.2276806831359863,-0.8099257946014404,-1.225499153137207,27.004655424983756,-13.92900267700731,-60.0320118378119,30.14349056129,-2.256944417953491,1.1899311542510986,2.497227430343628,-1.9596778538286181,0.7124870520898171,1.6819516360759734,0.7743953553539422,-0.553897323673276,-1.0858386622638128,0.22337228179893856
9.250731945037842,-24.53843635559315,-0.4413964831837802,1.1080810129642487,2.2276806831359863,-0.8099257946014404,-1.225499153137207,27.004655424983756,-13.92900267700731,-60.0320118378119,30.14349056129,-2.256944417953491,1.1899311542510986,2.497227430343628,-1.9596778538286181,0.7124870520898171,1.6819516360759734,0.7743953553539422,-0.553897323673276,-1.0858386622638128,0.22337228179893856
9.25669264793396,-24.53843635559315,-0.4413964831837802,1.1080810129642487,2.2276806831359863,-0.8099257946014404,-1.225499153137207,27.004655424983756,-13.92900267700731,-60.0320118378119,30.14349056129,-2.256944417953491,1.1899311542510986,2.497227430343628,-1.9596778538286181,0.7124870520898171,1.6819516360759734,0.7743953553539422,-0.553897323673276,-1.0858386622638128,0.22337228179893856
9.262671947479248,-24.555701675417367,-0.4102148199090152,1.1027977764606476,2.0823750495910645,-0.8895022869110107,-1.2171697616577148,25.097415369812712,-15.216407353057354,-61.31092391978922,29.09210096536488,-2.1858339309692383,1.2496240139007568,2.5632476806640625,-1.9175629665211287,0.8191015563461373,1.666473287343979,0.7256066858690906,-0.5907352085103204,-1.1089694671073769,0.22208468039837004
9.268442153930664,-24.555701675417367,-0.4102148199090152,1.1027977764606476,2.0823750495910645,-0.8895022869110107,-1.2171697616577148,25.097415369812712,-15.216407353057354,-61.31092391978922,29.09210096536488,-2.1858339309692383,1.2496240139007568,2.5632476806640625,-1.9175629665211287,0.8191015563461373,1.666473287343979,0.7256066858690906,-0.5907352085103204,-1.1089694671073769,0.22208468039837004
9.273880958557129,-24.572343292238656,-0.38001952409831574,1.0988085567951202,1.9318263530731201,-0.9676094055175781,-1.206378698348999,23.105873561512478,-16.554352975472966,-62.42045543512346,28.157196179640472,-2.0497934818267822,1.3529936075210571,2.63362193107605,-1.864386308585758,0.9338301679320217,1.6412806928157806,0.6723213663448863,-0.629743308750941,-1.1290368019231538,0.2212128661417662
9.278702020645142,-24.572343292238656,-0.38001952409831574,1.0988085567951202,1.9318263530731201,-0.9676094055175781,-1.206378698348999,23.105873561512478,-16.554352975472966,-62.42045543512346,28.157196179640472,-2.0497934818267822,1.3529936075210571,2.63362193107605,-1.864386308585758,0.9338301679320217,1.6412806928157806,0.6723213663448863,-0.629743308750941,-1.1290368019231538,0.2212128661417662
9.284424781799316,-24.588359298708383,-0.3508496069916873,1.0961327850818634,1.7765201330184937,-1.0420310497283936,-1.1918010711669922,21.046253886969865,-17.93809320951261,-63.38431812536075,27.38654755626571,-1.9459056854248047,1.4338372945785522,2.6875693798065186,-1.7986053308386323,1.054985286182149,1.6023642003536225,0.6148452003324887,-0.6702186917045464,-1.1464695247021905,0.22086500586152494
9.29018759727478,-24.588359298708383,-0.3508496069916873,1.0961327850818634,1.7765201330184937,-1.0420310497283936,-1.1918010711669922,21.046253886969865,-17.93809320951261,-63.38431812536075,27.38654755626571,-1.9459056854248047,1.4338372945785522,2.6875693798065186,-1.7986053308386323,1.054985286182149,1.6023642003536225,0.6148452003324887,-0.6702186917045464,-1.1464695247021905,0.22086500586152494
9.295004606246948,-24.588359298708383,-0.3508496069916873,1.0961327850818634,1.7765201330184937,-1.0420310497283936,-1.1918010711669922,21.046253886969865,-17.93809320951261,-63.38431812536075,27.38654755626571,-1.9459056854248047,1.4338372945785522,2.6875693798065186,-1.7986053308386323,1.054985286182149,1.6023642003536225,0.6148452003324887,-0.6702186917045464,-1.1464695247021905,0.22086500586152494
9.300495147705078,-24.603749694826547,-0.3227441394337802,1.0947851240634918,1.616420030593872,-1.1135010719299316,-1.1725537776947021,18.878710283838707,-19.351260970555472,-64.13669277584681,26.779175121556577,-1.7810243368148804,1.5567946434020996,2.747464895248413,-1.7171777146577702,1.182909880956573,1.5470481097698212,0.5516475108544026,-0.7116857559261979,-1.1600772084944433,0.22105839609749747
9.306342124938965,-24.603749694826547,-0.3227441394337802,1.0947851240634918,1.616420030593872,-1.1135010719299316,-1.1725537776947021,18.878710283838707,-19.351260970555472,-64.13669277584681,26.779175121556577,-1.7810243368148804,1.5567946434020996,2.747464895248413,-1.7171777146577702,1.182909880956573,1.5470481097698212,0.5516475108544026,-0.7116857559261979,-1.1600772084944433,0.22105839609749747
9.311734437942505,-24.618592681887094,-0.2957421922692447,1.0947802364826202,1.4520999193191528,-1.1810190677642822,-1.1471575498580933,16.593105631449408,-20.785577699190036,-64.66398768582819,26.365117382085103,-1.6139365434646606,1.6801338195800781,2.803556442260742,-1.617689433899545,1.3156960080625566,1.4708682239055633,0.48226967942030324,-0.753247001721825,-1.1696140295391917,0.22189113905150093
9.317589521408081,-24.618592681887094,-0.2957421922692447,1.0947802364826202,1.4520999193191528,-1.1810190677642822,-1.1471575498580933,16.593105631449408,-20.785577699190036,-64.66398768582819,26.365117382085103,-1.6139365434646606,1.6801338195800781,2.803556442260742,-1.617689433899545,1.3156960080625566,1.4708682239055633,0.48226967942030324,-0.753247001721825,-1.1696140295391917,0.22189113905150093
9.322870969772339,-24.618592681887094,-0.2957421922692447,1.0947802364826202,1.4520999193191528,-1.1810190677642822,-1.1471575498580933,16.593105631449408,-20.785577699190036,-64.66398768582819,26.365117382085103,-1.6139365434646606,1.6801338195800781,2.803556442260742,-1.617689433899545,1.3156960080625566,1.4708682239055633,0.48226967942030324,-0.753247001721825,-1.1696140295391917,0.22189113905150093
9.328213691711426,-24.632850112917367,-0.26988280654040864,1.096113234758377,1.2846205234527588,-1.243450403213501,-1.1140937805175781,14.185709115521616,-22.23054354433704,-64.96166661290839,26.176144252497444,-1.4500514268875122,1.7988280057907104,2.8510820865631104,-1.4982577816213167,1.4502409144666784,1.3692775189876556,0.40666124576017315,-0.7937129657927697,-1.174997943934377,0.22347276270134014
9.333837509155273,-24.632850112917367,-0.26988280654040864,1.096113234758377,1.2846205234527588,-1.243450403213501,-1.1140937805175781,14.185709115521616,-22.23054354433704,-64.96166661290839,26.176144252497444,-1.4500514268875122,1.7988280057907104,2.8510820865631104,-1.4982577816213167,1.4502409144666784,1.3692775189876556,0.40666124576017315,-0.7937129657927697,-1.174997943934377,0.22347276270134014
9.339138507843018,-24.646562042238656,-0.24521484315482667,1.098789006471634,1.1153600215911865,-1.2997502088546753,-1.071833848953247,11.652657730083343,-23.670707915319426,-65.02147330042716,26.23455315692023,-1.2822250127792358,1.9155466556549072,2.8862762451171875,-1.3384320259094238,1.5597002506256104,1.2376813352108,0.3240119283849809,-0.8277145156698036,-1.1760796264337696,0.22591515812846527
9.344324350357056,-24.646562042238656,-0.24521484315482667,1.098789006471634,1.1153600215911865,-1.2997502088546753,-1.071833848953247,11.652657730083343,-23.670707915319426,-65.02147330042716,26.23455315692023,-1.2822250127792358,1.9155466556549072,2.8862762451171875,-1.3384320259094238,1.5597002506256104,1.2376813352108,0.3240119283849809,-0.8277145156698036,-1.1760796264337696,0.22591515812846527
9.350631952285767,-24.646562042238656,-0.24521484315482667,1.098789006471634,1.1153600215911865,-1.2997502088546753,-1.071833848953247,11.652657730083343,-23.670707915319426,-65.02147330042716,26.23455315692023,-1.2822250127792358,1.9155466556549072,2.8862762451171875,-1.3384320259094238,1.5597002506256104,1.2376813352108,0.3240119283849809,-0.8277145156698036,-1.1760796264337696,0.22591515812846527
9.356180906295776,-24.659804763796274,-0.22178710341540864,1.102792888879776,0.9459822177886963,-1.3489872217178345,-1.0187816619873047,8.988794151848207,-25.08648089145028,-64.82902332404147,26.549791860629583,-1.103046178817749,2.031888961791992,2.907083749771118,-1.1351786613464354,1.6187846660614014,1.0713177859783172,0.23576100013362056,-0.8511562140947119,-1.1725989158292967,0.22933618118556143
9.361114978790283,-24.659804763796274,-0.22178710341540864,1.102792888879776,0.9459822177886963,-1.3489872217178345,-1.0187816619873047,8.988794151848207,-25.08648089145028,-64.82902332404147,26.549791860629583,-1.103046178817749,2.031888961791992,2.907083749771118,-1.1351786613464354,1.6187846660614014,1.0713177859783172,0.23576100013362056,-0.8511562140947119,-1.1725989158292967,0.22933618118556143
9.366834163665771,-24.672500076296274,-0.19967772901145509,1.1081103384494781,0.7785952091217041,-1.39034104347229,-0.9532743692398071,6.194422349470382,-26.457806147561232,-64.3693112451975,27.122268886963496,-0.9089255928993225,2.139477252960205,2.912985324859619,-0.9343142509460449,1.668409252166748,0.8652244985103608,0.14568241170456464,-0.8710332061789321,-1.1642844190551886,0.23386946162256866
9.372362852096558,-24.672500076296274,-0.19967772901145509,1.1081103384494781,0.7785952091217041,-1.39034104347229,-0.9532743692398071,6.194422349470382,-26.457806147561232,-64.3693112451975,27.122268886963496,-0.9089255928993225,2.139477252960205,2.912985324859619,-0.9343142509460449,1.668409252166748,0.8652244985103608,0.14568241170456464,-0.8710332061789321,-1.1642844190551886,0.23386946162256866
9.37767767906189,-24.684764328005258,-0.17893553614703706,1.1147119104862213,0.6158965826034546,-1.42393159866333,-0.8743817210197449,3.2808786340182903,-27.767538767974287,-63.63439176919954,27.945375370077063,-0.7020755410194397,2.224658250808716,2.9043214321136475,-0.7390758991241455,1.708717918395996,0.6166637241840363,0.05496889687574959,-0.8870017185279232,-1.1509924350207883,0.23962623586813572
9.383101224899292,-24.684764328005258,-0.17893553614703706,1.1147119104862213,0.6158965826034546,-1.42393159866333,-0.8743817210197449,3.2808786340182903,-27.767538767974287,-63.63439176919954,27.945375370077063,-0.7020755410194397,2.224658250808716,2.9043214321136475,-0.7390758991241455,1.708717918395996,0.6166637241840363,0.05496889687574959,-0.8870017185279232,-1.1509924350207883,0.23962623586813572
9.388886213302612,-24.684764328005258,-0.17893553614703706,1.1147119104862213,0.6158965826034546,-1.42393159866333,-0.8743817210197449,3.2808786340182903,-27.767538767974287,-63.63439176919954,27.945375370077063,-0.7020755410194397,2.224658250808716,2.9043214321136475,-0.7390758991241455,1.708717918395996,0.6166637241840363,0.05496889687574959,-0.8870017185279232,-1.1509924350207883,0.23962623586813572
9.395176887512207,-24.69663948059315,-0.159599610567966,1.1225829422473907,0.4605236053466797,-1.4515300989151,-0.782465934753418,0.2557847149307835,-28.99297748679799,-62.605177716799965,28.994010969507308,-0.4445236921310425,2.3102948665618896,2.8757846355438232,-0.5526283264160156,1.7418361186981202,0.3267485082149504,-0.03554004205082511,-0.8990176770993095,-1.1323777470185443,0.24664654883715498
9.400828123092651,-24.69663948059315,-0.159599610567966,1.1225829422473907,0.4605236053466797,-1.4515300989151,-0.782465934753418,0.2557847149307835,-28.99297748679799,-62.605177716799965,28.994010969507308,-0.4445236921310425,2.3102948665618896,2.8757846355438232,-0.5526283264160156,1.7418361186981202,0.3267485082149504,-0.03554004205082511,-0.8990176770993095,-1.1323777470185443,0.24664654883715498
9.405974388122559,-24.708123626711313,-0.14169921815482667,1.1316894590854645,0.3146423101425171,-1.4726097583770752,-0.6777312755584717,-2.864484397709612,-30.11441066442954,-61.29386644616639,30.237610141415864,-0.24488413333892822,2.3555870056152344,2.8374602794647217,-0.3775707721710205,1.7671317100524901,-0.003847199678421287,-0.12475369823661783,-0.9068122411225101,-1.1086609602920503,0.25498951833310207
9.411727666854858,-24.708123626711313,-0.14169921815482667,1.1316894590854645,0.3146423101425171,-1.4726097583770752,-0.6777312755584717,-2.864484397709612,-30.11441066442954,-61.29386644616639,30.237610141415864,-0.24488413333892822,2.3555870056152344,2.8374602794647217,-0.3775707721710205,1.7671317100524901,-0.003847199678421287,-0.12475369823661783,-0.9068122411225101,-1.1086609602920503,0.25498951833310207
9.41711163520813,-24.708123626711313,-0.14169921815482667,1.1316894590854645,0.3146423101425171,-1.4726097583770752,-0.6777312755584717,-2.864484397709612,-30.11441066442954,-61.29386644616639,30.237610141415864,-0.24488413333892822,2.3555870056152344,2.8374602794647217,-0.3775707721710205,1.7671317100524901,-0.003847199678421287,-0.12475369823661783,-0.9068122411225101,-1.1086609602920503,0.25498951833310207
9.42286992073059,-24.71929687500233,-0.1252734297522693,1.142001897096634,0.180405855178833,-1.4859240055084229,-0.5605801939964294,-6.057790727771947,-31.116796743491495,-59.73147764611677,31.642830131751243,-0.014714479446411133,2.398921012878418,2.778324604034424,-0.21648702621459961,1.7831088066101073,-0.3738628327846527,-0.2115532465010802,-0.9102751451925651,-1.0804031066576987,0.26471334396788215
9.429255962371826,-24.71929687500233,-0.1252734297522693,1.142001897096634,0.180405855178833,-1.4859240055084229,-0.5605801939964294,-6.057790727771947,-31.116796743491495,-59.73147764611677,31.642830131751243,-0.014714479446411133,2.398921012878418,2.778324604034424,-0.21648702621459961,1.7831088066101073,-0.3738628327846527,-0.2115532465010802,-0.9102751451925651,-1.0804031066576987,0.26471334396788215
9.435171842575073,-24.73015541076893,-0.11037109136668732,1.1534667313098907,0.05983614921569824,-1.4911147356033325,-0.4315987825393677,-9.30931771451172,-31.979354720583032,-57.92225816024551,33.16829218551648,0.17520952224731445,2.422360897064209,2.713836908340454,-0.0718033790588379,1.789337682723999,-0.7814437687397002,-0.2953760530169142,-0.9093397970600614,-1.0476809958600894,0.2758554622615946
9.44019103050232,-24.73015541076893,-0.11037109136668732,1.1534667313098907,0.05983614921569824,-1.4911147356033325,-0.4315987825393677,-9.30931771451172,-31.979354720583032,-57.92225816024551,33.16829218551648,0.17520952224731445,2.422360897064209,2.713836908340454,-0.0718033790588379,1.789337682723999,-0.7814437687397002,-0.2953760530169142,-0.9093397970600614,-1.0476809958600894,0.2758554622615946
9.44600248336792,-24.73015541076893,-0.11037109136668732,1.1534667313098907,0.05983614921569824,-1.4911147356033325,-0.4315987825393677,-9.30931771451172,-31.979354720583032,-57.92225816024551,33.16829218551648,0.17520952224731445,2.422360897064209,2.713836908340454,-0.0718033790588379,1.789337682723999,-0.7814437687397002,-0.2953760530169142,-0.9093397970600614,-1.0476809958600894,0.2758554622615946
9.451298236846924,-24.74078125000233,-0.09702148377982667,1.1660204231739044,-0.04488253593444824,-1.487041711807251,-0.29122138023376465,-12.596777863178836,-32.68878841031337,-55.877701598283444,34.77904068666002,0.43012046813964844,2.4431772232055664,2.6279423236846924,0.053859043121337886,1.7844500541687012,-1.2251726210117342,-0.3755833106412582,-0.9040672149685929,-1.010702504927972,0.28847223646605197
9.456996440887451,-24.74078125000233,-0.09702148377982667,1.1660204231739044,-0.04488253593444824,-1.487041711807251,-0.29122138023376465,-12.596777863178836,-32.68878841031337,-55.877701598283444,34.77904068666002,0.43012046813964844,2.4431772232055664,2.6279423236846924,0.053859043121337886,1.7844500541687012,-1.2251726210117342,-0.3755833106412582,-0.9040672149685929,-1.010702504927972,0.28847223646605197
9.462986707687378,-24.751210632326547,-0.08530273377982667,1.1795848906040192,-0.13179898262023926,-1.473236322402954,-0.1411738395690918,-15.895079655453042,-33.22937058233981,-53.62273844295127,36.43796319328292,0.6160924434661865,2.4483766555786133,2.5410025119781494,0.1581587791442871,1.767883586883545,-1.699731284379959,-0.4517248534279668,-0.8946417030197714,-0.9699185343873437,0.3025271178158088
9.468577861785889,-24.751210632326547,-0.08530273377982667,1.1795848906040192,-0.13179898262023926,-1.473236322402954,-0.1411738395690918,-15.895079655453042,-33.22937058233981,-53.62273844295127,36.43796319328292,0.6160924434661865,2.4483766555786133,2.5410025119781494,0.1581587791442871,1.767883586883545,-1.699731284379959,-0.4517248534279668,-0.8946417030197714,-0.9699185343873437,0.3025271178158088
9.473549127578735,-24.76140541076893,-0.07526367247191956,1.1940771639347076,-0.19872283935546875,-1.4482778310775757,0.01695084571838379,-19.171607677569945,-33.59762111473971,-51.19185534346738,38.11731902831627,0.852670431137085,2.4374465942382812,2.43237042427063,0.23846740722656248,1.7379333972930908,-2.200191432237625,-0.5232139624639496,-0.8814593352277792,-0.925952820587262,0.31799362950933135
9.479013681411743,-24.76140541076893,-0.07526367247191956,1.1940771639347076,-0.19872283935546875,-1.4482778310775757,0.01695084571838379,-19.171607677569945,-33.59762111473971,-51.19185534346738,38.11731902831627,0.852670431137085,2.4374465942382812,2.43237042427063,0.23846740722656248,1.7379333972930908,-2.200191432237625,-0.5232139624639496,-0.8814593352277792,-0.925952820587262,0.31799362950933135
9.484719038009644,-24.76140541076893,-0.07526367247191956,1.1940771639347076,-0.19872283935546875,-1.4482778310775757,0.01695084571838379,-19.171607677569945,-33.59762111473971,-51.19185534346738,38.11731902831627,0.852670431137085,2.4374465942382812,2.43237042427063,0.23846740722656248,1.7379333972930908,-2.200191432237625,-0.5232139624639496,-0.8814593352277792,-0.925952820587262,0.31799362950933135
9.490152359008789,-24.771521987917367,-0.06694335579959443,1.2094482481479645,-0.24337613582611084,-1.4105257987976074,0.1824532151222229,-22.400294256007438,-33.78313507304686,-48.58548894991381,39.78660211854787,1.0832834243774414,2.4119696617126465,2.3073511123657227,0.292051362991333,1.6926309585571289,-2.724366492033005,-0.5897414254047824,-0.8646703014682542,-0.8788132609179973,0.3348643433373881
9.495169639587402,-24.771521987917367,-0.06694335579959443,1.2094482481479645,-0.24337613582611084,-1.4105257987976074,0.1824532151222229,-22.400294256007438,-33.78313507304686,-48.58548894991381,39.78660211854787,1.0832834243774414,2.4119696617126465,2.3073511123657227,0.292051362991333,1.6926309585571289,-2.724366492033005,-0.5897414254047824,-0.8646703014682542,-0.8788132609179973,0.3348643433373881
9.500048637390137,-24.781484069826547,-0.060507812500873115,1.2254150211811066,-0.2636449337005615,-1.3593398332595825,0.3504801392555237,-25.514243840847396,-33.78552818471318,-45.87228794594205,41.40336851277144,1.2904927730560303,2.373548984527588,2.1746063232421875,0.3163739204406738,1.631207799911499,-3.257187455892563,-0.6503083313123003,-0.845040087549042,-0.829741456992896,0.35276193201699263
9.506268501281738,-24.781484069826547,-0.060507812500873115,1.2254150211811066,-0.2636449337005615,-1.3593398332595825,0.3504801392555237,-25.514243840847396,-33.78552818471318,-45.87228794594205,41.40336851277144,1.2904927730560303,2.373548984527588,2.1746063232421875,0.3163739204406738,1.631207799911499,-3.257187455892563,-0.6503083313123003,-0.845040087549042,-0.829741456992896,0.35276193201699263
9.511805534362793,-24.781484069826547,-0.060507812500873115,1.2254150211811066,-0.2636449337005615,-1.3593398332595825,0.3504801392555237,-25.514243840847396,-33.78552818471318,-45.87228794594205,41.40336851277144,1.2904927730560303,2.373548984527588,2.1746063232421875,0.3163739204406738,1.631207799911499,-3.257187455892563,-0.6503083313123003,-0.845040087549042,-0.829741456992896,0.35276193201699263
9.517651557922363,-24.786405029299203,-0.05800781115976861,1.2336035072803497,-0.2644649147987366,-1.3285332918167114,0.43445885181427,-27.026004786819115,-33.72058807991384,-44.486689563587554,42.18952808099246,1.3710851669311523,2.355733871459961,2.1109848022460938,0.3173578977584839,1.5942399501800537,-3.5238628685474396,-0.6784744478628641,-0.8343494211823587,-0.8046810902753897,0.3620351795840864
9.523492813110352,-24.786405029299203,-0.05800781115976861,1.2336035072803497,-0.2644649147987366,-1.3285332918167114,0.43445885181427,-27.026004786819115,-33.72058807991384,-44.486689563587554,42.18952808099246,1.3710851669311523,2.355733871459961,2.1109848022460938,0.3173578977584839,1.5942399501800537,-3.5238628685474396,-0.6784744478628641,-0.8343494211823587,-0.8046810902753897,0.3620351795840864
9.528791666030884,-24.796210708620492,-0.054501951635756996,1.2502684891223907,-0.24622738361358643,-1.255198359489441,0.6004300713539124,-29.937117802166977,-33.466116284996914,-41.673157321807544,43.70505007341547,1.5467491149902344,2.3049023151397705,1.9750444889068604,0.2954728603363037,1.5062380313873291,-4.05177349448204,-0.7303034937603777,-0.8116413783902287,-0.7537946641302312,0.38104941744900245
9.534124374389648,-24.796210708620492,-0.054501951635756996,1.2502684891223907,-0.24622738361358643,-1.255198359489441,0.6004300713539124,-29.937117802166977,-33.466116284996914,-41.673157321807544,43.70505007341547,1.5467491149902344,2.3049023151397705,1.9750444889068604,0.2954728603363037,1.5062380313873291,-4.05177349448204,-0.7303034937603777,-0.8116413783902287,-0.7537946641302312,0.38104941744900245
9.540135622024536,-24.796210708620492,-0.054501951635756996,1.2502684891223907,-0.24622738361358643,-1.255198359489441,0.6004300713539124,-29.937117802166977,-33.466116284996914,-41.673157321807544,43.70505007341547,1.5467491149902344,2.3049023151397705,1.9750444889068604,0.2954728603363037,1.5062380313873291,-4.05177349448204,-0.7303034937603777,-0.8116413783902287,-0.7537946641302312,0.38104941744900245
9.545664548873901,-24.805936279299203,-0.05305663958279183,1.2671777307987213,-0.2029789686203003,-1.1680972576141357,0.7589294910430908,-32.70839739985241,-33.055561586968906,-38.849708126142566,45.15112832663212,1.6583788394927979,2.2693917751312256,1.8636232614517212,0.24357476234436035,1.401716709136963,-4.5577083885669705,-0.7770107469506063,-0.7877529514681579,-0.7027288768482214,0.4003679997015851
9.551164388656616,-24.805936279299203,-0.05305663958279183,1.2671777307987213,-0.2029789686203003,-1.1680972576141357,0.7589294910430908,-32.70839739985241,-33.055561586968906,-38.849708126142566,45.15112832663212,1.6583788394927979,2.2693917751312256,1.8636232614517212,0.24357476234436035,1.401716709136963,-4.5577083885669705,-0.7770107469506063,-0.7877529514681579,-0.7027288768482214,0.4003679997015851
9.556509733200073,-24.815623703005258,-0.05374023407784989,1.284160166978836,-0.13443374633789062,-1.0666992664337158,0.9063581824302673,-35.33581406768909,-32.50789170950941,-36.02829667363798,46.53128895322844,1.7791321277618408,2.2206969261169434,1.7583389282226562,0.16132049560546874,1.280039119720459,-5.030562847852707,-0.8188837649260051,-0.7633299848523887,-0.6516999448278267,0.41970792681839103
9.561886072158813,-24.815623703005258,-0.05374023407784989,1.284160166978836,-0.13443374633789062,-1.0666992664337158,0.9063581824302673,-35.33581406768909,-32.50789170950941,-36.02829667363798,46.53128895322844,1.7791321277618408,2.2206969261169434,1.7583389282226562,0.16132049560546874,1.280039119720459,-5.030562847852707,-0.8188837649260051,-0.7633299848523887,-0.6516999448278267,0.41970792681839103
9.567460775375366,-24.815623703005258,-0.05374023407784989,1.284160166978836,-0.13443374633789062,-1.0666992664337158,0.9063581824302673,-35.33581406768909,-32.50789170950941,-36.02829667363798,46.53128895322844,1.7791321277618408,2.2206969261169434,1.7583389282226562,0.16132049560546874,1.280039119720459,-5.030562847852707,-0.8188837649260051,-0.7633299848523887,-0.6516999448278267,0.41970792681839103
9.572141170501709,-24.825232925417367,-0.05664062216965249,1.3009276688098907,-0.04082298278808594,-0.9507672190666199,1.03840970993042,-37.79109546951742,-31.84469917511611,-33.218813458434916,47.83229992314319,1.9154088497161865,2.1569206714630127,1.6498651504516602,0.04898757934570312,1.1409206628799438,-5.456898933649063,-0.8556990122198815,-0.7390958359125478,-0.6008867506466765,0.438583750803597
9.577050685882568,-24.825232925417367,-0.05664062216965249,1.3009276688098907,-0.04082298278808594,-0.9507672190666199,1.03840970993042,-37.79109546951742,-31.84469917511611,-33.218813458434916,47.83229992314319,1.9154088497161865,2.1569206714630127,1.6498651504516602,0.04898757934570312,1.1409206628799438,-5.456898933649063,-0.8556990122198815,-0.7390958359125478,-0.6008867506466765,0.438583750803597
9.582592248916626,-24.83480400085682,-0.0618554660686641,1.3173193037509918,0.07784831523895264,-0.8194323778152466,1.151391625404358,-40.0692013078574,-31.077653686311503,-30.411577800158582,49.04792643219193,2.0533034801483154,2.0846142768859863,1.5331497192382812,-0.09341797828674316,0.9833188533782958,-5.825349622964859,-0.8875698168098108,-0.715477469365505,-0.5501142064846947,0.4565353710625673
9.587830066680908,-24.83480400085682,-0.0618554660686641,1.3173193037509918,0.07784831523895264,-0.8194323778152466,1.151391625404358,-40.0692013078574,-31.077653686311503,-30.411577800158582,49.04792643219193,2.0533034801483154,2.0846142768859863,1.5331497192382812,-0.09341797828674316,0.9833188533782958,-5.825349622964859,-0.8875698168098108,-0.715477469365505,-0.5501142064846947,0.4565353710625673
9.59356689453125,-24.83480400085682,-0.0618554660686641,1.3173193037509918,0.07784831523895264,-0.8194323778152466,1.151391625404358,-40.0692013078574,-31.077653686311503,-30.411577800158582,49.04792643219193,2.0533034801483154,2.0846142768859863,1.5331497192382812,-0.09341797828674316,0.9833188533782958,-5.825349622964859,-0.8875698168098108,-0.715477469365505,-0.5501142064846947,0.4565353710625673
9.598667860031128,-24.84429687500233,-0.06941405773250153,1.3329443037509918,0.21942973136901855,-0.6741578578948975,1.2397384643554688,-42.14386980645677,-30.222683320684794,-27.640197721003105,50.15749448399281,2.175675868988037,2.013291835784912,1.4095402956008911,-0.26331567764282227,0.808989429473877,-6.118515139818191,-0.9143488632513428,-0.6930837304392827,-0.49999015756713605,0.4727727291950947
9.604356527328491,-24.84429687500233,-0.06941405773250153,1.3329443037509918,0.21942973136901855,-0.6741578578948975,1.2397384643554688,-42.14386980645677,-30.222683320684794,-27.640197721003105,50.15749448399281,2.175675868988037,2.013291835784912,1.4095402956008911,-0.26331567764282227,0.808989429473877,-6.118515139818191,-0.9143488632513428,-0.6930837304392827,-0.49999015756713605,0.4727727291950947
9.610352039337158,-24.84429687500233,-0.06941405773250153,1.3329443037509918,0.21942973136901855,-0.6741578578948975,1.2397384643554688,-42.14386980645677,-30.222683320684794,-27.640197721003105,50.15749448399281,2.175675868988037,2.013291835784912,1.4095402956008911,-0.26331567764282227,0.808989429473877,-6.118515139818191,-0.9143488632513428,-0.6930837304392827,-0.49999015756713605,0.4727727291950947
9.615673542022705,-24.853709640505258,-0.079404295385757,1.347543865442276,0.3821568191051483,-0.5157977938652039,1.299081563949585,-44.01681002141407,-29.287377430936814,-24.912855809043172,51.155131113861984,2.2783989906311035,1.9466421604156494,1.281564712524414,-0.458588182926178,0.6189573526382446,-6.322823649644851,-0.936286460754982,-0.6722351885623918,-0.4506625967470964,0.48663557038173244
9.62122368812561,-24.853709640505258,-0.079404295385757,1.347543865442276,0.3821568191051483,-0.5157977938652039,1.299081563949585,-44.01681002141407,-29.287377430936814,-24.912855809043172,51.155131113861984,2.2783989906311035,1.9466421604156494,1.281564712524414,-0.458588182926178,0.6189573526382446,-6.322823649644851,-0.936286460754982,-0.6722351885623918,-0.4506625967470964,0.48663557038173244
9.629400491714478,-24.86296791076893,-0.09186523497191956,1.3608154356479645,0.5633615851402283,-0.3459872007369995,1.3250651359558105,-45.69009878544879,-28.28125321102835,-22.238995226394326,52.03674030779282,2.3631136417388916,1.8851343393325806,1.1532230377197266,-0.6760339021682739,0.4151846408843994,-6.424663192033767,-0.9536226202109799,-0.6532761730236962,-0.40230231601495514,0.4974375814454559
9.634665727615356,-24.86296791076893,-0.09186523497191956,1.3608154356479645,0.5633615851402283,-0.3459872007369995,1.3250651359558105,-45.69009878544879,-28.28125321102835,-22.238995226394326,52.03674030779282,2.3631136417388916,1.8851343393325806,1.1532230377197266,-0.6760339021682739,0.4151846408843994,-6.424663192033767,-0.9536226202109799,-0.6532761730236962,-0.40230231601495514,0.4974375814454559
9.639549016952515,-24.87206977844471,-0.10682617217389634,1.3724316656589508,0.7589497566223145,-0.16746759414672852,1.3141090869903564,-47.16838566798698,-27.21595753715798,-19.625065249823315,52.801396352466774,2.4323642253875732,1.827728271484375,1.0281262397766113,-0.9107397079467773,0.20096111297607422,-6.412704259157181,-0.9666703079310912,-0.6365350837182212,-0.3550259590121135,0.504564972381674
9.644360303878784,-24.87206977844471,-0.10682617217389634,1.3724316656589508,0.7589497566223145,-0.16746759414672852,1.3141090869903564,-47.16838566798698,-27.21595753715798,-19.625065249823315,52.801396352466774,2.4323642253875732,1.827728271484375,1.0281262397766113,-0.9107397079467773,0.20096111297607422,-6.412704259157181,-0.9666703079310912,-0.6365350837182212,-0.3550259590121135,0.504564972381674
9.650161981582642,-24.87206977844471,-0.10682617217389634,1.3724316656589508,0.7589497566223145,-0.16746759414672852,1.3141090869903564,-47.16838566798698,-27.21595753715798,-19.625065249823315,52.801396352466774,2.4323642253875732,1.827728271484375,1.0281262397766113,-0.9107397079467773,0.20096111297607422,-6.412704259157181,-0.9666703079310912,-0.6365350837182212,-0.3550259590121135,0.504564972381674
9.655174016952515,-24.880975189211313,-0.12427733928052476,1.3820799887180328,0.9639500379562378,0.016341567039489746,1.2637507915496826,-48.45972150489921,-26.10330675283469,-17.073927808199734,53.45122384322636,2.487637519836426,1.7744531631469727,0.9085702300071716,-1.1567400455474852,-0.019609880447387696,-6.278996354341507,-0.9757902274018786,-0.6222982846510114,-0.3088852874812987,0.5075373090040773
9.660038709640503,-24.880975189211313,-0.12427733928052476,1.3820799887180328,0.9639500379562378,0.016341567039489746,1.2637507915496826,-48.45972150489921,-26.10330675283469,-17.073927808199734,53.45122384322636,2.487637519836426,1.7744531631469727,0.9085702300071716,-1.1567400455474852,-0.019609880447387696,-6.278996354341507,-0.9757902274018786,-0.6222982846510114,-0.3088852874812987,0.5075373090040773
9.66602897644043,-24.880975189211313,-0.12427733928052476,1.3820799887180328,0.9639500379562378,0.016341567039489746,1.2637507915496826,-48.45972150489921,-26.10330675283469,-17.073927808199734,53.45122384322636,2.487637519836426,1.7744531631469727,0.9085702300071716,-1.1567400455474852,-0.019609880447387696,-6.278996354341507,-0.9757902274018786,-0.6222982846510114,-0.3088852874812987,0.5075373090040773
9.671339273452759,-24.889569702150766,-0.14416992008773377,1.389472633600235,1.1721429824829102,0.2009897232055664,1.173411250114441,-49.57400455840499,-24.95384420569524,-14.587252725746735,53.98976089999669,2.528371810913086,1.7259705066680908,0.7953734397888184,-1.4065715789794921,-0.24118766784667967,-6.021284490823746,-0.9814253822640063,-0.6107467814362257,-0.26391050238688823,0.506083340562978
9.677339315414429,-24.889569702150766,-0.14416992008773377,1.389472633600235,1.1721429824829102,0.2009897232055664,1.173411250114441,-49.57400455840499,-24.95384420569524,-14.587252725746735,53.98976089999669,2.528371810913086,1.7259705066680908,0.7953734397888184,-1.4065715789794921,-0.24118766784667967,-6.021284490823746,-0.9814253822640063,-0.6107467814362257,-0.26391050238688823,0.506083340562978
9.682915449142456,-24.89781135559315,-0.1664062523850589,1.3943652212619781,1.377134084701538,0.38186192512512207,1.0442266464233398,-50.521720183789654,-23.77589118622425,-12.16558865265616,54.42091501353721,2.556565284729004,1.683948278427124,0.688213586807251,-1.6525609016418457,-0.4582343101501465,-5.64253733754158,-0.9840100442197774,-0.6019751043160411,-0.22011152678824847,0.5001400994864565
9.687871217727661,-24.89781135559315,-0.1664062523850589,1.3943652212619781,1.377134084701538,0.38186192512512207,1.0442266464233398,-50.521720183789654,-23.77589118622425,-12.16558865265616,54.42091501353721,2.556565284729004,1.683948278427124,0.688213586807251,-1.6525609016418457,-0.4582343101501465,-5.64253733754158,-0.9840100442197774,-0.6019751043160411,-0.22011152678824847,0.5001400994864565
9.693673372268677,-24.905585708620492,-0.19086913108912995,1.3965673744678497,1.5728344917297363,0.5545840263366699,0.8788802623748779,-51.31291609829641,-22.575445948036393,-9.807703979515557,54.7481996932985,2.5746984481811523,1.6492822170257568,0.5861716270446777,-1.8874013900756834,-0.6655008316040039,-5.150462061166763,-0.983939819585169,-0.5960069353714366,-0.17746608541144676,0.48984412087759477
9.699415922164917,-24.905585708620492,-0.19086913108912995,1.3965673744678497,1.5728344917297363,0.5545840263366699,0.8788802623748779,-51.31291609829641,-22.575445948036393,-9.807703979515557,54.7481996932985,2.5746984481811523,1.6492822170257568,0.5861716270446777,-1.8874013900756834,-0.6655008316040039,-5.150462061166763,-0.983939819585169,-0.5960069353714366,-0.17746608541144676,0.48984412087759477
9.704842329025269,-24.905585708620492,-0.19086913108912995,1.3965673744678497,1.5728344917297363,0.5545840263366699,0.8788802623748779,-51.31291609829641,-22.575445948036393,-9.807703979515557,54.7481996932985,2.5746984481811523,1.6492822170257568,0.5861716270446777,-1.8874013900756834,-0.6655008316040039,-5.150462061166763,-0.983939819585169,-0.5960069353714366,-0.17746608541144676,0.48984412087759477
9.71108627319336,-24.91277259826893,-0.21739257216540864,1.3959472477436066,1.7534804344177246,0.7150478363037109,0.6817079782485962,-51.9564414780758,-21.35719070038213,-7.511840510572314,54.974518647160934,2.5840578079223633,1.6219309568405151,0.4882076382637024,-1.93081244784916,-0.7873616585868978,-4.557828980684281,-0.9905258712945076,-0.5803741224890581,-0.13594237897692033,0.4755427075743076
9.716603755950928,-24.91277259826893,-0.21739257216540864,1.3959472477436066,1.7534804344177246,0.7150478363037109,0.6817079782485962,-51.9564414780758,-21.35719070038213,-7.511840510572314,54.974518647160934,2.5840578079223633,1.6219309568405151,0.4882076382637024,-1.93081244784916,-0.7873616585868978,-4.557828980684281,-0.9905258712945076,-0.5803741224890581,-0.13594237897692033,0.4755427075743076
9.723802089691162,-24.919335784914438,-0.245781251192966,1.3924463093280792,1.9139994382858276,0.8596725463867188,0.45846444368362427,-52.46069019982263,-20.12464736000067,-5.2760772443229005,55.10284081170648,2.584998369216919,1.6020772457122803,0.3947629928588867,-1.9021250439822308,-0.8543391640546344,-3.8817966878414154,-0.9988533136894504,-0.5620170468630769,-0.09550566364925701,0.45777912274524246
9.729645490646362,-24.919335784914438,-0.245781251192966,1.3924463093280792,1.9139994382858276,0.8596725463867188,0.45846444368362427,-52.46069019982263,-20.12464736000067,-5.2760772443229005,55.10284081170648,2.584998369216919,1.6020772457122803,0.3947629928588867,-1.9021250439822308,-0.8543391640546344,-3.8817966878414154,-0.9988533136894504,-0.5620170468630769,-0.09550566364925701,0.45777912274524246
9.735952138900757,-24.925233306887094,-0.275810548067966,1.386079102754593,2.050236701965332,0.9857082366943359,0.21639913320541382,-52.83284737005771,-18.898883363242273,-3.0845163716005706,55.13993555085708,2.6013307571411133,1.5601215362548828,0.3066694736480713,-1.8792671441181792,-0.9035098733383488,-3.144139784574509,-1.0048283643563862,-0.5464991878946865,-0.0558684066680291,0.4373221507810162
9.741345882415771,-24.925233306887094,-0.275810548067966,1.386079102754593,2.050236701965332,0.9857082366943359,0.21639913320541382,-52.83284737005771,-18.898883363242273,-3.0845163716005706,55.13993555085708,2.6013307571411133,1.5601215362548828,0.3066694736480713,-1.8792671441181792,-0.9035098733383488,-3.144139784574509,-1.0048283643563862,-0.5464991878946865,-0.0558684066680291,0.4373221507810162
9.74703574180603,-24.925233306887094,-0.275810548067966,1.386079102754593,2.050236701965332,0.9857082366943359,0.21639913320541382,-52.83284737005771,-18.898883363242273,-3.0845163716005706,55.13993555085708,2.6013307571411133,1.5601215362548828,0.3066694736480713,-1.8792671441181792,-0.9035098733383488,-3.144139784574509,-1.0048283643563862,-0.5464991878946865,-0.0558684066680291,0.4373221507810162
9.752534866333008,-24.93035072326893,-0.30723632216540864,1.3769579231739044,2.157632827758789,1.0898780822753906,-0.03255927562713623,-53.08089415628876,-17.70238677549332,-0.9191435559391407,55.09317157863099,2.6285488605499268,1.5016567707061768,0.22353875637054443,-1.861209161712088,-0.9401465558842209,-2.380846434831619,-1.0085651595558893,-0.5339915062313254,-0.01670479509655535,0.4153805714246783
9.758111953735352,-24.93035072326893,-0.30723632216540864,1.3769579231739044,2.157632827758789,1.0898780822753906,-0.03255927562713623,-53.08089415628876,-17.70238677549332,-0.9191435559391407,55.09317157863099,2.6285488605499268,1.5016567707061768,0.22353875637054443,-1.861209161712088,-0.9401465558842209,-2.380846434831619,-1.0085651595558893,-0.5339915062313254,-0.01670479509655535,0.4153805714246783
9.764471292495728,-24.934686126711313,-0.3397558414944797,1.3655028641223907,2.2287397384643555,1.1667311191558838,-0.2632342576980591,-53.21357376101554,-16.541841204638754,1.225177375045569,54.96691300140377,2.6490116119384766,1.4483171701431274,0.1441980004310608,-1.847357872812649,-0.9670801310848551,-1.6682023823261263,-1.0108335184182622,-0.5236567609832781,0.02207806548905441,0.3942765813708077
9.770291805267334,-24.934686126711313,-0.3397558414944797,1.3655028641223907,2.2287397384643555,1.1667311191558838,-0.2632342576980591,-53.21357376101554,-16.541841204638754,1.225177375045569,54.96691300140377,2.6490116119384766,1.4483171701431274,0.1441980004310608,-1.847357872812649,-0.9670801310848551,-1.6682023823261263,-1.0108335184182622,-0.5236567609832781,0.02207806548905441,0.3942765813708077
9.77656102180481,-24.93831962585682,-0.37308592438785126,1.3522265255451202,2.267033576965332,1.2194995880126953,-0.4676936864852905,-53.237898896015125,-15.41423854805481,3.3456906444463748,54.76259746145739,2.657090425491333,1.4076695442199707,0.06719088554382324,-1.8363498626290033,-0.9878229963937959,-1.030926686525345,-1.011944708517317,-0.5147252627538197,0.06043033324374208,0.37483151471070475
9.781944036483765,-24.93831962585682,-0.37308592438785126,1.3522265255451202,2.267033576965332,1.2194995880126953,-0.4676936864852905,-53.237898896015125,-15.41423854805481,3.3456906444463748,54.76259746145739,2.657090425491333,1.4076695442199707,0.06719088554382324,-1.8363498626290033,-0.9878229963937959,-1.030926686525345,-1.011944708517317,-0.5147252627538197,0.06043033324374208,0.37483151471070475
9.78730583190918,-24.93831962585682,-0.37308592438785126,1.3522265255451202,2.267033576965332,1.2194995880126953,-0.4676936864852905,-53.237898896015125,-15.41423854805481,3.3456906444463748,54.76259746145739,2.657090425491333,1.4076695442199707,0.06719088554382324,-1.8363498626290033,-0.9878229963937959,-1.030926686525345,-1.011944708517317,-0.5147252627538197,0.06043033324374208,0.37483151471070475
9.793139219284058,-24.94128936767811,-0.40696287989703706,1.3377050459384918,2.276230812072754,1.2519903182983398,-0.6363274455070496,-53.15419621111884,-14.32376689003079,5.43849611189764,54.477548787148116,2.6555609703063965,1.3615838289260864,-0.02019202709197998,-1.827046295152266,-1.0049263284203254,-0.4988867461681368,-1.012197486516685,-0.5062475057307941,0.09828146900619124,0.35794647218089437
9.79849123954773,-24.94128936767811,-0.40696287989703706,1.3377050459384918,2.276230812072754,1.2519903182983398,-0.6363274455070496,-53.15419621111884,-14.32376689003079,5.43849611189764,54.477548787148116,2.6555609703063965,1.3615838289260864,-0.02019202709197998,-1.827046295152266,-1.0049263284203254,-0.4988867461681368,-1.012197486516685,-0.5062475057307941,0.09828146900619124,0.35794647218089437
9.804486989974976,-24.943631591799203,-0.44117186307994416,1.3224951326847076,2.2634754180908203,1.2709925174713135,-0.7736836671829224,-52.95838295063928,-13.271094207300289,7.502216013247217,54.10456167174428,2.6510186195373535,1.3379402160644531,-0.10970014333724976,-1.8181506301253858,-1.0209326012801425,-0.05944023728370684,-1.0112980244223762,-0.4978382553250098,0.1356065541020282,0.3432774943770126
9.809938669204712,-24.943631591799203,-0.44117186307994416,1.3224951326847076,2.2634754180908203,1.2709925174713135,-0.7736836671829224,-52.95838295063928,-13.271094207300289,7.502216013247217,54.10456167174428,2.6510186195373535,1.3379402160644531,-0.10970014333724976,-1.8181506301253858,-1.0209326012801425,-0.05944023728370684,-1.0112980244223762,-0.4978382553250098,0.1356065541020282,0.3432774943770126
9.815659046173096,-24.943631591799203,-0.44117186307994416,1.3224951326847076,2.2634754180908203,1.2709925174713135,-0.7736836671829224,-52.95838295063928,-13.271094207300289,7.502216013247217,54.10456167174428,2.6510186195373535,1.3379402160644531,-0.10970014333724976,-1.8181506301253858,-1.0209326012801425,-0.05944023728370684,-1.0112980244223762,-0.4978382553250098,0.1356065541020282,0.3432774943770126
9.82154107093811,-24.945390167238656,-0.475585916043201,1.306953102350235,2.2349555492401123,1.281583309173584,-0.8876594305038452,-52.65695308728346,-12.252427443199108,9.543232925540451,53.64623969899157,2.6477606296539307,1.3173160552978516,-0.19614672660827637,-1.8088840636257333,-1.0372625195883785,0.3104627072811126,-1.0090814410622062,-0.48940428893933674,0.17252102582058323,0.3302531515508795
9.82698130607605,-24.945390167238656,-0.475585916043201,1.306953102350235,2.2349555492401123,1.281583309173584,-0.8876594305038452,-52.65695308728346,-12.252427443199108,9.543232925540451,53.64623969899157,2.6477606296539307,1.3173160552978516,-0.19614672660827637,-1.8088840636257333,-1.0372625195883785,0.3104627072811126,-1.0090814410622062,-0.48940428893933674,0.17252102582058323,0.3302531515508795
9.832451820373535,-24.94663948059315,-0.5100878858575015,1.291391521692276,2.194542169570923,1.2869701385498047,-0.9811374545097351,-52.255169386432,-11.276065188629731,11.565081064642875,53.10651556817904,2.6425411701202393,1.2920286655426025,-0.2813735604286194,-1.798696476435477,-1.0548298800472877,0.6189076244831084,-1.005473490863806,-0.4809061123222403,0.2090888050979483,0.3187110491315045
9.839104175567627,-24.94663948059315,-0.5100878858575015,1.291391521692276,2.194542169570923,1.2869701385498047,-0.9811374545097351,-52.255169386432,-11.276065188629731,11.565081064642875,53.10651556817904,2.6425411701202393,1.2920286655426025,-0.2813735604286194,-1.798696476435477,-1.0548298800472877,0.6189076244831084,-1.005473490863806,-0.4809061123222403,0.2090888050979483,0.3187110491315045
9.845128059387207,-24.94663948059315,-0.5100878858575015,1.291391521692276,2.194542169570923,1.2869701385498047,-0.9811374545097351,-52.255169386432,-11.276065188629731,11.565081064642875,53.10651556817904,2.6425411701202393,1.2920286655426025,-0.2813735604286194,-1.798696476435477,-1.0548298800472877,0.6189076244831084,-1.005473490863806,-0.4809061123222403,0.2090888050979483,0.3187110491315045
9.85098385810852,-24.947381439211313,-0.5446093463906436,1.2760497629642487,2.1452417373657227,1.2896928787231445,-1.0576306581497192,-51.7574440636617,-10.350704666771108,13.56889693147119,52.48864338446572,2.6334495544433594,1.263346552848816,-0.36675822734832764,-1.7870899221616965,-1.0743764239269575,0.8760024011135101,-1.0003196377287176,-0.4724483881639602,0.2453304470459881,0.3084178424741216
9.856835126876831,-24.947381439211313,-0.5446093463906436,1.2760497629642487,2.1452417373657227,1.2896928787231445,-1.0576306581497192,-51.7574440636617,-10.350704666771108,13.56889693147119,52.48864338446572,2.6334495544433594,1.263346552848816,-0.36675822734832764,-1.7870899221616965,-1.0743764239269575,0.8760024011135101,-1.0003196377287176,-0.4724483881639602,0.2453304470459881,0.3084178424741216
9.862643241882324,-24.947656097414438,-0.5790722751626163,1.2611084282398224,2.0891308784484863,1.291550874710083,-1.1206750869750977,-51.167520393550646,-9.482403795436646,15.554677129024137,51.79494575065221,2.620361089706421,1.2344813346862793,-0.4525860548019409,-1.7736092015976046,-1.0964877975564908,1.0920300900936124,-0.993434727328117,-0.4641882282821689,0.2812458902254727,0.2991266336924882
9.868333578109741,-24.947656097414438,-0.5790722751626163,1.2611084282398224,2.0891308784484863,1.291550874710083,-1.1206750869750977,-51.167520393550646,-9.482403795436646,15.554677129024137,51.79494575065221,2.620361089706421,1.2344813346862793,-0.4525860548019409,-1.7736092015976046,-1.0964877975564908,1.0920300900936124,-0.993434727328117,-0.4641882282821689,0.2812458902254727,0.2991266336924882
9.875191688537598,-24.947499694826547,-0.6134277367600589,1.2466992437839508,2.0275251865386963,1.2936491966247559,-1.1733990907669067,-50.48955072829435,-8.67497101268203,17.52229507733983,51.028005063535915,2.6036384105682373,1.2073755264282227,-0.5375257134437561,-1.7578472134082512,-1.1215829280507184,1.2761386334896088,-0.9846603683389173,-0.456297718393269,0.31683284527152894,0.2906230887492871
9.88085675239563,-24.947499694826547,-0.6134277367600589,1.2466992437839508,2.0275251865386963,1.2936491966247559,-1.1733990907669067,-50.48955072829435,-8.67497101268203,17.52229507733983,51.028005063535915,2.6036384105682373,1.2073755264282227,-0.5375257134437561,-1.7578472134082512,-1.1215829280507184,1.2761386334896088,-0.9846603683389173,-0.456297718393269,0.31683284527152894,0.2906230887492871
9.886770725250244,-24.946914138796274,-0.6476269149789005,1.232919842004776,1.9611965417861938,1.2965874671936035,-1.2182562351226807,-49.72806029799244,-7.931350013812412,19.471119445207936,50.19083123657977,2.583036422729492,1.182197093963623,-0.6210002899169922,-1.739414075144382,-1.1499625060720853,1.4355129897594452,-0.9738731948303918,-0.44894364631595873,0.35207989372997,0.28274808577083804
9.892402648925781,-24.946914138796274,-0.6476269149789005,1.232919842004776,1.9611965417861938,1.2965874671936035,-1.2182562351226807,-49.72806029799244,-7.931350013812412,19.471119445207936,50.19083123657977,2.583036422729492,1.182197093963623,-0.6210002899169922,-1.739414075144382,-1.1499625060720853,1.4355129897594452,-0.9738731948303918,-0.44894364631595873,0.35207989372997,0.28274808577083804
9.89807677268982,-24.946914138796274,-0.6476269149789005,1.232919842004776,1.9611965417861938,1.2965874671936035,-1.2182562351226807,-49.72806029799244,-7.931350013812412,19.471119445207936,50.19083123657977,2.583036422729492,1.182197093963623,-0.6210002899169922,-1.739414075144382,-1.1499625060720853,1.4355129897594452,-0.9738731948303918,-0.44894364631595873,0.35207989372997,0.28274808577083804
9.902669429779053,-24.94585937500233,-0.681640603543201,1.2198534309864044,1.8910009860992432,1.3013441562652588,-1.2546203136444092,-48.884333343783915,-7.260153708087823,21.393510887418962,49.28407130753553,2.5436525344848633,1.1478265523910522,-0.7160336971282959,-1.717732229371206,-1.182104512452855,1.5681247651576995,-0.9609059188650239,-0.4421404313244436,0.3868488680084617,0.2755632593879778
9.908221244812012,-24.94585937500233,-0.681640603543201,1.2198534309864044,1.8910009860992432,1.3013441562652588,-1.2546203136444092,-48.884333343783915,-7.260153708087823,21.393510887418962,49.28407130753553,2.5436525344848633,1.1478265523910522,-0.7160336971282959,-1.717732229371206,-1.182104512452855,1.5681247651576995,-0.9609059188650239,-0.4421404313244436,0.3868488680084617,0.2755632593879778
9.914401054382324,-24.94585937500233,-0.681640603543201,1.2198534309864044,1.8910009860992432,1.3013441562652588,-1.2546203136444092,-48.884333343783915,-7.260153708087823,21.393510887418962,49.28407130753553,2.5436525344848633,1.1478265523910522,-0.7160336971282959,-1.717732229371206,-1.182104512452855,1.5681247651576995,-0.9609059188650239,-0.4421404313244436,0.3868488680084617,0.2755632593879778
9.919635534286499,-24.944413604738656,-0.7154199266442447,1.2075732052326202,1.8167967796325684,1.307903528213501,-1.2856028079986572,-47.959390002511014,-6.663360246552278,23.28850141595145,48.30741966510732,2.517477035522461,1.129654884338379,-0.8015701174736023,-1.6922790562161967,-1.2182637998701242,1.683176654577255,-0.9455306195965656,-0.4361797988767423,0.42112226077219167,0.2688440511324195
9.92521071434021,-24.944413604738656,-0.7154199266442447,1.2075732052326202,1.8167967796325684,1.307903528213501,-1.2856028079986572,-47.959390002511014,-6.663360246552278,23.28850141595145,48.30741966510732,2.517477035522461,1.129654884338379,-0.8015701174736023,-1.6922790562161967,-1.2182637998701242,1.683176654577255,-0.9455306195965656,-0.4361797988767423,0.42112226077219167,0.2688440511324195
9.930171489715576,-24.942498626711313,-0.7489355587968021,1.1960937082767487,1.7383029460906982,1.3153209686279297,-1.31390380859375,-46.96293914599551,-6.133426528336186,25.162798450258,47.26841836261956,2.4894587993621826,1.1159610748291016,-0.879326581954956,-1.6628054891840343,-1.2581943392502692,1.7887427508831024,-0.9278445952821885,-0.43117332904892436,0.45502138451210317,0.2624341639567194
9.93611216545105,-24.942498626711313,-0.7489355587968021,1.1960937082767487,1.7383029460906982,1.3153209686279297,-1.31390380859375,-46.96293914599551,-6.133426528336186,25.162798450258,47.26841836261956,2.4894587993621826,1.1159610748291016,-0.879326581954956,-1.6628054891840343,-1.2581943392502692,1.7887427508831024,-0.9278445952821885,-0.43117332904892436,0.45502138451210317,0.2624341639567194
9.942263841629028,-24.94011634826893,-0.7821386837968021,1.185434490442276,1.655786156654358,1.3235297203063965,-1.3390768766403198,-45.90187920064353,-5.671779240143984,27.011244160821793,46.17306583023411,2.452319860458374,1.1019190549850464,-0.9531688094139099,-1.6287792409116635,-1.301942116438823,1.8834485471248628,-0.907863730381627,-0.4270775422756747,0.4884529531066155,0.25639636733578497
9.947828769683838,-24.94011634826893,-0.7821386837968021,1.185434490442276,1.655786156654358,1.3235297203063965,-1.3390768766403198,-45.90187920064353,-5.671779240143984,27.011244160821793,46.17306583023411,2.452319860458374,1.1019190549850464,-0.9531688094139099,-1.6287792409116635,-1.301942116438823,1.8834485471248628,-0.907863730381627,-0.4270775422756747,0.4884529531066155,0.25639636733578497
9.953160524368286,-24.94011634826893,-0.7821386837968021,1.185434490442276,1.655786156654358,1.3235297203063965,-1.3390768766403198,-45.90187920064353,-5.671779240143984,27.011244160821793,46.17306583023411,2.452319860458374,1.1019190549850464,-0.9531688094139099,-1.6287792409116635,-1.301942116438823,1.8834485471248628,-0.907863730381627,-0.4270775422756747,0.4884529531066155,0.25639636733578497
9.958689451217651,-24.937304916384164,-0.8149999761590152,1.1756249964237213,1.5700923204421997,1.3336052894592285,-1.358941674232483,-44.777644759284954,-5.286189125981048,28.81690777295096,45.02270012440247,2.382981538772583,1.080833911895752,-1.0392560958862305,-1.5892665247245297,-1.3498914784426161,1.9607000291347503,-0.8854004269126429,-0.4237558409389447,0.5211107512569862,0.25088688792625174
9.964453220367432,-24.937304916384164,-0.8149999761590152,1.1756249964237213,1.5700923204421997,1.3336052894592285,-1.358941674232483,-44.777644759284954,-5.286189125981048,28.81690777295096,45.02270012440247,2.382981538772583,1.080833911895752,-1.0392560958862305,-1.5892665247245297,-1.3498914784426161,1.9607000291347503,-0.8854004269126429,-0.4237558409389447,0.5211107512569862,0.25088688792625174
9.970589399337769,-24.934062423708383,-0.8475000047692447,1.1667089760303497,1.4808835983276367,1.3453125953674316,-1.3745009899139404,-43.590156323362805,-4.980107436752984,30.57512209328458,43.81689917025064,2.333120346069336,1.0685431957244873,-1.1187189817428589,-1.5433983846552322,-1.4021043172409093,2.0234268128871915,-0.8602470675113101,-0.4213421218369932,0.5529103666409612,0.24582843342731558
9.9760000705719,-24.934062423708383,-0.8475000047692447,1.1667089760303497,1.4808835983276367,1.3453125953674316,-1.3745009899139404,-43.590156323362805,-4.980107436752984,30.57512209328458,43.81689917025064,2.333120346069336,1.0685431957244873,-1.1187189817428589,-1.5433983846552322,-1.4021043172409093,2.0234268128871915,-0.8602470675113101,-0.4213421218369932,0.5529103666409612,0.24582843342731558
9.982320308685303,-24.934062423708383,-0.8475000047692447,1.1667089760303497,1.4808835983276367,1.3453125953674316,-1.3745009899139404,-43.590156323362805,-4.980107436752984,30.57512209328458,43.81689917025064,2.333120346069336,1.0685431957244873,-1.1187189817428589,-1.5433983846552322,-1.4021043172409093,2.0234268128871915,-0.8602470675113101,-0.4213421218369932,0.5529103666409612,0.24582843342731558
9.987609386444092,-24.930312576296274,-0.8799121165284305,1.1586230099201202,1.3869962692260742,1.357896327972412,-1.386899709701538,-42.33334748754967,-4.7456314631938605,32.31055932496587,42.548520301680675,2.280587673187256,1.0601612329483032,-1.1939189434051514,-1.4899924037797314,-1.4587315472219944,2.0751777112483976,-0.8322007753677501,-0.41977990760651435,0.5842980284591317,0.2411163394476694
9.99326777458191,-24.930312576296274,-0.8799121165284305,1.1586230099201202,1.3869962692260742,1.357896327972412,-1.386899709701538,-42.33334748754967,-4.7456314631938605,32.31055932496587,42.548520301680675,2.280587673187256,1.0601612329483032,-1.1939189434051514,-1.4899924037797314,-1.4587315472219944,2.0751777112483976,-0.8322007753677501,-0.41977990760651435,0.5842980284591317,0.2411163394476694
9.999625444412231,-24.92613166809315,-0.9115527057656436,1.1515478193759918,1.2906711101531982,1.3711209297180176,-1.3953709602355957,-41.03778101519625,-4.586183447237191,33.981552613245405,41.248093578763104,2.2195911407470703,1.0542411804199219,-1.2656681537628174,-1.4292286658400932,-1.518315023611017,2.1133268058300017,-0.8018184731523283,-0.4189329712950476,0.6145201369142655,0.23688419008676131
10.005848407745361,-24.92613166809315,-0.9115527057656436,1.1515478193759918,1.2906711101531982,1.3711209297180176,-1.3953709602355957,-41.03778101519625,-4.586183447237191,33.981552613245405,41.248093578763104,2.2195911407470703,1.0542411804199219,-1.2656681537628174,-1.4292286658400932,-1.518315023611017,2.1133268058300017,-0.8018184731523283,-0.4189329712950476,0.6145201369142655,0.23688419008676131
10.011566877365112,-24.92144531250233,-0.9427245640763431,1.145419865846634,1.1912325620651245,1.3852720260620117,-1.3995825052261353,-39.69363841365445,-4.499369527926226,35.59578051648451,39.90589860082231,2.147001028060913,1.0497195720672607,-1.337266445159912,-1.3595526440065158,-1.5810097084954502,2.1369917571544645,-0.7687481883400381,-0.4186212040722866,0.643715568820055,0.23310692848467462
10.01699709892273,-24.92144531250233,-0.9427245640763431,1.145419865846634,1.1912325620651245,1.3852720260620117,-1.3995825052261353,-39.69363841365445,-4.499369527926226,35.59578051648451,39.90589860082231,2.147001028060913,1.0497195720672607,-1.337266445159912,-1.3595526440065158,-1.5810097084954502,2.1369917571544645,-0.7687481883400381,-0.4186212040722866,0.643715568820055,0.23310692848467462
10.021708488464355,-24.916249694826547,-0.9733984255799442,1.1402588188648224,1.0892633199691772,1.4013328552246094,-1.3983290195465088,-38.299503659857734,-4.488530406911597,37.13160771219872,38.52147191787598,2.034684419631958,1.0459520816802979,-1.4208461046218872,-1.2796917943369903,-1.6463183172426135,2.142521184682846,-0.7327863517016626,-0.4186087787727561,0.6714930209515417,0.22984294960864204
10.027266025543213,-24.916249694826547,-0.9733984255799442,1.1402588188648224,1.0892633199691772,1.4013328552246094,-1.3983290195465088,-38.299503659857734,-4.488530406911597,37.13160771219872,38.52147191787598,2.034684419631958,1.0459520816802979,-1.4208461046218872,-1.2796917943369903,-1.6463183172426135,2.142521184682846,-0.7327863517016626,-0.4186087787727561,0.6714930209515417,0.22984294960864204
10.033279657363892,-24.916249694826547,-0.9733984255799442,1.1402588188648224,1.0892633199691772,1.4013328552246094,-1.3983290195465088,-38.299503659857734,-4.488530406911597,37.13160771219872,38.52147191787598,2.034684419631958,1.0459520816802979,-1.4208461046218872,-1.2796917943369903,-1.6463183172426135,2.142521184682846,-0.7327863517016626,-0.4186087787727561,0.6714930209515417,0.22984294960864204
10.038774728775024,-24.913476409914438,-0.9885449194916873,1.1380566656589508,1.0372936725616455,1.4101232290267944,-1.3956232070922852,-37.58267534767485,-4.512934628692775,37.86564324196209,37.812892065053624,1.9861785173416138,1.0446839332580566,-1.4622952938079834,-1.2355795324827883,-1.6796780373308424,2.138367623090744,-0.713667199108648,-0.4186823786556862,0.6847690176572321,0.2283986625326105
10.044109582901001,-24.913476409914438,-0.9885449194916873,1.1380566656589508,1.0372936725616455,1.4101232290267944,-1.3956232070922852,-37.58267534767485,-4.512934628692775,37.86564324196209,37.812892065053624,1.9861785173416138,1.0446839332580566,-1.4622952938079834,-1.2355795324827883,-1.6796780373308424,2.138367623090744,-0.713667199108648,-0.4186823786556862,0.6847690176572321,0.2283986625326105
10.049219846725464,-24.907655181887094,-1.0184277677544742,1.1344188749790192,0.9313740134239197,1.4291378259658813,-1.386048436164856,-36.109244078113036,-4.621527323854446,39.26038910203524,36.363848377601,1.8778021335601807,1.043980360031128,-1.5483193397521973,-1.1176488161087035,-1.7149653911590577,2.1161913335323335,-0.6752421747090128,-0.4133127976952271,0.7099948285244203,0.22587652764527957
10.054657697677612,-24.907655181887094,-1.0184277677544742,1.1344188749790192,0.9313740134239197,1.4291378259658813,-1.386048436164856,-36.109244078113036,-4.621527323854446,39.26038910203524,36.363848377601,1.8778021335601807,1.043980360031128,-1.5483193397521973,-1.1176488161087035,-1.7149653911590577,2.1161913335323335,-0.6752421747090128,-0.4133127976952271,0.7099948285244203,0.22587652764527957
10.06027364730835,-24.907655181887094,-1.0184277677544742,1.1344188749790192,0.9313740134239197,1.4291378259658813,-1.386048436164856,-36.109244078113036,-4.621527323854446,39.26038910203524,36.363848377601,1.8778021335601807,1.043980360031128,-1.5483193397521973,-1.1176488161087035,-1.7149653911590577,2.1161913335323335,-0.6752421747090128,-0.4133127976952271,0.7099948285244203,0.22587652764527957
10.06599760055542,-24.90136665344471,-1.0477538490304141,1.131816416978836,0.8221648335456848,1.4476643800735474,-1.3726781606674194,-34.59371428277985,-4.801639219809895,40.58598135389798,34.88420237357452,1.8094100952148438,1.0450503826141357,-1.615797519683838,-0.9865978002548217,-1.7371972560882567,2.080764931440353,-0.6353878506370607,-0.40649144207506643,0.7339699055544006,0.22374740243442667
10.071843385696411,-24.90136665344471,-1.0477538490304141,1.131816416978836,0.8221648335456848,1.4476643800735474,-1.3726781606674194,-34.59371428277985,-4.801639219809895,40.58598135389798,34.88420237357452,1.8094100952148438,1.0450503826141357,-1.615797519683838,-0.9865978002548217,-1.7371972560882567,2.080764931440353,-0.6353878506370607,-0.40649144207506643,0.7339699055544006,0.22374740243442667
10.077465772628784,-24.894608917238656,-1.0764745855340152,1.1302441656589508,0.7101558446884155,1.4649930000305176,-1.355372428894043,-33.04872069467567,-5.0485507580520075,41.846661824158375,33.38881707268144,1.7358744144439697,1.0402146577835083,-1.6719797849655151,-0.8521870136260986,-1.7579916000366211,2.0316777884960175,-0.5938676599440836,-0.4004228218833042,0.7567709677529854,0.22202991553438298
10.083225965499878,-24.894608917238656,-1.0764745855340152,1.1302441656589508,0.7101558446884155,1.4649930000305176,-1.355372428894043,-33.04872069467567,-5.0485507580520075,41.846661824158375,33.38881707268144,1.7358744144439697,1.0402146577835083,-1.6719797849655151,-0.8521870136260986,-1.7579916000366211,2.0316777884960175,-0.5938676599440836,-0.4004228218833042,0.7567709677529854,0.22202991553438298
10.08871841430664,-24.887303771974985,-1.1045703077325015,1.1297021210193634,0.5958204865455627,1.4809749126434326,-1.333547830581665,-31.48378085946619,-5.361845281203336,43.03037804607365,31.89079432121314,1.646946668624878,1.0284581184387207,-1.7223948240280151,-0.7149845838546752,-1.777169895172119,1.9671796739101408,-0.5510274630706591,-0.39512462125012177,0.7781800304283112,0.2207596733532028
10.094843864440918,-24.887303771974985,-1.1045703077325015,1.1297021210193634,0.5958204865455627,1.4809749126434326,-1.333547830581665,-31.48378085946619,-5.361845281203336,43.03037804607365,31.89079432121314,1.646946668624878,1.0284581184387207,-1.7223948240280151,-0.7149845838546752,-1.777169895172119,1.9671796739101408,-0.5510274630706591,-0.39512462125012177,0.7781800304283112,0.2207596733532028
10.100804328918457,-24.887303771974985,-1.1045703077325015,1.1297021210193634,0.5958204865455627,1.4809749126434326,-1.333547830581665,-31.48378085946619,-5.361845281203336,43.03037804607365,31.89079432121314,1.646946668624878,1.0284581184387207,-1.7223948240280151,-0.7149845838546752,-1.777169895172119,1.9671796739101408,-0.5510274630706591,-0.39512462125012177,0.7781800304283112,0.2207596733532028
10.10699200630188,-24.879531326296274,-1.1319921398171573,1.1302050650119781,0.4794861078262329,1.4955030679702759,-1.306684136390686,-29.903896892270218,-5.7411795410525865,44.123668714837116,30.39989819326621,1.5438573360443115,1.0136052370071411,-1.771398901939392,-0.5753833293914795,-1.794603681564331,1.8856832921504973,-0.5071187766353179,-0.3906102922156064,0.7979536282016306,0.21995900629570292
10.11231279373169,-24.879531326296274,-1.1319921398171573,1.1302050650119781,0.4794861078262329,1.4955030679702759,-1.306684136390686,-29.903896892270218,-5.7411795410525865,44.123668714837116,30.39989819326621,1.5438573360443115,1.0136052370071411,-1.771398901939392,-0.5753833293914795,-1.794603681564331,1.8856832921504973,-0.5071187766353179,-0.3906102922156064,0.7979536282016306,0.21995900629570292
10.118300199508667,-24.871287765505258,-1.1587108755120425,1.1317431032657623,0.36131662130355835,1.5082712173461914,-1.2744755744934082,-28.310052814253787,-6.18487553074309,45.117298381674104,28.923080607538143,1.4330850839614868,0.9993770718574524,-1.8210532665252686,-0.43357994556427,-1.8099254608154296,1.7862891376018522,-0.46234751601979124,-0.3868529059446832,0.8159247258511642,0.21963111168039817
10.12407660484314,-24.871287765505258,-1.1587108755120425,1.1317431032657623,0.36131662130355835,1.5082712173461914,-1.2744755744934082,-28.310052814253787,-6.18487553074309,45.117298381674104,28.923080607538143,1.4330850839614868,0.9993770718574524,-1.8210532665252686,-0.43357994556427,-1.8099254608154296,1.7862891376018522,-0.46234751601979124,-0.3868529059446832,0.8159247258511642,0.21963111168039817
10.12969446182251,-24.862576904299203,-1.1846971893319278,1.1343163549900055,0.24142765998840332,1.5187660455703735,-1.2367589473724365,-26.701215670667,-6.689728403947982,46.00639898435585,27.466651283063616,1.3201439380645752,0.9879254102706909,-1.8711626529693604,-0.289713191986084,-1.8225192546844482,1.6685074031352998,-0.41692025773637087,-0.383783720147928,0.8320052780773429,0.21977085683700612
10.13542890548706,-24.862576904299203,-1.1846971893319278,1.1343163549900055,0.24142765998840332,1.5187660455703735,-1.2367589473724365,-26.701215670667,-6.689728403947982,46.00639898435585,27.466651283063616,1.3201439380645752,0.9879254102706909,-1.8711626529693604,-0.289713191986084,-1.8225192546844482,1.6685074031352998,-0.41692025773637087,-0.383783720147928,0.8320052780773429,0.21977085683700612
10.140504837036133,-24.85339874267811,-1.2099023246773868,1.137919932603836,0.11989116668701172,1.526612639427185,-1.1930675506591797,-25.074055643732358,-7.252678764781023,46.77473752948355,26.036600473167645,1.1726253032684326,0.9804727435112,-1.9266371726989746,-0.14386940002441406,-1.831935167312622,1.5309467732906339,-0.3709475624879733,-0.3812914569793172,0.8459016898726394,0.22038973156887576
10.145805835723877,-24.85339874267811,-1.2099023246773868,1.137919932603836,0.11989116668701172,1.526612639427185,-1.1930675506591797,-25.074055643732358,-7.252678764781023,46.77473752948355,26.036600473167645,1.1726253032684326,0.9804727435112,-1.9266371726989746,-0.14386940002441406,-1.831935167312622,1.5309467732906339,-0.3709475624879733,-0.3812914569793172,0.8459016898726394,0.22038973156887576
10.151383399963379,-24.85339874267811,-1.2099023246773868,1.137919932603836,0.11989116668701172,1.526612639427185,-1.1930675506591797,-25.074055643732358,-7.252678764781023,46.77473752948355,26.036600473167645,1.1726253032684326,0.9804727435112,-1.9266371726989746,-0.14386940002441406,-1.831935167312622,1.5309467732906339,-0.3709475624879733,-0.3812914569793172,0.8459016898726394,0.22038973156887576
10.157540321350098,-24.84374946594471,-1.2342968368539005,1.1425390541553497,-0.003173232078552246,1.5311248302459717,-1.1430819034576416,-23.42538742601692,-7.870326519598165,47.41118161923503,24.641350739676753,1.0339148044586182,0.9751670360565186,-1.9801878929138184,0.0038078784942626952,-1.837349796295166,1.3726754128932952,-0.32460656736005455,-0.37925097360856147,0.857412617200123,0.22149426660608548
10.163727045059204,-24.84374946594471,-1.2342968368539005,1.1425390541553497,-0.003173232078552246,1.5311248302459717,-1.1430819034576416,-23.42538742601692,-7.870326519598165,47.41118161923503,24.641350739676753,1.0339148044586182,0.9751670360565186,-1.9801878929138184,0.0038078784942626952,-1.837349796295166,1.3726754128932952,-0.32460656736005455,-0.37925097360856147,0.857412617200123,0.22149426660608548
10.168517589569092,-24.833592834474985,-1.2578221941002994,1.1481591761112213,-0.12733149528503418,1.5311707258224487,-1.087001085281372,-21.75725767210653,-8.535029281884565,47.9257042643077,23.295586025190772,0.9112474322319031,0.9708749055862427,-2.025784730911255,0.15279779434204102,-1.8374048709869384,1.1943167388439178,-0.2783083143413755,-0.37753232016505206,0.8667184350577272,0.22307102059661613
10.174686670303345,-24.833592834474985,-1.2578221941002994,1.1481591761112213,-0.12733149528503418,1.5311707258224487,-1.087001085281372,-21.75725767210653,-8.535029281884565,47.9257042643077,23.295586025190772,0.9112474322319031,0.9708749055862427,-2.025784730911255,0.15279779434204102,-1.8374048709869384,1.1943167388439178,-0.2783083143413755,-0.37753232016505206,0.8667184350577272,0.22307102059661613
10.180356979370117,-24.833592834474985,-1.2578221941002994,1.1481591761112213,-0.12733149528503418,1.5311707258224487,-1.087001085281372,-21.75725767210653,-8.535029281884565,47.9257042643077,23.295586025190772,0.9112474322319031,0.9708749055862427,-2.025784730911255,0.15279779434204102,-1.8374048709869384,1.1943167388439178,-0.2783083143413755,-0.37753232016505206,0.8667184350577272,0.22307102059661613
10.185825824737549,-24.82292884826893,-1.2804394149789005,1.1547607481479645,-0.2519550323486328,1.5257556438446045,-1.0249873399734497,-20.073358987361757,-9.236882642982795,48.32795364793436,22.01667936878007,0.800621747970581,0.9680115580558777,-2.0603628158569336,0.30234603881835936,-1.8309067726135253,0.9963926732540132,-0.23246799472383584,-0.37599744420133446,0.8739936435120312,0.22511129478944625
10.19121527671814,-24.82292884826893,-1.2804394149789005,1.1547607481479645,-0.2519550323486328,1.5257556438446045,-1.0249873399734497,-20.073358987361757,-9.236882642982795,48.32795364793436,22.01667936878007,0.800621747970581,0.9680115580558777,-2.0603628158569336,0.30234603881835936,-1.8309067726135253,0.9963926732540132,-0.23246799472383584,-0.37599744420133446,0.8739936435120312,0.22511129478944625
10.196828126907349,-24.811795654299203,-1.302109398842731,1.1623193323612213,-0.3760432004928589,1.514350175857544,-0.9573813080787659,-18.378977252912883,-9.965207211700708,48.63621575601085,20.8244039600518,0.7284690737724304,0.9643099904060364,-2.080806016921997,0.45125184059143064,-1.8172202110290527,0.7799691259860992,-0.18749231128375035,-0.3746356786468909,0.8795689686364593,0.22759922570710658
10.20199990272522,-24.811795654299203,-1.302109398842731,1.1623193323612213,-0.3760432004928589,1.514350175857544,-0.9573813080787659,-18.378977252912883,-9.965207211700708,48.63621575601085,20.8244039600518,0.7284690737724304,0.9643099904060364,-2.080806016921997,0.45125184059143064,-1.8172202110290527,0.7799691259860992,-0.18749231128375035,-0.3746356786468909,0.8795689686364593,0.22759922570710658
10.20814037322998,-24.811795654299203,-1.302109398842731,1.1623193323612213,-0.3760432004928589,1.514350175857544,-0.9573813080787659,-18.378977252912883,-9.965207211700708,48.63621575601085,20.8244039600518,0.7284690737724304,0.9643099904060364,-2.080806016921997,0.45125184059143064,-1.8172202110290527,0.7799691259860992,-0.18749231128375035,-0.3746356786468909,0.8795689686364593,0.22759922570710658
10.213960409164429,-24.800195159914438,-1.3227733755120425,1.170810490846634,-0.4989626407623291,1.4962525367736816,-0.884044349193573,-16.67712248100166,-10.709996862040185,48.84739865214608,19.737407365754144,0.6166336536407471,0.9654535055160522,-2.094005823135376,0.5987551689147949,-1.7955030441284179,0.544674164056778,-0.14364784776190795,-0.3732785683420062,0.8833884887001452,0.2305425312638048
10.219296216964722,-24.800195159914438,-1.3227733755120425,1.170810490846634,-0.4989626407623291,1.4962525367736816,-0.884044349193573,-16.67712248100166,-10.709996862040185,48.84739865214608,19.737407365754144,0.6166336536407471,0.9654535055160522,-2.094005823135376,0.5987551689147949,-1.7955030441284179,0.544674164056778,-0.14364784776190795,-0.3732785683420062,0.8833884887001452,0.2305425312638048
10.2254478931427,-24.788047256472055,-1.342392601967731,1.180219680070877,-0.6192547082901001,1.4731781482696533,-0.8043749332427979,-14.967015159379851,-11.464092158044496,48.94228772628183,18.773010036219986,0.4996727705001831,0.9668287634849548,-2.1023502349853516,0.7431056499481201,-1.7678137779235839,0.2887293756008149,-0.1009374008881739,-0.37211552493146516,0.8851046822419464,0.2339718328399545
10.230531930923462,-24.788047256472055,-1.342392601967731,1.180219680070877,-0.6192547082901001,1.4731781482696533,-0.8043749332427979,-14.967015159379851,-11.464092158044496,48.94228772628183,18.773010036219986,0.4996727705001831,0.9668287634849548,-2.1023502349853516,0.7431056499481201,-1.7678137779235839,0.2887293756008149,-0.1009374008881739,-0.37211552493146516,0.8851046822419464,0.2339718328399545
10.236104488372803,-24.788047256472055,-1.342392601967731,1.180219680070877,-0.6192547082901001,1.4731781482696533,-0.8043749332427979,-14.967015159379851,-11.464092158044496,48.94228772628183,18.773010036219986,0.4996727705001831,0.9668287634849548,-2.1023502349853516,0.7431056499481201,-1.7678137779235839,0.2887293756008149,-0.1009374008881739,-0.37211552493146516,0.8851046822419464,0.2339718328399545
10.242262125015259,-24.775428237917367,-1.360947289467731,1.1905420124530792,-0.7360621690750122,1.4453599452972412,-0.7186338901519775,-13.249885875265573,-12.22286228611172,48.92356343315533,17.952078302280956,0.3892502188682556,0.9659429788589478,-2.1071054935455322,0.8832746028900146,-1.7344319343566894,0.012926048040390103,-0.05947453643219756,-0.3712414215519164,0.8847660288065412,0.23787835583270595
10.247831106185913,-24.775428237917367,-1.360947289467731,1.1905420124530792,-0.7360621690750122,1.4453599452972412,-0.7186338901519775,-13.249885875265573,-12.22286228611172,48.92356343315533,17.952078302280956,0.3892502188682556,0.9659429788589478,-2.1071054935455322,0.8832746028900146,-1.7344319343566894,0.012926048040390103,-0.05947453643219756,-0.3712414215519164,0.8847660288065412,0.23787835583270595
10.253183364868164,-24.76238197326893,-1.3784178876885562,1.2017578184604645,-0.8487875461578369,1.412384271621704,-0.6275584101676941,-11.527445120751036,-12.982521904587674,48.80845019958404,17.29565966213024,0.31202438473701477,0.9618157148361206,-2.1085691452026367,1.0185450553894042,-1.6948611259460449,-0.2804888427257537,-0.019375461966288872,-0.3707193079136066,0.8826840547770736,0.2422315276652087
10.258052587509155,-24.76238197326893,-1.3784178876885562,1.2017578184604645,-0.8487875461578369,1.412384271621704,-0.6275584101676941,-11.527445120751036,-12.982521904587674,48.80845019958404,17.29565966213024,0.31202438473701477,0.9618157148361206,-2.1085691452026367,1.0185450553894042,-1.6948611259460449,-0.2804888427257537,-0.019375461966288872,-0.3707193079136066,0.8826840547770736,0.2422315276652087
10.26383113861084,-24.76238197326893,-1.3784178876885562,1.2017578184604645,-0.8487875461578369,1.412384271621704,-0.6275584101676941,-11.527445120751036,-12.982521904587674,48.80845019958404,17.29565966213024,0.31202438473701477,0.9618157148361206,-2.1085691452026367,1.0185450553894042,-1.6948611259460449,-0.2804888427257537,-0.019375461966288872,-0.3707193079136066,0.8826840547770736,0.2422315276652087
10.269660711288452,-24.74890655517811,-1.3947753095635562,1.2138574421405792,-0.9570056200027466,1.3735873699188232,-0.5316113829612732,-9.799783129640721,-13.738070814990852,48.60483491601637,16.820205936148753,0.21977896988391876,0.9610289931297302,-2.1061439514160156,1.148406744003296,-1.6483048439025878,-0.5901092469692233,0.01930428208479687,-0.370477926155748,0.8790014049266716,0.247015135264173
10.274747610092163,-24.74890655517811,-1.3947753095635562,1.2138574421405792,-0.9570056200027466,1.3735873699188232,-0.5316113829612732,-9.799783129640721,-13.738070814990852,48.60483491601637,16.820205936148753,0.21977896988391876,0.9610289931297302,-2.1061439514160156,1.148406744003296,-1.6483048439025878,-0.5901092469692233,0.01930428208479687,-0.370477926155748,0.8790014049266716,0.247015135264173
10.27997374534607,-24.734960021974985,-1.4099902296075015,1.226816326379776,-1.0601682662963867,1.3288463354110718,-0.4308975338935852,-8.065273857174576,-14.482952469951098,48.30558571141983,16.53515652263765,0.1374603509902954,0.9612976312637329,-2.1010162830352783,1.272201919555664,-1.594615602493286,-0.9155767858028412,0.056598376694542686,-0.3704047456168469,0.8735890900000561,0.25223006910611107
10.284800052642822,-24.734960021974985,-1.4099902296075015,1.226816326379776,-1.0601682662963867,1.3288463354110718,-0.4308975338935852,-8.065273857174576,-14.482952469951098,48.30558571141983,16.53515652263765,0.1374603509902954,0.9612976312637329,-2.1010162830352783,1.272201919555664,-1.594615602493286,-0.9155767858028412,0.056598376694542686,-0.3704047456168469,0.8735890900000561,0.25223006910611107
10.290141344070435,-24.734960021974985,-1.4099902296075015,1.226816326379776,-1.0601682662963867,1.3288463354110718,-0.4308975338935852,-8.065273857174576,-14.482952469951098,48.30558571141983,16.53515652263765,0.1374603509902954,0.9612976312637329,-2.1010162830352783,1.272201919555664,-1.594615602493286,-0.9155767858028412,0.056598376694542686,-0.3704047456168469,0.8735890900000561,0.25223006910611107
10.296036958694458,-24.720624389650766,-1.4240332031258731,1.2406151592731476,-1.1577470302581787,1.2775919437408447,-0.3257715702056885,-6.324158372687909,-15.211648913704504,47.911752592526625,16.445193000368825,0.037472426891326904,0.9644030332565308,-2.090454578399658,1.3892964363098144,-1.5331103324890136,-1.2557925760746005,0.09247973992656415,-0.370390866193763,0.866466100748155,0.25786761966148103
10.303333044052124,-24.720624389650766,-1.4240332031258731,1.2406151592731476,-1.1577470302581787,1.2775919437408447,-0.3257715702056885,-6.324158372687909,-15.211648913704504,47.911752592526625,16.445193000368825,0.037472426891326904,0.9644030332565308,-2.090454578399658,1.3892964363098144,-1.5331103324890136,-1.2557925760746005,0.09247973992656415,-0.370390866193763,0.866466100748155,0.25786761966148103
10.30816388130188,-24.705859603884164,-1.4368652486809879,1.2552148401737213,-1.2491211891174316,1.2193973064422607,-0.21631455421447754,-4.576923173259711,-15.916512038372955,47.41007622494846,16.545142350029472,-0.07068002223968506,0.9682537317276001,-2.0744619369506836,1.4920907206121206,-1.4565851748679786,-1.6104430496692657,0.12590551925782772,-0.3702270318718951,0.8573926246925238,0.26393101292518645
10.312889099121094,-24.705859603884164,-1.4368652486809879,1.2552148401737213,-1.2491211891174316,1.2193973064422607,-0.21631455421447754,-4.576923173259711,-15.916512038372955,47.41007622494846,16.545142350029472,-0.07068002223968506,0.9682537317276001,-2.0744619369506836,1.4920907206121206,-1.4565851748679786,-1.6104430496692657,0.12590551925782772,-0.3702270318718951,0.8573926246925238,0.26393101292518645
10.318618059158325,-24.705859603884164,-1.4368652486809879,1.2552148401737213,-1.2491211891174316,1.2193973064422607,-0.21631455421447754,-4.576923173259711,-15.916512038372955,47.41007622494846,16.545142350029472,-0.07068002223968506,0.9682537317276001,-2.0744619369506836,1.4920907206121206,-1.4565851748679786,-1.6104430496692657,0.12590551925782772,-0.3702270318718951,0.8573926246925238,0.26393101292518645
10.3238205909729,-24.690701904299203,-1.4484570407876163,1.270576149225235,-1.3335952758789062,1.153956413269043,-0.10317015647888184,-2.8264670384688166,-16.592299425158576,46.8050113857811,16.824645122607105,-0.17179399728775024,0.9698734283447266,-2.053330183029175,1.5768158271346546,-1.364414503543418,-1.9775265991687774,0.15669487990267933,-0.37008576790270337,0.846449232328254,0.2703976504468281
10.328886032104492,-24.690701904299203,-1.4484570407876163,1.270576149225235,-1.3335952758789062,1.153956413269043,-0.10317015647888184,-2.8264670384688166,-16.592299425158576,46.8050113857811,16.824645122607105,-0.17179399728775024,0.9698734283447266,-2.053330183029175,1.5768158271346546,-1.364414503543418,-1.9775265991687774,0.15669487990267933,-0.37008576790270337,0.846449232328254,0.2703976504468281
10.334593057632446,-24.68296760559315,-1.4537792587289005,1.2785302698612213,-1.3730353116989136,1.1184935569763184,-0.04550480842590332,-1.9510607601668535,-16.91812514636566,46.468151619847106,17.026988798661016,-0.21231001615524292,0.9693496227264404,-2.0418457984924316,1.61666348683591,-1.3169564383507655,-2.1648400604724887,0.1717812059890969,-0.3700477611924198,0.8403566809986728,0.2737709114202166
10.340468645095825,-24.68296760559315,-1.4537792587289005,1.2785302698612213,-1.3730353116989136,1.1184935569763184,-0.04550480842590332,-1.9510607601668535,-16.91812514636566,46.468151619847106,17.026988798661016,-0.21231001615524292,0.9693496227264404,-2.0418457984924316,1.61666348683591,-1.3169564383507655,-2.1648400604724887,0.1717812059890969,-0.3700477611924198,0.8403566809986728,0.2737709114202166
10.345892906188965,-24.68296760559315,-1.4537792587289005,1.2785302698612213,-1.3730353116989136,1.1184935569763184,-0.04550480842590332,-1.9510607601668535,-16.91812514636566,46.468151619847106,17.026988798661016,-0.21231001615524292,0.9693496227264404,-2.0418457984924316,1.61666348683591,-1.3169564383507655,-2.1648400604724887,0.1717812059890969,-0.3700477611924198,0.8403566809986728,0.2737709114202166
10.351682901382446,-24.667226257326547,-1.4634374761590152,1.294955998659134,-1.445929765701294,1.0416884422302246,0.07156455516815186,-0.20207590381277685,-17.542051158457845,45.72898179294873,17.54318078635831,-0.2950838804244995,0.9685569405555725,-2.0135691165924072,1.6918515584055331,-1.218857413524135,-2.545614463090897,0.2013411930377187,-0.3698779801308095,0.8269878237854364,0.2807791049495016
10.357680082321167,-24.667226257326547,-1.4634374761590152,1.294955998659134,-1.445929765701294,1.0416884422302246,0.07156455516815186,-0.20207590381277685,-17.542051158457845,45.72898179294873,17.54318078635831,-0.2950838804244995,0.9685569405555725,-2.0135691165924072,1.6918515584055331,-1.218857413524135,-2.545614463090897,0.2013411930377187,-0.3698779801308095,0.8269878237854364,0.2807791049495016
10.362511157989502,-24.65109390259022,-1.4717675828942447,1.3120262920856476,-1.510413646697998,0.9576945304870605,0.18994832038879395,1.544122402801691,-18.129011657096385,44.92454408677342,18.192451970679453,-0.34924691915512085,0.9662867784500122,-1.9868484735488892,1.7610201797668645,-1.1165943832188374,-2.9314922869205478,0.23016773846075786,-0.3696436006013573,0.8124385112466282,0.2880953376662983
10.367720365524292,-24.65109390259022,-1.4717675828942447,1.3120262920856476,-1.510413646697998,0.9576945304870605,0.18994832038879395,1.544122402801691,-18.129011657096385,44.92454408677342,18.192451970679453,-0.34924691915512085,0.9662867784500122,-1.9868484735488892,1.7610201797668645,-1.1165943832188374,-2.9314922869205478,0.23016773846075786,-0.3696436006013573,0.8124385112466282,0.2880953376662983
10.373295545578003,-24.65109390259022,-1.4717675828942447,1.3120262920856476,-1.510413646697998,0.9576945304870605,0.18994832038879395,1.544122402801691,-18.129011657096385,44.92454408677342,18.192451970679453,-0.34924691915512085,0.9662867784500122,-1.9868484735488892,1.7610201797668645,-1.1165943832188374,-2.9314922869205478,0.23016773846075786,-0.3696436006013573,0.8124385112466282,0.2880953376662983
10.379363059997559,-24.63460868835682,-1.4787304782876163,1.3296972811222076,-1.5660054683685303,0.8663548231124878,0.3089803457260132,3.287501831213722,-18.676202898274077,44.058880309022896,18.953171184982548,-0.4084603786468506,0.9663417339324951,-1.957794189453125,1.824576757388869,-1.0094031635468046,-3.3203961431980136,0.2582988744854596,-0.36917430718614397,0.7967818447834167,0.2956947759441272
10.384628772735596,-24.63460868835682,-1.4787304782876163,1.3296972811222076,-1.5660054683685303,0.8663548231124878,0.3089803457260132,3.287501831213722,-18.676202898274077,44.058880309022896,18.953171184982548,-0.4084603786468506,0.9663417339324951,-1.957794189453125,1.824576757388869,-1.0094031635468046,-3.3203961431980136,0.2582988744854596,-0.36917430718614397,0.7967818447834167,0.2956947759441272
10.390301942825317,-24.61773437500233,-1.4842968368539005,1.347910076379776,-1.6121721267700195,0.7674787044525146,0.4280892610549927,5.02632990267043,-19.178999559033212,43.12651218710927,19.802697997074336,-0.4776580333709717,0.9679614901542664,-1.9245868921279907,1.882727342571068,-0.8962772136550499,-3.710505920648575,0.2856862660909288,-0.3682348834106335,0.7799187426403817,0.3035531613396273
10.396199464797974,-24.61773437500233,-1.4842968368539005,1.347910076379776,-1.6121721267700195,0.7674787044525146,0.4280892610549927,5.02632990267043,-19.178999559033212,43.12651218710927,19.802697997074336,-0.4776580333709717,0.9679614901542664,-1.9245868921279907,1.882727342571068,-0.8962772136550499,-3.710505920648575,0.2856862660909288,-0.3682348834106335,0.7799187426403817,0.3035531613396273
10.402308225631714,-24.61773437500233,-1.4842968368539005,1.347910076379776,-1.6121721267700195,0.7674787044525146,0.4280892610549927,5.02632990267043,-19.178999559033212,43.12651218710927,19.802697997074336,-0.4776580333709717,0.9679614901542664,-1.9245868921279907,1.882727342571068,-0.8962772136550499,-3.710505920648575,0.2856862660909288,-0.3682348834106335,0.7799187426403817,0.3035531613396273
10.408687353134155,-24.600547256472055,-1.4884276771554141,1.3665966093540192,-1.648392915725708,0.6609386205673218,0.546501874923706,6.756788281919644,-19.633411544141126,42.12413001563027,20.720094962379143,-0.5530296564102173,0.9689001441001892,-1.8865731954574585,1.9353999657875507,-0.776016792738098,-4.099379521608353,0.31220794511509276,-0.3666331106948562,0.7617893444480515,0.3116330981432062
10.415237665176392,-24.600547256472055,-1.4884276771554141,1.3665966093540192,-1.648392915725708,0.6609386205673218,0.546501874923706,6.756788281919644,-19.633411544141126,42.12413001563027,20.720094962379143,-0.5530296564102173,0.9689001441001892,-1.8865731954574585,1.9353999657875507,-0.776016792738098,-4.099379521608353,0.31220794511509276,-0.3666331106948562,0.7617893444480515,0.3116330981432062
10.42123532295227,-24.583045425417367,-1.491103448868671,1.3856835663318634,-1.6742124557495117,0.546690046787262,0.6632119417190552,8.473563224927911,-20.036702051058487,41.05363024363266,21.68675919413498,-0.6289969682693481,0.9676439166069031,-1.843924880027771,1.9821804176494016,-0.6472525643589377,-4.48386624455452,0.33768791547051435,-0.3642461685022453,0.742427949978407,0.31988199100868037
10.427487850189209,-24.583045425417367,-1.491103448868671,1.3856835663318634,-1.6742124557495117,0.546690046787262,0.6632119417190552,8.473563224927911,-20.036702051058487,41.05363024363266,21.68675919413498,-0.6289969682693481,0.9676439166069031,-1.843924880027771,1.9821804176494016,-0.6472525643589377,-4.48386624455452,0.33768791547051435,-0.3642461685022453,0.742427949978407,0.31988199100868037
10.433592796325684,-24.56515640259022,-1.4922656202325015,1.4050927460193634,-1.6892712116241455,0.42476993799209595,0.7770706415176392,10.171065409467378,-20.38720697940609,39.92023407351166,22.68648694213473,-0.7022887468338013,0.9638327956199646,-1.7972331047058105,2.0222290305265336,-0.5084927121185626,-4.860378867387771,0.3619204997576857,-0.361016145903437,0.7219289915347746,0.32823588487015715
10.439281463623047,-24.56515640259022,-1.4922656202325015,1.4050927460193634,-1.6892712116241455,0.42476993799209595,0.7770706415176392,10.171065409467378,-20.38720697940609,39.92023407351166,22.68648694213473,-0.7022887468338013,0.9638327956199646,-1.7972331047058105,2.0222290305265336,-0.5084927121185626,-4.860378867387771,0.3619204997576857,-0.361016145903437,0.7219289915347746,0.32823588487015715
10.44539499282837,-24.546952667238656,-1.4918749713906436,1.4247411787509918,-1.6933093070983887,0.29529860615730286,0.8868510723114014,11.843909660457479,-20.68400960846432,38.73036096444026,23.705316688514092,-0.7720609903335571,0.957653284072876,-1.74721097946167,2.031971168518066,-0.35435832738876344,-5.22508733868599,0.3833255197228972,-0.3581769875361723,0.7004085734682071,0.3366220642086053
10.451226234436035,-24.546952667238656,-1.4918749713906436,1.4247411787509918,-1.6933093070983887,0.29529860615730286,0.8868510723114014,11.843909660457479,-20.68400960846432,38.73036096444026,23.705316688514092,-0.7720609903335571,0.957653284072876,-1.74721097946167,2.031971168518066,-0.35435832738876344,-5.22508733868599,0.3833255197228972,-0.3581769875361723,0.7004085734682071,0.3366220642086053
10.456995487213135,-24.528436126711313,-1.4899120712289005,1.4445361196994781,-1.6861783266067505,0.15847373008728027,0.9912811517715454,13.486973606351707,-20.92694044720187,37.4902488535584,24.73144948870514,-0.8384754657745361,0.9492572546005249,-1.69451904296875,2.0234139919281007,-0.19016847610473633,-5.5740084707736965,0.4029097782187414,-0.35524245714056923,0.6779795170653622,0.34496035965704663
10.463653087615967,-24.528436126711313,-1.4899120712289005,1.4445361196994781,-1.6861783266067505,0.15847373008728027,0.9912811517715454,13.486973606351707,-20.92694044720187,37.4902488535584,24.73144948870514,-0.8384754657745361,0.9492572546005249,-1.69451904296875,2.0234139919281007,-0.19016847610473633,-5.5740084707736965,0.4029097782187414,-0.35524245714056923,0.6779795170653622,0.34496035965704663
10.469098806381226,-24.528436126711313,-1.4899120712289005,1.4445361196994781,-1.6861783266067505,0.15847373008728027,0.9912811517715454,13.486973606351707,-20.92694044720187,37.4902488535584,24.73144948870514,-0.8384754657745361,0.9492572546005249,-1.69451904296875,2.0234139919281007,-0.19016847610473633,-5.5740084707736965,0.4029097782187414,-0.35524245714056923,0.6779795170653622,0.34496035965704663
10.473932027816772,-24.509686889650766,-1.486318268776813,1.4643798172473907,-1.6678271293640137,0.014610439538955688,1.0890939235687256,15.096244863812077,-21.115528129170986,36.20713103174231,25.7546771214117,-0.8992573022842407,0.9406905174255371,-1.6396814584732056,2.001392555236816,-0.017532527446746826,-5.90316544175148,0.42100566889100227,-0.3519821624095646,0.6547726458926069,0.35316492063493266
10.479016542434692,-24.509686889650766,-1.486318268776813,1.4643798172473907,-1.6678271293640137,0.014610439538955688,1.0890939235687256,15.096244863812077,-21.115528129170986,36.20713103174231,25.7546771214117,-0.8992573022842407,0.9406905174255371,-1.6396814584732056,2.001392555236816,-0.017532527446746826,-5.90316544175148,0.42100566889100227,-0.3519821624095646,0.6547726458926069,0.35316492063493266
10.484701871871948,-24.490624847414438,-1.4810741329201846,1.484164983034134,-1.6383098363876343,-0.1358640044927597,1.179044246673584,16.66822724324655,-21.24935280858676,34.888344362518055,26.766360822772924,-0.954527735710144,0.9324871897697449,-1.5830762386322021,1.965971803665161,0.16303680539131163,-6.208629709482193,0.4376196982146157,-0.34841681405173414,0.6309206567637233,0.361145179692161
10.490447044372559,-24.490624847414438,-1.4810741329201846,1.484164983034134,-1.6383098363876343,-0.1358640044927597,1.179044246673584,16.66822724324655,-21.24935280858676,34.888344362518055,26.766360822772924,-0.954527735710144,0.9324871897697449,-1.5830762386322021,1.965971803665161,0.16303680539131163,-6.208629709482193,0.4376196982146157,-0.34841681405173414,0.6309206567637233,0.361145179692161
10.496212482452393,-24.490624847414438,-1.4810741329201846,1.484164983034134,-1.6383098363876343,-0.1358640044927597,1.179044246673584,16.66822724324655,-21.24935280858676,34.888344362518055,26.766360822772924,-0.954527735710144,0.9324871897697449,-1.5830762386322021,1.965971803665161,0.16303680539131163,-6.208629709482193,0.4376196982146157,-0.34841681405173414,0.6309206567637233,0.361145179692161
10.501516103744507,-24.47125000000233,-1.4741503381737857,1.5037889778614044,-1.597733497619629,-0.29261845350265503,1.259881615638733,18.199813957842686,-21.328700633825548,33.54002018749569,27.75972530093896,-1.0055879354476929,0.924106776714325,-1.5249719619750977,1.9172801971435547,0.351142144203186,-6.486465007066727,0.4527434455275003,-0.3445721641216021,0.6065344430451988,0.36880623976130567
10.507810115814209,-24.47125000000233,-1.4741503381737857,1.5037889778614044,-1.597733497619629,-0.29261845350265503,1.259881615638733,18.199813957842686,-21.328700633825548,33.54002018749569,27.75972530093896,-1.0055879354476929,0.924106776714325,-1.5249719619750977,1.9172801971435547,0.351142144203186,-6.486465007066727,0.4527434455275003,-0.3445721641216021,0.6065344430451988,0.36880623976130567
10.513322114944458,-24.451562347414438,-1.4655175590523868,1.5231298506259918,-1.5463968515396118,-0.45504021644592285,1.3303148746490479,19.68656815196774,-21.354715149236807,32.16849992878416,28.728591417469897,-1.053078532218933,0.9148427248001099,-1.4656431674957275,1.855676221847534,0.5460482597351074,-6.7325783550739295,0.4663534948233092,-0.34049553922089,0.5817286976852806,0.37604358310794606
10.51914095878601,-24.451562347414438,-1.4655175590523868,1.5231298506259918,-1.5463968515396118,-0.45504021644592285,1.3303148746490479,19.68656815196774,-21.354715149236807,32.16849992878416,28.728591417469897,-1.053078532218933,0.9148427248001099,-1.4656431674957275,1.855676221847534,0.5460482597351074,-6.7325783550739295,0.4663534948233092,-0.34049553922089,0.5817286976852806,0.37604358310794606
10.525320768356323,-24.431601943972055,-1.4551464700707584,1.5420654118061066,-1.4847480058670044,-0.6224521994590759,1.389169454574585,21.125252048782823,-21.329289121508396,30.77888369867197,29.668546989792077,-1.096996784210205,0.9044281244277954,-1.405308485031128,1.7816976070404051,0.7469426393508911,-6.943226104974746,0.4784408512747417,-0.33624486816296834,0.5565956629136651,0.3827562125570464
10.531095504760742,-24.431601943972055,-1.4551464700707584,1.5420654118061066,-1.4847480058670044,-0.6224521994590759,1.389169454574585,21.125252048782823,-21.329289121508396,30.77888369867197,29.668546989792077,-1.096996784210205,0.9044281244277954,-1.405308485031128,1.7816976070404051,0.7469426393508911,-6.943226104974746,0.4784408512747417,-0.33624486816296834,0.5565956629136651,0.3827562125570464
10.536403179168701,-24.431601943972055,-1.4551464700707584,1.5420654118061066,-1.4847480058670044,-0.6224521994590759,1.389169454574585,21.125252048782823,-21.329289121508396,30.77888369867197,29.668546989792077,-1.096996784210205,0.9044281244277954,-1.405308485031128,1.7816976070404051,0.7469426393508911,-6.943226104974746,0.4784408512747417,-0.33624486816296834,0.5565956629136651,0.3827562125570464
10.542285680770874,-24.411366882326547,-1.4430175209054141,1.5604735910892487,-1.4132564067840576,-0.7945555448532104,1.4350252151489258,22.507875809597053,-21.25439239983485,29.373393058703737,30.57227245674299,-1.1493055820465088,0.8881572484970093,-1.3345012664794922,1.695907688140869,0.9534666538238525,-7.113928109407425,0.48884261336114637,-0.33185712975342924,0.5311755185888902,0.38881287093402606
10.54781174659729,-24.411366882326547,-1.4430175209054141,1.5604735910892487,-1.4132564067840576,-0.7945555448532104,1.4350252151489258,22.507875809597053,-21.25439239983485,29.373393058703737,30.57227245674299,-1.1493055820465088,0.8881572484970093,-1.3345012664794922,1.695907688140869,0.9534666538238525,-7.113928109407425,0.48884261336114637,-0.33185712975342924,0.5311755185888902,0.38881287093402606
10.553753137588501,-24.390819015505258,-1.4291112804421573,1.5782226622104645,-1.3329389095306396,-0.9698687791824341,1.4670584201812744,23.830030269337175,-21.130290946177922,27.960157279044196,31.433812006878988,-1.1810555458068848,0.8783588409423828,-1.269553542137146,1.5995266914367676,1.1638425350189208,-7.241976052522659,0.4975767029741664,-0.32736495129015253,0.5056152932396178,0.39411122091722905
10.559897899627686,-24.390819015505258,-1.4291112804421573,1.5782226622104645,-1.3329389095306396,-0.9698687791824341,1.4670584201812744,23.830030269337175,-21.130290946177922,27.960157279044196,31.433812006878988,-1.1810555458068848,0.8783588409423828,-1.269553542137146,1.5995266914367676,1.1638425350189208,-7.241976052522659,0.4975767029741664,-0.32736495129015253,0.5056152932396178,0.39411122091722905
10.565635919570923,-24.390819015505258,-1.4291112804421573,1.5782226622104645,-1.3329389095306396,-0.9698687791824341,1.4670584201812744,23.830030269337175,-21.130290946177922,27.960157279044196,31.433812006878988,-1.1810555458068848,0.8783588409423828,-1.269553542137146,1.5995266914367676,1.1638425350189208,-7.241976052522659,0.4975767029741664,-0.32736495129015253,0.5056152932396178,0.39411122091722905
10.570507287979126,-24.36996025085682,-1.4134277486809879,1.595195323228836,-1.2447457313537598,-1.146925687789917,1.484840750694275,25.097254832894365,-20.96033913795206,26.549087449667553,32.256775469556764,-1.2059322595596313,0.8687851428985596,-1.2096667289733887,1.4936948776245116,1.3763108253479004,-7.32587383389473,0.5048577853718789,-0.3228663748605403,0.48009424194617006,0.39860001161843683
10.576348066329956,-24.36996025085682,-1.4134277486809879,1.595195323228836,-1.2447457313537598,-1.146925687789917,1.484840750694275,25.097254832894365,-20.96033913795206,26.549087449667553,32.256775469556764,-1.2059322595596313,0.8687851428985596,-1.2096667289733887,1.4936948776245116,1.3763108253479004,-7.32587383389473,0.5048577853718789,-0.3228663748605403,0.48009424194617006,0.39860001161843683
10.581854581832886,-24.348866882326547,-1.3959765815743594,1.611274391412735,-1.1496500968933105,-1.3247218132019043,1.4877732992172241,26.30966550441229,-20.749139064462387,25.142896660878495,33.04202301319462,-1.2292914390563965,0.8573735952377319,-1.1523630619049072,1.3667052725391122,1.5748307173140124,-7.363613802194596,0.5112305581657487,-0.31981242022417783,0.45466143451033064,0.40220887382176285
10.58749771118164,-24.348866882326547,-1.3959765815743594,1.611274391412735,-1.1496500968933105,-1.3247218132019043,1.4877732992172241,26.30966550441229,-20.749139064462387,25.142896660878495,33.04202301319462,-1.2292914390563965,0.8573735952377319,-1.1523630619049072,1.3667052725391122,1.5748307173140124,-7.363613802194596,0.5112305581657487,-0.31981242022417783,0.45466143451033064,0.40220887382176285
10.59229302406311,-24.348866882326547,-1.3959765815743594,1.611274391412735,-1.1496500968933105,-1.3247218132019043,1.4877732992172241,26.30966550441229,-20.749139064462387,25.142896660878495,33.04202301319462,-1.2292914390563965,0.8573735952377319,-1.1523630619049072,1.3667052725391122,1.5748307173140124,-7.363613802194596,0.5112305581657487,-0.31981242022417783,0.45466143451033064,0.40220887382176285
10.597559213638306,-24.327460708620492,-1.3767675542840152,1.6263426840305328,-1.0487854480743408,-1.5021588802337646,1.4754245281219482,27.465874865007113,-20.500698394909744,23.743208413886485,33.78891996166759,-1.2515606880187988,0.8444145321846008,-1.0954734086990356,1.1936891214075653,1.7097021294995256,-7.353690415620804,0.5190115985720576,-0.321587973072035,0.42934623408392797,0.40487053636467807
10.602948665618896,-24.327460708620492,-1.3767675542840152,1.6263426840305328,-1.0487854480743408,-1.5021588802337646,1.4754245281219482,27.465874865007113,-20.500698394909744,23.743208413886485,33.78891996166759,-1.2515606880187988,0.8444145321846008,-1.0954734086990356,1.1936891214075653,1.7097021294995256,-7.353690415620804,0.5190115985720576,-0.321587973072035,0.42934623408392797,0.40487053636467807
10.608102560043335,-24.305741729738656,-1.3558299922951846,1.6402978003025055,-0.9433643817901611,-1.678041934967041,1.4476337432861328,28.564668888371653,-20.216214730380944,22.35200523775411,34.49537478232629,-1.271904706954956,0.8339308500289917,-1.0377156734466553,1.0218432719530868,1.8176389679323524,-7.295437270402909,0.5274228846570382,-0.32377482076155056,0.4041844973090965,0.40652735175540017
10.6137113571167,-24.305741729738656,-1.3558299922951846,1.6402978003025055,-0.9433643817901611,-1.678041934967041,1.4476337432861328,28.564668888371653,-20.216214730380944,22.35200523775411,34.49537478232629,-1.271904706954956,0.8339308500289917,-1.0377156734466553,1.0218432719530868,1.8176389679323524,-7.295437270402909,0.5274228846570382,-0.32377482076155056,0.4041844973090965,0.40652735175540017
10.619336128234863,-24.305741729738656,-1.3558299922951846,1.6402978003025055,-0.9433643817901611,-1.678041934967041,1.4476337432861328,28.564668888371653,-20.216214730380944,22.35200523775411,34.49537478232629,-1.271904706954956,0.8339308500289917,-1.0377156734466553,1.0218432719530868,1.8176389679323524,-7.295437270402909,0.5274228846570382,-0.32377482076155056,0.4041844973090965,0.40652735175540017
10.624561309814453,-24.28370994568104,-1.3331835651406436,1.6530371010303497,-0.8347718715667725,-1.8510375022888184,1.404515266418457,29.60344369810207,-19.88905515037857,20.965989563916313,35.154304934660665,-1.3030874729156494,0.8360684514045715,-0.969344973564148,0.8572252935423463,1.9008261062741152,-7.189012581110001,0.5363957509041677,-0.3257185881117393,0.379116583327006,0.4071168551786745
10.630446910858154,-24.28370994568104,-1.3331835651406436,1.6530371010303497,-0.8347718715667725,-1.8510375022888184,1.404515266418457,29.60344369810207,-19.88905515037857,20.965989563916313,35.154304934660665,-1.3030874729156494,0.8360684514045715,-0.969344973564148,0.8572252935423463,1.9008261062741152,-7.189012581110001,0.5363957509041677,-0.3257185881117393,0.379116583327006,0.4071168551786745
10.637485027313232,-24.261367263796274,-1.3088671350487857,1.6644774973392487,-0.7245523929595947,-2.01971173286438,1.3464348316192627,30.57970955457393,-19.515525515620848,19.586380437586254,35.76087107813264,-1.323865294456482,0.8420432806015015,-0.9063401222229004,0.704102163679564,1.962706099568586,-7.035363990068436,0.5457327690186595,-0.32691251178310565,0.35416454017154253,0.40660077343034434
10.642540216445923,-24.261367263796274,-1.3088671350487857,1.6644774973392487,-0.7245523929595947,-2.01971173286438,1.3464348316192627,30.57970955457393,-19.515525515620848,19.586380437586254,35.76087107813264,-1.323865294456482,0.8420432806015015,-0.9063401222229004,0.704102163679564,1.962706099568586,-7.035363990068436,0.5457327690186595,-0.32691251178310565,0.35416454017154253,0.40660077343034434
10.647250652313232,-24.238709869387094,-1.2829492473611026,1.6745459139347076,-0.6140542030334473,-2.182790756225586,1.2739741802215576,31.49821152418354,-19.100625519639383,18.215316605596914,36.32075657592255,-1.3454633951187134,0.8471921682357788,-0.8483788967132568,0.5646761975652175,2.0072657726582355,-6.836105185747147,0.5552893567342383,-0.32716117072478573,0.3293670498884086,0.40500117899477117
10.652209997177124,-24.238709869387094,-1.2829492473611026,1.6745459139347076,-0.6140542030334473,-2.182790756225586,1.2739741802215576,31.49821152418354,-19.100625519639383,18.215316605596914,36.32075657592255,-1.3454633951187134,0.8471921682357788,-0.8483788967132568,0.5646761975652175,2.0072657726582355,-6.836105185747147,0.5552893567342383,-0.32716117072478573,0.3293670498884086,0.40500117899477117
10.657538652420044,-24.238709869387094,-1.2829492473611026,1.6745459139347076,-0.6140542030334473,-2.182790756225586,1.2739741802215576,31.49821152418354,-19.100625519639383,18.215316605596914,36.32075657592255,-1.3454633951187134,0.8471921682357788,-0.8483788967132568,0.5646761975652175,2.0072657726582355,-6.836105185747147,0.5552893567342383,-0.32716117072478573,0.3293670498884086,0.40500117899477117
10.663077592849731,-24.21570343017811,-1.2554881954201846,1.6831884682178497,-0.5049331188201904,-2.3391621112823486,1.187582015991211,32.3559018398964,-18.64912933995517,16.846972388840374,36.83296048710498,-1.38106369972229,0.8481549024581909,-0.7843182682991028,0.4399745538661399,2.0382339125164872,-6.5924852907657625,0.5647173066865769,-0.3263799857217845,0.30461874741895306,0.402309714205608
10.668999195098877,-24.21570343017811,-1.2554881954201846,1.6831884682178497,-0.5049331188201904,-2.3391621112823486,1.187582015991211,32.3559018398964,-18.64912933995517,16.846972388840374,36.83296048710498,-1.38106369972229,0.8481549024581909,-0.7843182682991028,0.4399745538661399,2.0382339125164872,-6.5924852907657625,0.5647173066865769,-0.3263799857217845,0.30461874741895306,0.402309714205608
10.673730611801147,-24.204062881472055,-1.2412012004861026,1.6869628727436066,-0.4514474868774414,-2.4144887924194336,1.1393656730651855,32.75995673719468,-18.41091862173692,16.163224993970335,37.06978504042574,-1.3956282138824463,0.8475571870803833,-0.7531425952911377,0.38323389295525373,2.0496601848775655,-6.454630190134049,0.5692565309649825,-0.3255931551524614,0.29225227768587975,0.4005523784862524
10.67971158027649,-24.204062881472055,-1.2412012004861026,1.6869628727436066,-0.4514474868774414,-2.4144887924194336,1.1393656730651855,32.75995673719468,-18.41091862173692,16.163224993970335,37.06978504042574,-1.3956282138824463,0.8475571870803833,-0.7531425952911377,0.38323389295525373,2.0496601848775655,-6.454630190134049,0.5692565309649825,-0.3255931551524614,0.29225227768587975,0.4005523784862524
10.68470811843872,-24.204062881472055,-1.2412012004861026,1.6869628727436066,-0.4514474868774414,-2.4144887924194336,1.1393656730651855,32.75995673719468,-18.41091862173692,16.163224993970335,37.06978504042574,-1.3956282138824463,0.8475571870803833,-0.7531425952911377,0.38323389295525373,2.0496601848775655,-6.454630190134049,0.5692565309649825,-0.3255931551524614,0.29225227768587975,0.4005523784862524
10.690569400787354,-24.18054718017811,-1.211562433243671,1.693393498659134,-0.34775876998901367,-2.5586495399475098,1.0336674451828003,33.51596743487063,-17.912934541909788,14.797439847902341,37.503440699154204,-1.425939917564392,0.8431932926177979,-0.6875309944152832,0.28082519959062985,2.0661830261273706,-6.149110633134843,0.5777822582748251,-0.32325646102205663,0.2675502593711456,0.3962410598937281
10.695449590682983,-24.18054718017811,-1.211562433243671,1.693393498659134,-0.34775876998901367,-2.5586495399475098,1.0336674451828003,33.51596743487063,-17.912934541909788,14.797439847902341,37.503440699154204,-1.425939917564392,0.8431932926177979,-0.6875309944152832,0.28082519959062985,2.0661830261273706,-6.149110633134843,0.5777822582748251,-0.32325646102205663,0.2675502593711456,0.3962410598937281
10.70078992843628,-24.156718673708383,-1.1805858993539005,1.6983202993869781,-0.2489933967590332,-2.693622589111328,0.9166818857192993,34.210764034700865,-17.390098119273702,13.441300540022572,37.89146558817597,-1.4420561790466309,0.8395498991012573,-0.6348570585250854,0.19193183244061468,2.076327831022347,-5.807022196054459,0.5855485307975857,-0.319987257804777,0.2430226987097787,0.3909521590289695
10.706311702728271,-24.156718673708383,-1.1805858993539005,1.6983202993869781,-0.2489933967590332,-2.693622589111328,0.9166818857192993,34.210764034700865,-17.390098119273702,13.441300540022572,37.89146558817597,-1.4420561790466309,0.8395498991012573,-0.6348570585250854,0.19193183244061468,2.076327831022347,-5.807022196054459,0.5855485307975857,-0.319987257804777,0.2430226987097787,0.3909521590289695
10.711383581161499,-24.156718673708383,-1.1805858993539005,1.6983202993869781,-0.2489933967590332,-2.693622589111328,0.9166818857192993,34.210764034700865,-17.390098119273702,13.441300540022572,37.89146558817597,-1.4420561790466309,0.8395498991012573,-0.6348570585250854,0.19193183244061468,2.076327831022347,-5.807022196054459,0.5855485307975857,-0.319987257804777,0.2430226987097787,0.3909521590289695
10.71662163734436,-24.13249916076893,-1.1483495616921573,1.7017431557178497,-0.15610480308532715,-2.818632125854492,0.7898608446121216,34.85006790802765,-16.84808637605016,12.094043606382384,38.239987764331325,-1.4599862098693848,0.8326289057731628,-0.5875533223152161,0.11530718142546827,2.0819892756913254,-5.432720214128494,0.5924755049272303,-0.31593911383329537,0.21865578745346376,0.384789813977736
10.722375392913818,-24.13249916076893,-1.1483495616921573,1.7017431557178497,-0.15610480308532715,-2.818632125854492,0.7898608446121216,34.85006790802765,-16.84808637605016,12.094043606382384,38.239987764331325,-1.4599862098693848,0.8326289057731628,-0.5875533223152161,0.11530718142546827,2.0819892756913254,-5.432720214128494,0.5924755049272303,-0.31593911383329537,0.21865578745346376,0.384789813977736
10.72838020324707,-24.13249916076893,-1.1483495616921573,1.7017431557178497,-0.15610480308532715,-2.818632125854492,0.7898608446121216,34.85006790802765,-16.84808637605016,12.094043606382384,38.239987764331325,-1.4599862098693848,0.8326289057731628,-0.5875533223152161,0.11530718142546827,2.0819892756913254,-5.432720214128494,0.5924755049272303,-0.31593911383329537,0.21865578745346376,0.384789813977736
10.734049320220947,-24.10796875000233,-1.1149707221993594,1.7037011682987213,-0.07138180732727051,-2.9313387870788574,0.6574268341064453,35.434592512010425,-16.292227963209424,10.752519392037117,38.550502343210546,-1.4803768396377563,0.8220491409301758,-0.5408893823623657,0.05076171917052735,2.0845619055448625,-5.038942605257034,0.5985218780467433,-0.31122596055869783,0.19439255995547952,0.3780158310799979
10.738905429840088,-24.10796875000233,-1.1149707221993594,1.7037011682987213,-0.07138180732727051,-2.9313387870788574,0.6574268341064453,35.434592512010425,-16.292227963209424,10.752519392037117,38.550502343210546,-1.4803768396377563,0.8220491409301758,-0.5408893823623657,0.05076171917052735,2.0845619055448625,-5.038942605257034,0.5985218780467433,-0.31122596055869783,0.19439255995547952,0.3780158310799979
10.744269847869873,-24.083045425417367,-1.0805663251885562,1.7042968571186066,0.003195047378540039,-3.030029058456421,0.5239711999893188,35.9626136695256,-15.72663417196603,9.416275353845993,38.821651238031365,-1.4999525547027588,0.8089455366134644,-0.49197089672088623,-0.0021987395648718766,2.085178710740713,-4.6396479427814485,0.6036449041917358,-0.30594528522480785,0.1702248313787125,0.37091230328542324
10.750320196151733,-24.083045425417367,-1.0805663251885562,1.7042968571186066,0.003195047378540039,-3.030029058456421,0.5239711999893188,35.9626136695256,-15.72663417196603,9.416275353845993,38.821651238031365,-1.4999525547027588,0.8089455366134644,-0.49197089672088623,-0.0021987395648718766,2.085178710740713,-4.6396479427814485,0.6036449041917358,-0.30594528522480785,0.1702248313787125,0.37091230328542324
10.756437540054321,-24.083045425417367,-1.0805663251885562,1.7042968571186066,0.003195047378540039,-3.030029058456421,0.5239711999893188,35.9626136695256,-15.72663417196603,9.416275353845993,38.821651238031365,-1.4999525547027588,0.8089455366134644,-0.49197089672088623,-0.0021987395648718766,2.085178710740713,-4.6396479427814485,0.6036449041917358,-0.30594528522480785,0.1702248313787125,0.37091230328542324
10.761171102523804,-24.057811203005258,-1.045273461342731,1.7036669552326202,0.06713700294494629,-3.1150529384613037,0.3915727436542511,36.43185795238333,-15.154450233346648,8.087023150158759,39.051070438569894,-1.5165061950683594,0.7944322228431702,-0.4400613009929657,-0.044930287639021044,2.084695747449649,-4.24131875038147,0.6077347535539263,-0.3002126099296049,0.14618355931266833,0.3636086457854026
10.767107963562012,-24.057811203005258,-1.045273461342731,1.7036669552326202,0.06713700294494629,-3.1150529384613037,0.3915727436542511,36.43185795238333,-15.154450233346648,8.087023150158759,39.051070438569894,-1.5165061950683594,0.7944322228431702,-0.4400613009929657,-0.044930287639021044,2.084695747449649,-4.24131875038147,0.6077347535539263,-0.3002126099296049,0.14618355931266833,0.3636086457854026
10.773383855819702,-24.032264175417367,-1.0091991806039005,1.701948195695877,0.12032604217529297,-3.1871180534362793,0.26193201541900635,36.84091943861355,-14.578502004899923,6.766680382479863,39.23696780206923,-1.529764175415039,0.7790645360946655,-0.38637781143188477,-0.07866756609647713,2.0836953962195226,-3.849302798509598,0.6107225888219907,-0.29412906345950285,0.12230342609930933,0.3562169864333487
10.779093742370605,-24.032264175417367,-1.0091991806039005,1.701948195695877,0.12032604217529297,-3.1871180534362793,0.26193201541900635,36.84091943861355,-14.578502004899923,6.766680382479863,39.23696780206923,-1.529764175415039,0.7790645360946655,-0.38637781143188477,-0.07866756609647713,2.0836953962195226,-3.849302798509598,0.6107225888219907,-0.29412906345950285,0.12230342609930933,0.3562169864333487
10.784493923187256,-24.00640625000233,-0.972460904122272,1.699287086725235,0.16296052932739258,-3.2471718788146973,0.13634544610977173,37.18967712257761,-14.001676703063575,5.456590153430789,39.378689182152804,-1.5399997234344482,0.7629520893096924,-0.33237019181251526,-0.10451399764647838,2.082558982232659,-3.4677530944347383,0.6125815028500078,-0.287789699283061,0.09860872351370016,0.3488320581901897
10.790133714675903,-24.00640625000233,-0.972460904122272,1.699287086725235,0.16296052932739258,-3.2471718788146973,0.13634544610977173,37.18967712257761,-14.001676703063575,5.456590153430789,39.378689182152804,-1.5399997234344482,0.7629520893096924,-0.33237019181251526,-0.10451399764647838,2.082558982232659,-3.4677530944347383,0.6125815028500078,-0.287789699283061,0.09860872351370016,0.3488320581901897
10.79784083366394,-24.00640625000233,-0.972460904122272,1.699287086725235,0.16296052932739258,-3.2471718788146973,0.13634544610977173,37.18967712257761,-14.001676703063575,5.456590153430789,39.378689182152804,-1.5399997234344482,0.7629520893096924,-0.33237019181251526,-0.10451399764647838,2.082558982232659,-3.4677530944347383,0.6125815028500078,-0.287789699283061,0.09860872351370016,0.3488320581901897
10.803398132324219,-23.980233612062875,-0.9351659798630862,1.6958300173282623,0.1954822540283203,-3.2962827682495117,0.01576271653175354,37.47930262681743,-13.426985395571139,4.15767102423969,39.476794141255695,-1.5473401546478271,0.7461413741111755,-0.2792004346847534,-0.12344231170594018,2.081522780529358,-3.099782180786133,0.6133229063535518,-0.28128429274891054,0.0751160649421745,0.34153337240402953
10.808474063873291,-23.980233612062875,-0.9351659798630862,1.6958300173282623,0.1954822540283203,-3.2962827682495117,0.01576271653175354,37.47930262681743,-13.426985395571139,4.15767102423969,39.476794141255695,-1.5473401546478271,0.7461413741111755,-0.2792004346847534,-0.12344231170594018,2.081522780529358,-3.099782180786133,0.6133229063535518,-0.28128429274891054,0.0751160649421745,0.34153337240402953
10.814079284667969,-23.953750076296274,-0.89741209983913,1.6917040646076202,0.2184772491455078,-3.335564136505127,-0.09916825592517853,37.711549223506985,-12.857231170241294,2.870622975941789,39.53234028457407,-1.5517432689666748,0.7287613153457642,-0.22750046849250793,-0.1362858736014211,2.080721329452523,-2.747562548518181,0.6129779380488446,-0.27468930965803967,0.051838110461174196,0.33438330791606086
10.819607973098755,-23.953750076296274,-0.89741209983913,1.6917040646076202,0.2184772491455078,-3.335564136505127,-0.09916825592517853,37.711549223506985,-12.857231170241294,2.870622975941789,39.53234028457407,-1.5517432689666748,0.7287613153457642,-0.22750046849250793,-0.1362858736014211,2.080721329452523,-2.747562548518181,0.6129779380488446,-0.27468930965803967,0.051838110461174196,0.33438330791606086
10.82487678527832,-23.953750076296274,-0.89741209983913,1.6917040646076202,0.2184772491455078,-3.335564136505127,-0.09916825592517853,37.711549223506985,-12.857231170241294,2.870622975941789,39.53234028457407,-1.5517432689666748,0.7287613153457642,-0.22750046849250793,-0.1362858736014211,2.080721329452523,-2.747562548518181,0.6129779380488446,-0.27468930965803967,0.051838110461174196,0.33438330791606086
10.830733060836792,-23.926951828005258,-0.8592870616921573,1.6870409548282623,0.23261165618896484,-3.3661179542541504,-0.20803655683994293,37.88851056736605,-12.295050915383197,1.5962699548429276,39.54669380370214,-1.5531858205795288,0.7110176086425781,-0.17739053070545197,-0.1437511021051496,2.0802189093519776,-2.4125640481710433,0.6115907593018499,-0.2680686354669499,0.028789762221887154,0.3274305403722044
10.836385726928711,-23.926951828005258,-0.8592870616921573,1.6870409548282623,0.23261165618896484,-3.3661179542541504,-0.20803655683994293,37.88851056736605,-12.295050915383197,1.5962699548429276,39.54669380370214,-1.5531858205795288,0.7110176086425781,-0.17739053070545197,-0.1437511021051496,2.0802189093519776,-2.4125640481710433,0.6115907593018499,-0.2680686354669499,0.028789762221887154,0.3274305403722044
10.842066049575806,-23.899842681887094,-0.8208593511590152,1.6819628775119781,0.23856544494628906,-3.3889942169189453,-0.3106396794319153,38.012234836889114,-11.742715934066611,0.3353454275843847,39.52112377939258,-1.5517466068267822,0.693122148513794,-0.12864571809768677,-0.14642217486870499,2.080032604765775,-2.095614141225815,0.6092068816134814,-0.2614703776691312,0.005984285931924178,0.32070927058017606
10.848375082015991,-23.899842681887094,-0.8208593511590152,1.6819628775119781,0.23856544494628906,-3.3889942169189453,-0.3106396794319153,38.012234836889114,-11.742715934066611,0.3353454275843847,39.52112377939258,-1.5517466068267822,0.693122148513794,-0.12864571809768677,-0.14642217486870499,2.080032604765775,-2.095614141225815,0.6092068816134814,-0.2614703776691312,0.005984285931924178,0.32070927058017606
10.85452151298523,-23.872498931887094,-0.7822167658814578,1.676582008600235,0.2369976043701172,-3.4051673412323,-0.40692734718322754,38.08450684642326,-11.202273749226247,-0.911294181114582,39.456661071452075,-1.5475844144821167,0.675258457660675,-0.08090533316135406,-0.14477703626722077,2.0801477591631934,-1.7970655739307406,0.6058677938106108,-0.2549304711133115,-0.01656282884276062,0.3142420115914304
10.860007286071777,-23.872498931887094,-0.7822167658814578,1.676582008600235,0.2369976043701172,-3.4051673412323,-0.40692734718322754,38.08450684642326,-11.202273749226247,-0.911294181114582,39.456661071452075,-1.5475844144821167,0.675258457660675,-0.08090533316135406,-0.14477703626722077,2.0801477591631934,-1.7970655739307406,0.6058677938106108,-0.2549304711133115,-0.01656282884276062,0.3142420115914304
10.866249561309814,-23.872498931887094,-0.7822167658814578,1.676582008600235,0.2369976043701172,-3.4051673412323,-0.40692734718322754,38.08450684642326,-11.202273749226247,-0.911294181114582,39.456661071452075,-1.5475844144821167,0.675258457660675,-0.08090533316135406,-0.14477703626722077,2.0801477591631934,-1.7970655739307406,0.6058677938106108,-0.2549304711133115,-0.01656282884276062,0.3142420115914304
10.871626853942871,-23.844842376711313,-0.743408181668201,1.671000987291336,0.2285168170928955,-3.4155285358428955,-0.49697041511535645,38.10692878365589,-10.675506650039786,-2.142869247971916,39.35412918410627,-1.5408841371536255,0.6575688123703003,-0.03384384512901306,-0.1391982969457454,2.0805285204268125,-1.5168905317783357,0.6016101235737643,-0.2484729224468082,-0.038837481591081725,0.3080416279402949
10.87726616859436,-23.844842376711313,-0.743408181668201,1.671000987291336,0.2285168170928955,-3.4155285358428955,-0.49697041511535645,38.10692878365589,-10.675506650039786,-2.142869247971916,39.35412918410627,-1.5408841371536255,0.6575688123703003,-0.03384384512901306,-0.1391982969457454,2.0805285204268125,-1.5168905317783357,0.6016101235737643,-0.2484729224468082,-0.038837481591081725,0.3080416279402949
10.882249593734741,-23.81695312500233,-0.7045019650468021,1.6653075516223907,0.21364450454711914,-3.420863151550293,-0.5809193849563599,38.08022606185233,-10.16415508638502,-3.3584838839641713,39.21358732829126,-1.531747579574585,0.6400349140167236,0.013712048530578613,-0.12997332509468287,2.0811251824303625,-1.2547954380512238,0.5964516384321312,-0.24211408994056105,-0.06082346898330671,0.3021119449445189
10.888049364089966,-23.81695312500233,-0.7045019650468021,1.6653075516223907,0.21364450454711914,-3.420863151550293,-0.5809193849563599,38.08022606185233,-10.16415508638502,-3.3584838839641713,39.21358732829126,-1.531747579574585,0.6400349140167236,0.013712048530578613,-0.12997332509468287,2.0811251824303625,-1.2547954380512238,0.5964516384321312,-0.24211408994056105,-0.06082346898330671,0.3021119449445189
10.893720149993896,-23.78874916076893,-0.665527322293201,1.6595849096775055,0.1928107738494873,-3.421868085861206,-0.6589672565460205,38.004509447150014,-9.669894631601608,-4.557135046455189,39.03450980481178,-1.5203089714050293,0.6227555871009827,0.06251338124275208,-0.11730680862849312,2.081877566724656,-1.0103510677814485,0.5903958867256388,-0.23586228193439218,-0.08250264967587224,0.29645140309706786
10.899535894393921,-23.78874916076893,-0.665527322293201,1.6595849096775055,0.1928107738494873,-3.421868085861206,-0.6589672565460205,38.004509447150014,-9.669894631601608,-4.557135046455189,39.03450980481178,-1.5203089714050293,0.6227555871009827,0.06251338124275208,-0.11730680862849312,2.081877566724656,-1.0103510677814485,0.5903958867256388,-0.23586228193439218,-0.08250264967587224,0.29645140309706786
10.904580116271973,-23.78874916076893,-0.665527322293201,1.6595849096775055,0.1928107738494873,-3.421868085861206,-0.6589672565460205,38.004509447150014,-9.669894631601608,-4.557135046455189,39.03450980481178,-1.5203089714050293,0.6227555871009827,0.06251338124275208,-0.11730680862849312,2.081877566724656,-1.0103510677814485,0.5903958867256388,-0.23586228193439218,-0.08250264967587224,0.29645140309706786
10.909536123275757,-23.76031250000233,-0.6265527391442447,1.6539209187030792,0.16623401641845703,-3.41912841796875,-0.7295714616775513,37.877784474205114,-9.197178301350581,-5.734899870604911,38.814917906677586,-1.499939203262329,0.5991197824478149,0.11811116337776184,-0.10125939406690884,2.082719766386054,-0.7883432686328891,0.5835121334765799,-0.2297444930256425,-0.10380407350549367,0.29116145075477734
10.915104866027832,-23.76031250000233,-0.6265527391442447,1.6539209187030792,0.16623401641845703,-3.41912841796875,-0.7295714616775513,37.877784474205114,-9.197178301350581,-5.734899870604911,38.814917906677586,-1.499939203262329,0.5991197824478149,0.11811116337776184,-0.10125939406690884,2.082719766386054,-0.7883432686328891,0.5835121334765799,-0.2297444930256425,-0.10380407350549367,0.29116145075477734
10.921139001846313,-23.7316011810326,-0.5876171970376163,1.6483935415744781,0.13420319557189941,-3.4132957458496094,-0.7944021821022034,37.69785660632712,-8.746687256582042,-6.891436417989541,38.55185363618121,-1.4860199689865112,0.5847916007041931,0.1724703162908554,-0.08192133770319833,2.083570009529532,-0.5839018285274507,0.5756690779625805,-0.2237491594474941,-0.12472155606664352,0.2861399854355746
10.928757667541504,-23.7316011810326,-0.5876171970376163,1.6483935415744781,0.13420319557189941,-3.4132957458496094,-0.7944021821022034,37.69785660632712,-8.746687256582042,-6.891436417989541,38.55185363618121,-1.4860199689865112,0.5847916007041931,0.1724703162908554,-0.08192133770319833,2.083570009529532,-0.5839018285274507,0.5756690779625805,-0.2237491594474941,-0.12472155606664352,0.2861399854355746
10.934166193008423,-23.7316011810326,-0.5876171970376163,1.6483935415744781,0.13420319557189941,-3.4132957458496094,-0.7944021821022034,37.69785660632712,-8.746687256582042,-6.891436417989541,38.55185363618121,-1.4860199689865112,0.5847916007041931,0.1724703162908554,-0.08192133770319833,2.083570009529532,-0.5839018285274507,0.5756690779625805,-0.2237491594474941,-0.12472155606664352,0.2861399854355746
10.939888000488281,-23.70265525818104,-0.5487499618539005,1.6430614292621613,0.09718179702758789,-3.404801845550537,-0.8536199331283569,37.46764645199612,-8.31766933036094,-8.027484562524412,38.24710370652203,-1.4636832475662231,0.5664421319961548,0.2284260243177414,-0.059492165080097976,2.0843310131733057,-0.39665077328681964,0.566938381388504,-0.217842710058996,-0.14526847895089826,0.281392544149005
10.945163488388062,-23.70265525818104,-0.5487499618539005,1.6430614292621613,0.09718179702758789,-3.404801845550537,-0.8536199331283569,37.46764645199612,-8.31766933036094,-8.027484562524412,38.24710370652203,-1.4636832475662231,0.5664421319961548,0.2284260243177414,-0.059492165080097976,2.0843310131733057,-0.39665077328681964,0.566938381388504,-0.217842710058996,-0.14526847895089826,0.281392544149005
10.950795888900757,-23.673436584474985,-0.5099901938447147,1.6379784643650055,0.05547595024108887,-3.3939566612243652,-0.9082638621330261,37.18869535291652,-7.910964665688987,-9.142886855053465,37.90154146354098,-1.448246955871582,0.5552984476089478,0.27820849418640137,-0.03407877479496306,2.084901371118176,-0.22356964945793179,0.5572972546813166,-0.21202425429181845,-0.16544199448346272,0.27686660532882634
10.956779479980469,-23.673436584474985,-0.5099901938447147,1.6379784643650055,0.05547595024108887,-3.3939566612243652,-0.9082638621330261,37.18869535291652,-7.910964665688987,-9.142886855053465,37.90154146354098,-1.448246955871582,0.5552984476089478,0.27820849418640137,-0.03407877479496306,2.084901371118176,-0.22356964945793179,0.5572972546813166,-0.21202425429181845,-0.16544199448346272,0.27686660532882634
10.962534666061401,-23.643983306887094,-0.4713769340523868,1.6331640779972076,0.009615182876586914,-3.3808655738830566,-0.9595150947570801,36.86790911159149,-7.5243171634635555,-10.241143378101453,37.52081472953287,-1.430787444114685,0.5441517233848572,0.322065144777298,-0.005930228297963222,2.0851714372142904,-0.0611500561237337,0.5468248967110027,-0.20626704482319766,-0.18530540625412864,0.2725126215018434
10.96753716468811,-23.643983306887094,-0.4713769340523868,1.6331640779972076,0.009615182876586914,-3.3808655738830566,-0.9595150947570801,36.86790911159149,-7.5243171634635555,-10.241143378101453,37.52081472953287,-1.430787444114685,0.5441517233848572,0.322065144777298,-0.005930228297963222,2.0851714372142904,-0.0611500561237337,0.5468248967110027,-0.20626704482319766,-0.18530540625412864,0.2725126215018434
10.973584651947021,-23.643983306887094,-0.4713769340523868,1.6331640779972076,0.009615182876586914,-3.3808655738830566,-0.9595150947570801,36.86790911159149,-7.5243171634635555,-10.241143378101453,37.52081472953287,-1.430787444114685,0.5441517233848572,0.322065144777298,-0.005930228297963222,2.0851714372142904,-0.0611500561237337,0.5468248967110027,-0.20626704482319766,-0.18530540625412864,0.2725126215018434
10.97938871383667,-23.61425727844471,-0.4329492235192447,1.6286620199680328,-0.04000735282897949,-3.365980625152588,-1.0053882598876953,36.50685279493286,-7.162711109947707,-11.315514717554914,37.10673606059293,-1.3983346223831177,0.5250027179718018,0.37003976106643677,0.024782268244014347,2.0850325967146555,0.08457314372062674,0.5357130507425494,-0.20060972130007493,-0.20473682310648533,0.2684628020716625
10.98555588722229,-23.61425727844471,-0.4329492235192447,1.6286620199680328,-0.04000735282897949,-3.365980625152588,-1.0053882598876953,36.50685279493286,-7.162711109947707,-11.315514717554914,37.10673606059293,-1.3983346223831177,0.5250027179718018,0.37003976106643677,0.024782268244014347,2.0850325967146555,0.08457314372062674,0.5357130507425494,-0.20060972130007493,-0.20473682310648533,0.2684628020716625
10.99121356010437,-23.584256591799203,-0.39472655296412995,1.6245165169239044,-0.09327912330627441,-3.3494577407836914,-1.0466399192810059,36.105460742230434,-6.8281211712413175,-12.364166002191645,36.658985063285016,-1.3745568990707397,0.5118043422698975,0.4136406183242798,0.05804771507903882,2.084371740586616,0.21579002737998954,0.5239218330102523,-0.19506366920591053,-0.22370305898439138,0.2646745874064499
10.997361660003662,-23.584256591799203,-0.39472655296412995,1.6245165169239044,-0.09327912330627441,-3.3494577407836914,-1.0466399192810059,36.105460742230434,-6.8281211712413175,-12.364166002191645,36.658985063285016,-1.3745568990707397,0.5118043422698975,0.4136406183242798,0.05804771507903882,2.084371740586616,0.21579002737998954,0.5239218330102523,-0.19506366920591053,-0.22370305898439138,0.2646745874064499
11.00373911857605,-23.584256591799203,-0.39472655296412995,1.6245165169239044,-0.09327912330627441,-3.3494577407836914,-1.0466399192810059,36.105460742230434,-6.8281211712413175,-12.364166002191645,36.658985063285016,-1.3745568990707397,0.5118043422698975,0.4136406183242798,0.05804771507903882,2.084371740586616,0.21579002737998954,0.5239218330102523,-0.19506366920591053,-0.22370305898439138,0.2646745874064499
11.008991241455078,-23.554023208620492,-0.35672850251285126,1.6207469999790192,-0.1499040126800537,-3.3312251567840576,-1.0844032764434814,35.66821880171329,-6.517662203331218,-13.391962236158054,36.180970671837386,-1.3506991863250732,0.49972397089004517,0.45443692803382874,0.09373753363887252,2.0830718578506304,0.33586522936820984,0.5114815559913467,-0.18959210130455498,-0.24229210387797878,0.26109143259772427
11.014430046081543,-23.554023208620492,-0.35672850251285126,1.6207469999790192,-0.1499040126800537,-3.3312251567840576,-1.0844032764434814,35.66821880171329,-6.517662203331218,-13.391962236158054,36.180970671837386,-1.3506991863250732,0.49972397089004517,0.45443692803382874,0.09373753363887252,2.0830718578506304,0.33586522936820984,0.5114815559913467,-0.18959210130455498,-0.24229210387797878,0.26109143259772427
11.019978761672974,-23.523475112917367,-0.31898436784831574,1.6173730194568634,-0.20960569381713867,-3.3114490509033203,-1.1183053255081177,35.1971656597719,-6.232072688887992,-14.397491943278348,35.67439536390454,-1.3237547874450684,0.48722410202026367,0.49412062764167786,0.13172258655277613,2.081015197054991,0.4436445415019987,0.4984824869942881,-0.18419025771376524,-0.2604784293866456,0.2577424632671447
11.025190353393555,-23.523475112917367,-0.31898436784831574,1.6173730194568634,-0.20960569381713867,-3.3114490509033203,-1.1183053255081177,35.1971656597719,-6.232072688887992,-14.397491943278348,35.67439536390454,-1.3237547874450684,0.48722410202026367,0.49412062764167786,0.13172258655277613,2.081015197054991,0.4436445415019987,0.4984824869942881,-0.18419025771376524,-0.2604784293866456,0.2577424632671447
11.030847787857056,-23.523475112917367,-0.31898436784831574,1.6173730194568634,-0.20960569381713867,-3.3114490509033203,-1.1183053255081177,35.1971656597719,-6.232072688887992,-14.397491943278348,35.67439536390454,-1.3237547874450684,0.48722410202026367,0.49412062764167786,0.13172258655277613,2.081015197054991,0.4436445415019987,0.4984824869942881,-0.18419025771376524,-0.2604784293866456,0.2577424632671447
11.036336183547974,-23.49269432068104,-0.28154296517459443,1.614423781633377,-0.2721681594848633,-3.2902958393096924,-1.148084044456482,34.69342706225512,-5.972796941328239,-15.378119120720536,35.14022021736237,-1.2932472229003906,0.47394078969955444,0.5338667631149292,0.1718957567878933,2.0780825149594744,0.5382893264293669,0.4849891078132798,-0.1788634582739726,-0.27821435993680593,0.25464729000751946
11.041887521743774,-23.49269432068104,-0.28154296517459443,1.614423781633377,-0.2721681594848633,-3.2902958393096924,-1.148084044456482,34.69342706225512,-5.972796941328239,-15.378119120720536,35.14022021736237,-1.2932472229003906,0.47394078969955444,0.5338667631149292,0.1718957567878933,2.0780825149594744,0.5382893264293669,0.4849891078132798,-0.1788634582739726,-0.27821435993680593,0.25464729000751946
11.04752516746521,-23.46164077759022,-0.24440429449168732,1.611918956041336,-0.33742308616638184,-3.2678937911987305,-1.1736403703689575,34.15768482340914,-5.741088695098793,-16.331830503468453,34.578965606564054,-1.2603414058685303,0.46034497022628784,0.574135959148407,0.21416453121030962,2.0741525121729705,0.6194669902324677,0.47104442735490365,-0.1736192096929617,-0.2954634829862348,0.2518134760813567
11.053778886795044,-23.46164077759022,-0.24440429449168732,1.611918956041336,-0.33742308616638184,-3.2678937911987305,-1.1736403703689575,34.15768482340914,-5.741088695098793,-16.331830503468453,34.578965606564054,-1.2603414058685303,0.46034497022628784,0.574135959148407,0.21416453121030962,2.0741525121729705,0.6194669902324677,0.47104442735490365,-0.1736192096929617,-0.2954634829862348,0.2518134760813567
11.059635877609253,-23.430312576296274,-0.20759765148250153,1.6098778545856476,-0.40523219108581543,-3.2443127632141113,-1.195015549659729,33.59045970537889,-5.537708563450915,-17.257481803003888,33.99097529413418,-1.2261993885040283,0.4469650387763977,0.6147682070732117,0.258442009735535,2.069101935088224,0.6872665107250211,0.4566777050005293,-0.16846354586209558,-0.3122051025740668,0.249239291016071
11.065354347229004,-23.430312576296274,-0.20759765148250153,1.6098778545856476,-0.40523219108581543,-3.2443127632141113,-1.195015549659729,33.59045970537889,-5.537708563450915,-17.257481803003888,33.99097529413418,-1.2261993885040283,0.4469650387763977,0.6147682070732117,0.258442009735535,2.069101935088224,0.6872665107250211,0.4566777050005293,-0.16846354586209558,-0.3122051025740668,0.249239291016071
11.071624517440796,-23.430312576296274,-0.20759765148250153,1.6098778545856476,-0.40523219108581543,-3.2443127632141113,-1.195015549659729,33.59045970537889,-5.537708563450915,-17.257481803003888,33.99097529413418,-1.2261993885040283,0.4469650387763977,0.6147682070732117,0.258442009735535,2.069101935088224,0.6872665107250211,0.4566777050005293,-0.16846354586209558,-0.3122051025740668,0.249239291016071
11.076930284500122,-23.398709716799203,-0.17115234673110535,1.6083153784275055,-0.4753997325897217,-3.2198846340179443,-1.2114373445510864,32.99071444350474,-5.365348109455904,-18.1493654614426,33.375417107484985,-1.1789963245391846,0.4298058748245239,0.6613686084747314,0.30456458468878334,2.062817370475468,0.7393443524837493,0.4419549205543179,-0.16342445360238075,-0.32833599001913183,0.2469672310545113
11.082767963409424,-23.398709716799203,-0.17115234673110535,1.6083153784275055,-0.4753997325897217,-3.2198846340179443,-1.2114373445510864,32.99071444350474,-5.365348109455904,-18.1493654614426,33.375417107484985,-1.1789963245391846,0.4298058748245239,0.6613686084747314,0.30456458468878334,2.062817370475468,0.7393443524837493,0.4419549205543179,-0.16342445360238075,-0.32833599001913183,0.2469672310545113
11.088407516479492,-23.366836013796274,-0.13507812559691956,1.607270509004593,-0.5479960441589355,-3.194366455078125,-1.2237474918365479,32.35814995705255,-5.224099623371275,-19.008502348386507,32.731857804286456,-1.1466166973114014,0.4182273745536804,0.7032116651535034,0.35256392318722474,2.055157845579947,0.7781555593013763,0.4268184327789127,-0.15850782978879202,-0.34387460908908596,0.24494719951876043
11.094189643859863,-23.366836013796274,-0.13507812559691956,1.607270509004593,-0.5479960441589355,-3.194366455078125,-1.2237474918365479,32.35814995705255,-5.224099623371275,-19.008502348386507,32.731857804286456,-1.1466166973114014,0.4182273745536804,0.7032116651535034,0.35256392318722474,2.055157845579947,0.7781555593013763,0.4268184327789127,-0.15850782978879202,-0.34387460908908596,0.24494719951876043
11.099958181381226,-23.33468765259022,-0.09940429121343186,1.6067382395267487,-0.6228103637695312,-3.1673731803894043,-1.232996940612793,31.697586147399278,-5.109913024717666,-19.842157308178887,32.064419854519315,-1.11636483669281,0.40839844942092896,0.740385890007019,0.4023115124915194,2.046001108772613,0.8068619906902312,0.4113050301910426,-0.15368849436695042,-0.3589523540361924,0.24312542753087538
11.104722738265991,-23.33468765259022,-0.09940429121343186,1.6067382395267487,-0.6228103637695312,-3.1673731803894043,-1.232996940612793,31.697586147399278,-5.109913024717666,-19.842157308178887,32.064419854519315,-1.11636483669281,0.40839844942092896,0.740385890007019,0.4023115124915194,2.046001108772613,0.8068619906902312,0.4113050301910426,-0.15368849436695042,-0.3589523540361924,0.24312542753087538
11.110271692276001,-23.33468765259022,-0.09940429121343186,1.6067382395267487,-0.6228103637695312,-3.1673731803894043,-1.232996940612793,31.697586147399278,-5.109913024717666,-19.842157308178887,32.064419854519315,-1.11636483669281,0.40839844942092896,0.740385890007019,0.4023115124915194,2.046001108772613,0.8068619906902312,0.4113050301910426,-0.15368849436695042,-0.3589523540361924,0.24312542753087538
11.115433692932129,-23.30226463318104,-0.06414062619296601,1.606733351945877,-0.6995019912719727,-3.139232635498047,-1.238362193107605,31.010777540737116,-5.024172720055624,-20.643912910731085,31.375070487245754,-1.0704143047332764,0.3947337865829468,0.7798511385917664,0.45350956101289197,2.0352651346328003,0.8229665458202362,0.39554576085152143,-0.14899145906917835,-0.3734531572080547,0.2415516448895428
11.1212637424469,-23.30226463318104,-0.06414062619296601,1.606733351945877,-0.6995019912719727,-3.139232635498047,-1.238362193107605,31.010777540737116,-5.024172720055624,-20.643912910731085,31.375070487245754,-1.0704143047332764,0.3947337865829468,0.7798511385917664,0.45350956101289197,2.0352651346328003,0.8229665458202362,0.39554576085152143,-0.14899145906917835,-0.3734531572080547,0.2415516448895428
11.126524686813354,-23.30226463318104,-0.06414062619296601,1.606733351945877,-0.6995019912719727,-3.139232635498047,-1.238362193107605,31.010777540737116,-5.024172720055624,-20.643912910731085,31.375070487245754,-1.0704143047332764,0.3947337865829468,0.7798511385917664,0.45350956101289197,2.0352651346328003,0.8229665458202362,0.39554576085152143,-0.14899145906917835,-0.3734531572080547,0.2415516448895428
11.131832838058472,-23.269568862917367,-0.02932617157784989,1.607270509004593,-0.7779831886291504,-3.110034704208374,-1.2395750284194946,30.297308134943354,-4.969436901371573,-21.406897858865147,30.663909809572175,-1.0235819816589355,0.38089653849601746,0.8193498253822327,0.5060208783853035,2.0228489713322992,0.8256381690502166,0.3795722768539849,-0.1444555324012627,-0.3872527421698138,0.24023907892293106
11.137517929077148,-23.269568862917367,-0.02932617157784989,1.607270509004593,-0.7779831886291504,-3.110034704208374,-1.2395750284194946,30.297308134943354,-4.969436901371573,-21.406897858865147,30.663909809572175,-1.0235819816589355,0.38089653849601746,0.8193498253822327,0.5060208783853035,2.0228489713322992,0.8256381690502166,0.3795722768539849,-0.1444555324012627,-0.3872527421698138,0.24023907892293106
11.142432689666748,-23.236600341799203,0.005029296538850758,1.6083544790744781,-0.8581986427307129,-3.0792531967163086,-1.2377710342407227,29.560243457643143,-4.942813843586823,-22.138215814598496,29.933780825248867,-0.9931705594062805,0.371535986661911,0.851660966873169,0.5598116251257463,2.0086278984809622,0.8182750403881074,0.3633696540285513,-0.1400761558751467,-0.40047958797965943,0.23912634061891835
11.147024869918823,-23.236600341799203,0.005029296538850758,1.6083544790744781,-0.8581986427307129,-3.0792531967163086,-1.2377710342407227,29.560243457643143,-4.942813843586823,-22.138215814598496,29.933780825248867,-0.9931705594062805,0.371535986661911,0.851660966873169,0.5598116251257463,2.0086278984809622,0.8182750403881074,0.3633696540285513,-0.1400761558751467,-0.40047958797965943,0.23912634061891835
11.152300357818604,-23.236600341799203,0.005029296538850758,1.6083544790744781,-0.8581986427307129,-3.0792531967163086,-1.2377710342407227,29.560243457643143,-4.942813843586823,-22.138215814598496,29.933780825248867,-0.9931705594062805,0.371535986661911,0.851660966873169,0.5598116251257463,2.0086278984809622,0.8182750403881074,0.3633696540285513,-0.1400761558751467,-0.40047958797965943,0.23912634061891835
11.157793998718262,-23.203319015505258,0.038916013239941094,1.6099852621555328,-0.9398529529571533,-3.0468215942382812,-1.233031988143921,28.80304058333453,-4.942095366074275,-22.839149835824045,29.18810552480656,-0.9503188133239746,0.3603487014770508,0.884181559085846,0.6146372366760623,1.9925351082159608,0.8011224925518037,0.3470251747256335,-0.13585299968437972,-0.41315690042487163,0.23821244297832803
11.163280248641968,-23.203319015505258,0.038916013239941094,1.6099852621555328,-0.9398529529571533,-3.0468215942382812,-1.233031988143921,28.80304058333453,-4.942095366074275,-22.839149835824045,29.18810552480656,-0.9503188133239746,0.3603487014770508,0.884181559085846,0.6146372366760623,1.9925351082159608,0.8011224925518037,0.3470251747256335,-0.13585299968437972,-0.41315690042487163,0.23821244297832803
11.168152570724487,-23.16976493835682,0.07230468749912689,1.612163096666336,-1.0228242874145508,-3.0128085613250732,-1.2250217199325562,28.025681304678816,-4.968732999029082,-23.503161984033653,28.427541113548482,-0.9059792160987854,0.349113404750824,0.9163309931755066,0.6703258536445273,1.9744969840740987,0.7731715857982633,0.33058216229433635,-0.13181461615713633,-0.4251664322999991,0.2375144796537823
11.176107168197632,-23.16976493835682,0.07230468749912689,1.612163096666336,-1.0228242874145508,-3.0128085613250732,-1.2250217199325562,28.025681304678816,-4.968732999029082,-23.503161984033653,28.427541113548482,-0.9059792160987854,0.349113404750824,0.9163309931755066,0.6703258536445273,1.9744969840740987,0.7731715857982633,0.33058216229433635,-0.13181461615713633,-0.4251664322999991,0.2375144796537823
11.182726860046387,-23.16976493835682,0.07230468749912689,1.612163096666336,-1.0228242874145508,-3.0128085613250732,-1.2250217199325562,28.025681304678816,-4.968732999029082,-23.503161984033653,28.427541113548482,-0.9059792160987854,0.349113404750824,0.9163309931755066,0.6703258536445273,1.9744969840740987,0.7731715857982633,0.33058216229433635,-0.13181461615713633,-0.4251664322999991,0.2375144796537823
11.18782377243042,-23.135936203005258,0.10517577737482497,1.6148827373981476,-1.1070079803466797,-2.97700834274292,-1.2139990329742432,27.22924057714854,-5.022029414004277,-24.130365459757062,27.653633864253955,-0.8629704117774963,0.3385160267353058,0.9472230076789856,0.7267595755175827,1.9544297402504598,0.7352081716060637,0.31405526317031174,-0.12797658802567702,-0.43651023098531105,0.23701764485887694
11.19393539428711,-23.135936203005258,0.10517577737482497,1.6148827373981476,-1.1070079803466797,-2.97700834274292,-1.2139990329742432,27.22924057714854,-5.022029414004277,-24.130365459757062,27.653633864253955,-0.8629704117774963,0.3385160267353058,0.9472230076789856,0.7267595755175827,1.9544297402504598,0.7352081716060637,0.31405526317031174,-0.12797658802567702,-0.43651023098531105,0.23701764485887694
11.19983720779419,-23.101796569826547,0.13749999463470886,1.618144541978836,-1.1922252178192139,-2.939074993133545,-1.2005541324615479,26.416326656709817,-5.099163762025309,-24.72732541480633,26.869198062716794,-0.8348230123519897,0.3311215341091156,0.9719648361206055,0.7838126613988721,1.932255884196706,0.6890022218227387,0.2974637969125872,-0.12434316964007552,-0.44730703587460346,0.23669142137510304
11.20596432685852,-23.101796569826547,0.13749999463470886,1.618144541978836,-1.1922252178192139,-2.939074993133545,-1.2005541324615479,26.416326656709817,-5.099163762025309,-24.72732541480633,26.869198062716794,-0.8348230123519897,0.3311215341091156,0.9719648361206055,0.7838126613988721,1.932255884196706,0.6890022218227387,0.2974637969125872,-0.12434316964007552,-0.44730703587460346,0.23669142137510304
11.210801362991333,-23.084609451296274,0.15345702230843017,1.619975596666336,-1.2351276874542236,-2.919264793395996,-1.1929960250854492,26.004792136709053,-5.14565592831571,-25.01568340013784,26.474185221292164,-0.8170619010925293,0.32723453640937805,0.9837389588356018,0.8124996624619015,1.9203695968956789,0.6630320012569428,0.28916550131553015,-0.12260107395425413,-0.45252236879527913,0.23658921184622664
11.215566873550415,-23.084609451296274,0.15345702230843017,1.619975596666336,-1.2351276874542236,-2.919264793395996,-1.1929960250854492,26.004792136709053,-5.14565592831571,-25.01568340013784,26.474185221292164,-0.8170619010925293,0.32723453640937805,0.9837389588356018,0.8124996624619015,1.9203695968956789,0.6630320012569428,0.28916550131553015,-0.12260107395425413,-0.45252236879527913,0.23658921184622664
11.220795392990112,-23.084609451296274,0.15345702230843017,1.619975596666336,-1.2351276874542236,-2.919264793395996,-1.1929960250854492,26.004792136709053,-5.14565592831571,-25.01568340013784,26.474185221292164,-0.8170619010925293,0.32723453640937805,0.9837389588356018,0.8124996624619015,1.9203695968956789,0.6630320012569428,0.28916550131553015,-0.12260107395425413,-0.45252236879527913,0.23658921184622664
11.226381063461304,-23.049998703005258,0.1849414026728482,1.624033123254776,-1.32137131690979,-2.8779096603393555,-1.176247477531433,25.173095240130365,-5.253381239115253,-25.57271444881789,25.680396527774842,-0.7844387292861938,0.3203635513782501,1.0043878555297852,0.8700673552675118,1.8949822921282864,0.6054828107357024,0.27259988242951916,-0.11926931082542441,-0.4625970069665783,0.23650541846480486
11.232417345046997,-23.049998703005258,0.1849414026728482,1.624033123254776,-1.32137131690979,-2.8779096603393555,-1.176247477531433,25.173095240130365,-5.253381239115253,-25.57271444881789,25.680396527774842,-0.7844387292861938,0.3203635513782501,1.0043878555297852,0.8700673552675118,1.8949822921282864,0.6054828107357024,0.27259988242951916,-0.11926931082542441,-0.4625970069665783,0.23650541846480486
11.237799882888794,-23.015077056887094,0.21583007931621978,1.6286132633686066,-1.4080970287322998,-2.8343558311462402,-1.1568940877914429,24.329352189383762,-5.382165640311801,-26.095249606685012,24.882157816052203,-0.7468099594116211,0.312696248292923,1.025665044784546,0.9277313281120161,1.8674286259510673,0.5391783893108366,0.2561083693273409,-0.11616368345556816,-0.4720477416424433,0.2366038759713943
11.243404865264893,-23.015077056887094,0.21583007931621978,1.6286132633686066,-1.4080970287322998,-2.8343558311462402,-1.1568940877914429,24.329352189383762,-5.382165640311801,-26.095249606685012,24.882157816052203,-0.7468099594116211,0.312696248292923,1.025665044784546,0.9277313281120161,1.8674286259510673,0.5391783893108366,0.2561083693273409,-0.11616368345556816,-0.4720477416424433,0.2366038759713943
11.249240398406982,-23.015077056887094,0.21583007931621978,1.6286132633686066,-1.4080970287322998,-2.8343558311462402,-1.1568940877914429,24.329352189383762,-5.382165640311801,-26.095249606685012,24.882157816052203,-0.7468099594116211,0.312696248292923,1.025665044784546,0.9277313281120161,1.8674286259510673,0.5391783893108366,0.2561083693273409,-0.11616368345556816,-0.4720477416424433,0.2366038759713943
11.254611730575562,-22.97984260559315,0.24611327707680175,1.6337060034275055,-1.4951674938201904,-2.788480758666992,-1.1350226402282715,23.473918579594855,-5.531535053347375,-26.583149351079488,24.080909986316037,-0.7069054841995239,0.30483728647232056,1.047317385673523,0.9853519243603931,1.8376769779646385,0.4643971145153043,0.23969860257857187,-0.11330783003811903,-0.4808720493723111,0.2368787439970782
11.260242938995361,-22.97984260559315,0.24611327707680175,1.6337060034275055,-1.4951674938201904,-2.788480758666992,-1.1350226402282715,23.473918579594855,-5.531535053347375,-26.583149351079488,24.080909986316037,-0.7069054841995239,0.30483728647232056,1.047317385673523,0.9853519243603931,1.8376769779646385,0.4643971145153043,0.23969860257857187,-0.11330783003811903,-0.4808720493723111,0.2368787439970782
11.265966892242432,-22.944297256472055,0.27577149033459136,1.6393016874790192,-1.5824594497680664,-2.740168333053589,-1.1106750965118408,22.6066261421392,-5.701224610079117,-27.035366757028363,23.27784241270372,-0.6664097309112549,0.29720956087112427,1.0693984031677246,1.0427987526130535,1.805698161856138,0.3812822520732877,0.2233697719602576,-0.11072459298513566,-0.4890509951429182,0.23732635123129892
11.272076606750488,-22.944297256472055,0.27577149033459136,1.6393016874790192,-1.5824594497680664,-2.740168333053589,-1.1106750965118408,22.6066261421392,-5.701224610079117,-27.035366757028363,23.27784241270372,-0.6664097309112549,0.29720956087112427,1.0693984031677246,1.0427987526130535,1.805698161856138,0.3812822520732877,0.2233697719602576,-0.11072459298513566,-0.4890509951429182,0.23732635123129892
11.27776312828064,-22.908437194826547,0.3047851538649411,1.6454003155231476,-1.6698448657989502,-2.6892788410186768,-1.08394455909729,21.727358765342878,-5.890557011657767,-27.45155880998252,22.47434640452029,-0.6261148452758789,0.29014483094215393,1.091354489326477,1.0999494593149721,1.771464444219719,0.2901131093502043,0.20711722605761368,-0.10842976371867595,-0.49657837508559655,0.23794099483865352
11.28343677520752,-22.908437194826547,0.3047851538649411,1.6454003155231476,-1.6698448657989502,-2.6892788410186768,-1.08394455909729,21.727358765342878,-5.890557011657767,-27.45155880998252,22.47434640452029,-0.6261148452758789,0.29014483094215393,1.091354489326477,1.0999494593149721,1.771464444219719,0.2901131093502043,0.20711722605761368,-0.10842976371867595,-0.49657837508559655,0.23794099483865352
11.288466453552246,-22.872264328005258,0.33312498688610503,1.6519823372364044,-1.7571680545806885,-2.635671854019165,-1.0549449920654297,20.836428744610483,-6.098407485071913,-27.83174771459873,21.672376518519705,-0.5863286256790161,0.2838289141654968,1.112415075302124,1.156674057152026,1.7349582749142551,0.19126676917076102,0.1909420028998937,-0.10643127830306949,-0.5034545908007294,0.23871605077974375
11.294003009796143,-22.872264328005258,0.33312498688610503,1.6519823372364044,-1.7571680545806885,-2.635671854019165,-1.0549449920654297,20.836428744610483,-6.098407485071913,-27.83174771459873,21.672376518519705,-0.5863286256790161,0.2838289141654968,1.112415075302124,1.156674057152026,1.7349582749142551,0.19126676917076102,0.1909420028998937,-0.10643127830306949,-0.5034545908007294,0.23871605077974375
11.299566984176636,-22.872264328005258,0.33312498688610503,1.6519823372364044,-1.7571680545806885,-2.635671854019165,-1.0549449920654297,20.836428744610483,-6.098407485071913,-27.83174771459873,21.672376518519705,-0.5863286256790161,0.2838289141654968,1.112415075302124,1.156674057152026,1.7349582749142551,0.19126676917076102,0.1909420028998937,-0.10643127830306949,-0.5034545908007294,0.23871605077974375
11.306092977523804,-22.83578056335682,0.3607812440386624,1.659038096666336,-1.844339370727539,-2.579122543334961,-1.0237293243408203,19.933733692591556,-6.323972951517322,-28.17122566087282,20.87386845304124,-0.5351672172546387,0.2776728570461273,1.1345300674438477,1.2129043851096384,1.6961244184209443,0.08491939902305612,0.1748453690562951,-0.10471181979532428,-0.5095944953607205,0.23964840732359555
11.31173062324524,-22.83578056335682,0.3607812440386624,1.659038096666336,-1.844339370727539,-2.579122543334961,-1.0237293243408203,19.933733692591556,-6.323972951517322,-28.17122566087282,20.87386845304124,-0.5351672172546387,0.2776728570461273,1.1345300674438477,1.2129043851096384,1.6961244184209443,0.08491939902305612,0.1748453690562951,-0.10471181979532428,-0.5095944953607205,0.23964840732359555
11.317262411117554,-22.7989839935326,0.3877343749991269,1.6665526926517487,-1.9311020374298096,-2.5196282863616943,-0.9903541207313538,19.019809754303832,-6.5659667320680155,-28.471521652714173,20.081545035947617,-0.49890902638435364,0.2725798785686493,1.1529630422592163,1.2684356085282664,1.6550064039753751,-0.028732484579086393,0.1588354642652462,-0.1032946029165502,-0.5150257428096051,0.24073544393870117
11.322862148284912,-22.7989839935326,0.3877343749991269,1.6665526926517487,-1.9311020374298096,-2.5196282863616943,-0.9903541207313538,19.019809754303832,-6.5659667320680155,-28.471521652714173,20.081545035947617,-0.49890902638435364,0.2725798785686493,1.1529630422592163,1.2684356085282664,1.6550064039753751,-0.028732484579086393,0.1588354642652462,-0.1032946029165502,-0.5150257428096051,0.24073544393870117
11.327711343765259,-22.7989839935326,0.3877343749991269,1.6665526926517487,-1.9311020374298096,-2.5196282863616943,-0.9903541207313538,19.019809754303832,-6.5659667320680155,-28.471521652714173,20.081545035947617,-0.49890902638435364,0.2725798785686493,1.1529630422592163,1.2684356085282664,1.6550064039753751,-0.028732484579086393,0.1588354642652462,-0.1032946029165502,-0.5150257428096051,0.24073544393870117
11.333154916763306,-22.7618746185326,0.41396482944401214,1.6745214760303497,-2.0169425010681152,-2.457758903503418,-0.954452633857727,18.096623718930346,-6.821904147466101,-28.73564530756011,19.29939675803222,-0.4548189640045166,0.2683151364326477,1.1698713302612305,1.322789578105374,1.6118941721582662,-0.15078075528144863,0.14297114741089695,-0.1022336069069203,-0.519802766031846,0.24199775764424375
11.339593410491943,-22.7618746185326,0.41396482944401214,1.6745214760303497,-2.0169425010681152,-2.457758903503418,-0.954452633857727,18.096623718930346,-6.821904147466101,-28.73564530756011,19.29939675803222,-0.4548189640045166,0.2683151364326477,1.1698713302612305,1.322789578105374,1.6118941721582662,-0.15078075528144863,0.14297114741089695,-0.1022336069069203,-0.519802766031846,0.24199775764424375
11.345515489578247,-22.72445243835682,0.4394628918162198,1.6829443275928497,-2.1015965938568115,-2.393606185913086,-0.9160743951797485,17.165372598314402,-7.089734145806692,-28.9644474201915,18.531053576561035,-0.4226527512073517,0.2649739980697632,1.182586669921875,1.375764794517577,1.5669225636093143,-0.2810766041278838,0.1272636525830005,-0.10153352998784558,-0.5239409527685684,0.2434337785924393
11.351212978363037,-22.72445243835682,0.4394628918162198,1.6829443275928497,-2.1015965938568115,-2.393606185913086,-0.9160743951797485,17.165372598314402,-7.089734145806692,-28.9644474201915,18.531053576561035,-0.4226527512073517,0.2649739980697632,1.182586669921875,1.375764794517577,1.5669225636093143,-0.2810766041278838,0.1272636525830005,-0.10153352998784558,-0.5239409527685684,0.2434337785924393
11.35721206665039,-22.686717453005258,0.46421872734936187,1.691816359758377,-2.1848230361938477,-2.3271231651306152,-0.875564694404602,16.22840254195808,-7.366822188914456,-29.163241782238323,17.78118184858427,-0.39131563901901245,0.2625690698623657,1.1921923160552979,1.4272333679663785,1.5201907786673765,-0.41857536435127285,0.11172200691419484,-0.10118585217002071,-0.5275364099210229,0.24502757396654615
11.363319158554077,-22.686717453005258,0.46421872734936187,1.691816359758377,-2.1848230361938477,-2.3271231651306152,-0.875564694404602,16.22840254195808,-7.366822188914456,-29.163241782238323,17.78118184858427,-0.39131563901901245,0.2625690698623657,1.1921923160552979,1.4272333679663785,1.5201907786673765,-0.41857536435127285,0.11172200691419484,-0.10118585217002071,-0.5275364099210229,0.24502757396654615
11.368219375610352,-22.686717453005258,0.46421872734936187,1.691816359758377,-2.1848230361938477,-2.3271231651306152,-0.875564694404602,16.22840254195808,-7.366822188914456,-29.163241782238323,17.78118184858427,-0.39131563901901245,0.2625690698623657,1.1921923160552979,1.4272333679663785,1.5201907786673765,-0.41857536435127285,0.11172200691419484,-0.10118585217002071,-0.5275364099210229,0.24502757396654615
11.374204874038696,-22.648671569826547,0.48821287512691924,1.7011279165744781,-2.2665040493011475,-2.2582249641418457,-0.8329225778579712,15.286152929394603,-7.651313940677546,-29.32649264180643,17.053205095702683,-0.347478985786438,0.2614748179912567,1.201314091682434,1.4771402064796868,1.4717445092756845,-0.563262516260147,0.09635197455844445,-0.10114307739507955,-0.5304890161450376,0.2467793583021255
11.38072657585144,-22.648671569826547,0.48821287512691924,1.7011279165744781,-2.2665040493011475,-2.2582249641418457,-0.8329225778579712,15.286152929394603,-7.651313940677546,-29.32649264180643,17.053205095702683,-0.347478985786438,0.2614748179912567,1.201314091682434,1.4771402064796868,1.4717445092756845,-0.563262516260147,0.09635197455844445,-0.10114307739507955,-0.5304890161450376,0.2467793583021255
11.386940717697144,-22.610312881472055,0.5114355301848263,1.7108739912509918,-2.346482515335083,-2.186915636062622,-0.788193941116333,14.338658030426261,-7.941916433625605,-29.45204932784493,16.350755364164957,-0.31173455715179443,0.2604333758354187,1.2086215019226074,1.5253978242317154,1.4216668273583386,-0.7149913609027863,0.08114267317481692,-0.10139018477830504,-0.5327598737297679,0.24868713489497973
11.392783880233765,-22.610312881472055,0.5114355301848263,1.7108739912509918,-2.346482515335083,-2.186915636062622,-0.788193941116333,14.338658030426261,-7.941916433625605,-29.45204932784493,16.350755364164957,-0.31173455715179443,0.2604333758354187,1.2086215019226074,1.5253978242317154,1.4216668273583386,-0.7149913609027863,0.08114267317481692,-0.10139018477830504,-0.5327598737297679,0.24868713489497973
11.398743867874146,-22.571483078005258,0.5339746093741269,1.7210936844348907,-2.4249000549316406,-2.112802028656006,-0.7415311336517334,13.382793040146296,-8.238598979903772,-29.545862520950365,15.675877127598074,-0.27858224511146545,0.2598019242286682,1.2146508693695068,1.5721413305486995,1.3697980606507443,-0.8733752310276031,0.0660103244880376,-0.10193483176923054,-0.5344566085499739,0.25074334938787574
11.403792142868042,-22.571483078005258,0.5339746093741269,1.7210936844348907,-2.4249000549316406,-2.112802028656006,-0.7415311336517334,13.382793040146296,-8.238598979903772,-29.545862520950365,15.675877127598074,-0.27858224511146545,0.2598019242286682,1.2146508693695068,1.5721413305486995,1.3697980606507443,-0.8733752310276031,0.0660103244880376,-0.10193483176923054,-0.5344566085499739,0.25074334938787574
11.408912420272827,-22.571483078005258,0.5339746093741269,1.7210936844348907,-2.4249000549316406,-2.112802028656006,-0.7415311336517334,13.382793040146296,-8.238598979903772,-29.545862520950365,15.675877127598074,-0.27858224511146545,0.2598019242286682,1.2146508693695068,1.5721413305486995,1.3697980606507443,-0.8733752310276031,0.0660103244880376,-0.10193483176923054,-0.5344566085499739,0.25074334938787574
11.414820432662964,-22.552030029299203,0.5449023461333127,1.7263378202915192,-2.463186264038086,-2.074936866760254,-0.7177056074142456,12.905414103959641,-8.387592440697025,-29.580269224743866,15.352718619985163,-0.2599537968635559,0.26000675559043884,1.2174052000045776,1.5947621687917823,1.343394474892802,-0.9542912542819977,0.05852638817739004,-0.10230556516599285,-0.5350788989810156,0.251816754166363
11.42040491104126,-22.552030029299203,0.5449023461333127,1.7263378202915192,-2.463186264038086,-2.074936866760254,-0.7177056074142456,12.905414103959641,-8.387592440697025,-29.580269224743866,15.352718619985163,-0.2599537968635559,0.26000675559043884,1.2174052000045776,1.5947621687917823,1.343394474892802,-0.9542912542819977,0.05852638817739004,-0.10230556516599285,-0.5350788989810156,0.251816754166363
11.425513505935669,-22.512889328005258,0.5661523556700558,1.737128883600235,-2.538228988647461,-1.9971541166305542,-0.6688120365142822,11.946904271966819,-8.686898806759881,-29.617887636001946,14.734049559589865,-0.21595637500286102,0.26172542572021484,1.222654104232788,1.6387267487697426,1.2893989813275506,-1.1203958809375765,0.04365276078803008,-0.1031909419846025,-0.5357592773601066,0.2540652172340199
11.430905103683472,-22.512889328005258,0.5661523556700558,1.737128883600235,-2.538228988647461,-1.9971541166305542,-0.6688120365142822,11.946904271966819,-8.686898806759881,-29.617887636001946,14.734049559589865,-0.21595637500286102,0.26172542572021484,1.222654104232788,1.6387267487697426,1.2893989813275506,-1.1203958809375765,0.04365276078803008,-0.1031909419846025,-0.5357592773601066,0.2540652172340199
11.436795234680176,-22.512889328005258,0.5661523556700558,1.737128883600235,-2.538228988647461,-1.9971541166305542,-0.6688120365142822,11.946904271966819,-8.686898806759881,-29.617887636001946,14.734049559589865,-0.21595637500286102,0.26172542572021484,1.222654104232788,1.6387267487697426,1.2893989813275506,-1.1203958809375765,0.04365276078803008,-0.1031909419846025,-0.5357592773601066,0.2540652172340199
11.442607402801514,-22.473437728884164,0.5865918016424985,1.7483202517032623,-2.610971450805664,-1.9168360233306885,-0.6185882687568665,10.984844480961781,-8.987557097429896,-29.62459176086404,14.15800944658683,-0.18732625246047974,0.2621435225009918,1.2259182929992676,1.6808472827933894,1.2339884529881373,-1.291211646795273,0.028888455881943914,-0.10432156343088801,-0.5358805302640534,0.25643509336371934
11.448164939880371,-22.473437728884164,0.5865918016424985,1.7483202517032623,-2.610971450805664,-1.9168360233306885,-0.6185882687568665,10.984844480961781,-8.987557097429896,-29.62459176086404,14.15800944658683,-0.18732625246047974,0.2621435225009918,1.2259182929992676,1.6808472827933894,1.2339884529881373,-1.291211646795273,0.028888455881943914,-0.10432156343088801,-0.5358805302640534,0.25643509336371934
11.45288348197937,-22.433671417238656,0.6062109088888974,1.7598924934864044,-2.6812944412231445,-1.8338125944137573,-0.5673037171363831,10.019777400504829,-9.287981888676473,-29.600606082356737,13.630106571470927,-0.15512216091156006,0.2638259530067444,1.2278523445129395,1.721140600134066,1.177136408727605,-1.465895336866379,0.014226829257633727,-0.10565249472659755,-0.5354467177632474,0.25891382891696096
11.457993745803833,-22.433671417238656,0.6062109088888974,1.7598924934864044,-2.6812944412231445,-1.8338125944137573,-0.5673037171363831,10.019777400504829,-9.287981888676473,-29.600606082356737,13.630106571470927,-0.15512216091156006,0.2638259530067444,1.2278523445129395,1.721140600134066,1.177136408727605,-1.465895336866379,0.014226829257633727,-0.10565249472659755,-0.5354467177632474,0.25891382891696096
11.463468074798584,-22.433671417238656,0.6062109088888974,1.7598924934864044,-2.6812944412231445,-1.8338125944137573,-0.5673037171363831,10.019777400504829,-9.287981888676473,-29.600606082356737,13.630106571470927,-0.15512216091156006,0.2638259530067444,1.2278523445129395,1.721140600134066,1.177136408727605,-1.465895336866379,0.014226829257633727,-0.10565249472659755,-0.5354467177632474,0.25891382891696096
11.469186544418335,-22.39343780517811,0.6250878787031979,1.771894484758377,-2.749375343322754,-1.7476452589035034,-0.5147861242294312,9.04721941037676,-9.587842952129018,-29.54367888921043,13.15340943630865,-0.12025123089551926,0.26651278138160706,1.22831392288208,1.7597531417417678,1.1185901708454056,-1.6450516998767855,-0.00040315239712237165,-0.10714736826009295,-0.5344171147017743,0.2615109755860935
11.474831581115723,-22.39343780517811,0.6250878787031979,1.771894484758377,-2.749375343322754,-1.7476452589035034,-0.5147861242294312,9.04721941037676,-9.587842952129018,-29.54367888921043,13.15340943630865,-0.12025123089551926,0.26651278138160706,1.22831392288208,1.7597531417417678,1.1185901708454056,-1.6450516998767855,-0.00040315239712237165,-0.10714736826009295,-0.5344171147017743,0.2615109755860935
11.479725122451782,-22.353124084474985,0.6430175518980832,1.7841795980930328,-2.8143696784973145,-1.6591925621032715,-0.4617125988006592,8.077535567629363,-9.882545881863072,-29.453398587141667,12.738213442117223,-0.08437193930149078,0.26976215839385986,1.2273412942886353,1.7962603079849047,1.0589730856541877,-1.8263854801654817,-0.014851016550674109,-0.10875281669004397,-0.532784276856391,0.26419371727745256
11.485517024993896,-22.353124084474985,0.6430175518980832,1.7841795980930328,-2.8143696784973145,-1.6591925621032715,-0.4617125988006592,8.077535567629363,-9.882545881863072,-29.453398587141667,12.738213442117223,-0.08437193930149078,0.26976215839385986,1.2273412942886353,1.7962603079849047,1.0589730856541877,-1.8263854801654817,-0.014851016550674109,-0.10875281669004397,-0.532784276856391,0.26419371727745256
11.4912588596344,-22.353124084474985,0.6430175518980832,1.7841795980930328,-2.8143696784973145,-1.6591925621032715,-0.4617125988006592,8.077535567629363,-9.882545881863072,-29.453398587141667,12.738213442117223,-0.08437193930149078,0.26976215839385986,1.2273412942886353,1.7962603079849047,1.0589730856541877,-1.8263854801654817,-0.014851016550674109,-0.10875281669004397,-0.532784276856391,0.26419371727745256
11.497544050216675,-22.31249946594471,0.6600879049292416,1.7967919409275055,-2.876465082168579,-1.5680179595947266,-0.40802180767059326,7.106469453131292,-10.172225769518173,-29.329304853172008,12.387245180948083,-0.04828198254108429,0.27333101630210876,1.2249544858932495,1.8308277812093392,0.9980204034658131,-2.0101600706577303,-0.029187572922838464,-0.11044238546783677,-0.5305398786814016,0.26696599050435704
11.503289699554443,-22.31249946594471,0.6600879049292416,1.7967919409275055,-2.876465082168579,-1.5680179595947266,-0.40802180767059326,7.106469453131292,-10.172225769518173,-29.329304853172008,12.387245180948083,-0.04828198254108429,0.27333101630210876,1.2249544858932495,1.8308277812093392,0.9980204034658131,-2.0101600706577303,-0.029187572922838464,-0.11044238546783677,-0.5305398786814016,0.26696599050435704
11.508911609649658,-22.271562042238656,0.6762890434256406,1.8097069561481476,-2.9355101585388184,-1.4741332530975342,-0.3539326786994934,6.1348157148328175,-10.455598468565073,-29.17149907676849,12.105225038824177,-0.012083187699317932,0.2771171033382416,1.221149206161499,1.8634192523574031,0.9357583983730808,-2.1956744849681855,-0.04340624994015019,-0.11218438119765468,-0.5276857539384925,0.2698177786406791
11.514160633087158,-22.271562042238656,0.6762890434256406,1.8097069561481476,-2.9355101585388184,-1.4741332530975342,-0.3539326786994934,6.1348157148328175,-10.455598468565073,-29.17149907676849,12.105225038824177,-0.012083187699317932,0.2771171033382416,1.221149206161499,1.8634192523574031,0.9357583983730808,-2.1956744849681855,-0.04340624994015019,-0.11218438119765468,-0.5276857539384925,0.2698177786406791
11.519723892211914,-22.23031181335682,0.6916113114348263,1.822910100221634,-2.991349935531616,-1.3775557279586792,-0.2996775507926941,5.163309432535542,-10.73144222796475,-28.980273015060913,11.89583686875209,0.023984074592590332,0.2810693085193634,1.2159042358398438,1.8939968987490599,0.8722103173609679,-2.382205528020859,-0.057500260260054975,-0.113948893009261,-0.5242271794385764,0.2727385881002666
11.525214910507202,-22.23031181335682,0.6916113114348263,1.822910100221634,-2.991349935531616,-1.3775557279586792,-0.2996775507926941,5.163309432535542,-10.73144222796475,-28.980273015060913,11.89583686875209,0.023984074592590332,0.2810693085193634,1.2159042358398438,1.8939968987490599,0.8722103173609679,-2.382205528020859,-0.057500260260054975,-0.113948893009261,-0.5242271794385764,0.2727385881002666
11.531768321990967,-22.23031181335682,0.6916113114348263,1.822910100221634,-2.991349935531616,-1.3775557279586792,-0.2996775507926941,5.163309432535542,-10.73144222796475,-28.980273015060913,11.89583686875209,0.023984074592590332,0.2810693085193634,1.2159042358398438,1.8939968987490599,0.8722103173609679,-2.382205528020859,-0.057500260260054975,-0.113948893009261,-0.5242271794385764,0.2727385881002666
11.53731107711792,-22.18882698059315,0.7060351586333127,1.8363671600818634,-3.043837785720825,-1.2783262729644775,-0.2455030083656311,4.192863211918124,-10.99852932760117,-28.75611904558864,11.761428183523476,0.05981758236885071,0.285152405500412,1.2091984748840332,1.9225178285286653,0.8074034240523145,-2.568951863050461,-0.07145895807805676,-0.11570565748317219,-0.5201730604761868,0.2757165101078119
11.542947769165039,-22.18882698059315,0.7060351586333127,1.8363671600818634,-3.043837785720825,-1.2783262729644775,-0.2455030083656311,4.192863211918124,-10.99852932760117,-28.75611904558864,11.761428183523476,0.05981758236885071,0.285152405500412,1.2091984748840332,1.9225178285286653,0.8074034240523145,-2.568951863050461,-0.07145895807805676,-0.11570565748317219,-0.5201730604761868,0.2757165101078119
11.549204587936401,-22.14703125000233,0.7195605254164548,1.8500536978244781,-3.0928401947021484,-1.1764987707138062,-0.1916642189025879,3.2243644499425677,-11.255738784634463,-28.499568705890116,11.702738182047451,0.0954117476940155,0.28931665420532227,1.201021671295166,1.948936621126287,0.7413643753343073,-2.755103999376297,-0.08527058223259605,-0.11742657252324824,-0.5155330106058765,0.2787393209113172
11.55479884147644,-22.14703125000233,0.7195605254164548,1.8500536978244781,-3.0928401947021484,-1.1764987707138062,-0.1916642189025879,3.2243644499425677,-11.255738784634463,-28.499568705890116,11.702738182047451,0.0954117476940155,0.28931665420532227,1.201021671295166,1.948936621126287,0.7413643753343073,-2.755103999376297,-0.08527058223259605,-0.11742657252324824,-0.5155330106058765,0.2787393209113172
11.560814142227173,-22.104920806887094,0.7321679806700558,1.863935500383377,-3.1382341384887695,-1.0721501111984253,-0.1384272575378418,2.2588228701617674,-11.501990315784854,-28.211214792865686,11.718758769910181,0.13078314065933228,0.2934924364089966,1.1913822889328003,1.9732023591033554,0.6741272433383251,-2.9398021280765536,-0.09892018795631448,-0.11908456592637973,-0.5103177513382233,0.28179373397571256
11.566937923431396,-22.104920806887094,0.7321679806700558,1.863935500383377,-3.1382341384887695,-1.0721501111984253,-0.1384272575378418,2.2588228701617674,-11.501990315784854,-28.211214792865686,11.718758769910181,0.13078314065933228,0.2934924364089966,1.1913822889328003,1.9732023591033554,0.6741272433383251,-2.9398021280765536,-0.09892018795631448,-0.11908456592637973,-0.5103177513382233,0.28179373397571256
11.572499752044678,-22.062539520266,0.7438476300230832,1.8779882490634918,-3.1798975467681885,-0.9652352929115295,-0.08609211444854736,1.297642233726732,-11.735334906314066,-27.88806318958416,11.805861046541564,0.17510581016540527,0.29923510551452637,1.1783136129379272,1.995283942958174,0.6056542554587223,-3.1221025049686433,-0.1123694956272192,-0.12061728329254157,-0.5044731301357765,0.28486409678305513
11.577942371368408,-22.062539520266,0.7438476300230832,1.8779882490634918,-3.1798975467681885,-0.9652352929115295,-0.08609211444854736,1.297642233726732,-11.735334906314066,-27.88806318958416,11.805861046541564,0.17510581016540527,0.29923510551452637,1.1783136129379272,1.995283942958174,0.6056542554587223,-3.1221025049686433,-0.1123694956272192,-0.12061728329254157,-0.5044731301357765,0.28486409678305513
11.583351135253906,-22.062539520266,0.7438476300230832,1.8779882490634918,-3.1798975467681885,-0.9652352929115295,-0.08609211444854736,1.297642233726732,-11.735334906314066,-27.88806318958416,11.805861046541564,0.17510581016540527,0.29923510551452637,1.1783136129379272,1.995283942958174,0.6056542554587223,-3.1221025049686433,-0.1123694956272192,-0.12061728329254157,-0.5044731301357765,0.28486409678305513
11.588860988616943,-22.01988166809315,0.7545898175230832,1.8921679556369781,-3.217709541320801,-0.8559218645095825,-0.03491485118865967,0.34298009185727446,-11.953786380422331,-27.52757252041851,11.958633942634288,0.21840840578079224,0.30432698130607605,1.1629204750061035,2.0151059820333135,0.5360251592561038,-3.3011577665805816,-0.12556937586842348,-0.12197473647373486,-0.49795318288224455,0.28793573623073443
11.594332456588745,-22.01988166809315,0.7545898175230832,1.8921679556369781,-3.217709541320801,-0.8559218645095825,-0.03491485118865967,0.34298009185727446,-11.953786380422331,-27.52757252041851,11.958633942634288,0.21840840578079224,0.30432698130607605,1.1629204750061035,2.0151059820333135,0.5360251592561038,-3.3011577665805816,-0.12556937586842348,-0.12197473647373486,-0.49795318288224455,0.28793573623073443
11.600159645080566,-22.01988166809315,0.7545898175230832,1.8921679556369781,-3.217709541320801,-0.8559218645095825,-0.03491485118865967,0.34298009185727446,-11.953786380422331,-27.52757252041851,11.958633942634288,0.21840840578079224,0.30432698130607605,1.1629204750061035,2.0151059820333135,0.5360251592561038,-3.3011577665805816,-0.12556937586842348,-0.12197473647373486,-0.49795318288224455,0.28793573623073443
11.605788469314575,-21.97691291809315,0.7643945431700558,1.9064452946186066,-3.2515869140625,-0.7444180846214294,0.014720916748046875,-0.6035647557902066,-12.157217059062107,-27.134045335875257,12.17196478223551,0.256356805562973,0.3079984784126282,1.1461917161941528,2.0325925061480414,0.4653415886559052,-3.4757642805576325,-0.1385034684329596,-0.12316457729930208,-0.4908357268549048,0.2909888392045686
11.611294031143188,-21.97691291809315,0.7643945431700558,1.9064452946186066,-3.2515869140625,-0.7444180846214294,0.014720916748046875,-0.6035647557902066,-12.157217059062107,-27.134045335875257,12.17196478223551,0.256356805562973,0.3079984784126282,1.1461917161941528,2.0325925061480414,0.4653415886559052,-3.4757642805576325,-0.1385034684329596,-0.12316457729930208,-0.4908357268549048,0.2909888392045686
11.616854429244995,-21.933709564211313,0.77324219703587,1.920786052942276,-3.281503200531006,-0.6310467720031738,0.06250870227813721,-1.5414751922926242,-12.346701233076123,-26.715559192055537,12.441071641376304,0.2803451418876648,0.3094269335269928,1.1313824653625488,2.047661410354323,0.3937738421070154,-3.6449410021305084,-0.15119107439573848,-0.12423436178373402,-0.48326685526565194,0.2940078398076887
11.622496366500854,-21.933709564211313,0.77324219703587,1.920786052942276,-3.281503200531006,-0.6310467720031738,0.06250870227813721,-1.5414751922926242,-12.346701233076123,-26.715559192055537,12.441071641376304,0.2803451418876648,0.3094269335269928,1.1313824653625488,2.047661410354323,0.3937738421070154,-3.6449410021305084,-0.15119107439573848,-0.12423436178373402,-0.48326685526565194,0.2940078398076887
11.62786602973938,-21.933709564211313,0.77324219703587,1.920786052942276,-3.281503200531006,-0.6310467720031738,0.06250870227813721,-1.5414751922926242,-12.346701233076123,-26.715559192055537,12.441071641376304,0.2803451418876648,0.3094269335269928,1.1313824653625488,2.047661410354323,0.3937738421070154,-3.6449410021305084,-0.15119107439573848,-0.12423436178373402,-0.48326685526565194,0.2940078398076887
11.633009910583496,-21.89019531250233,0.7811327791205258,1.9351562559604645,-3.3074660301208496,-0.515936017036438,0.10817468166351318,-2.4715306624814883,-12.523228611233444,-26.27715889870919,12.76095989366226,0.30421656370162964,0.3109855055809021,1.1170936822891235,2.060264024714853,0.3213833204255173,-3.8078053057193757,-0.16366335174574143,-0.12521294644492018,-0.47533781012513127,0.29697874766339033
11.638615846633911,-21.89019531250233,0.7811327791205258,1.9351562559604645,-3.3074660301208496,-0.515936017036438,0.10817468166351318,-2.4715306624814883,-12.523228611233444,-26.27715889870919,12.76095989366226,0.30421656370162964,0.3109855055809021,1.1170936822891235,2.060264024714853,0.3213833204255173,-3.8078053057193757,-0.16366335174574143,-0.12521294644492018,-0.47533781012513127,0.29697874766339033
11.645987033843994,-21.84640640259022,0.7880566334715695,1.9495214521884918,-3.3294677734375,-0.39919257164001465,0.15152466297149658,-3.3934591670568577,-12.685859385337318,-25.815917998911424,13.124700732351512,0.3330773115158081,0.3133418560028076,1.1018866300582886,2.070352058614233,0.2482286115132234,-3.963712602853775,-0.17590443963407526,-0.12607000555432332,-0.46699566261597875,0.2998896424756522
11.651975154876709,-21.84640640259022,0.7880566334715695,1.9495214521884918,-3.3294677734375,-0.39919257164001465,0.15152466297149658,-3.3934591670568577,-12.685859385337318,-25.815917998911424,13.124700732351512,0.3330773115158081,0.3133418560028076,1.1018866300582886,2.070352058614233,0.2482286115132234,-3.963712602853775,-0.17590443963407526,-0.12607000555432332,-0.46699566261597875,0.2998896424756522
11.657901763916016,-21.802226486208383,0.7940234160414548,1.9638866484165192,-3.347557544708252,-0.28065550327301025,0.19244873523712158,-4.308683739775649,-12.833916403665299,-25.327376474258518,13.526364500215333,0.36590510606765747,0.31596821546554565,1.084872841835022,2.077889955816093,0.1742079840322277,-4.1123421728611,-0.187915523613837,-0.12677735986634522,-0.458159747447164,0.3027343812819968
11.662984609603882,-21.802226486208383,0.7940234160414548,1.9638866484165192,-3.347557544708252,-0.28065550327301025,0.19244873523712158,-4.308683739775649,-12.833916403665299,-25.327376474258518,13.526364500215333,0.36590510606765747,0.31596821546554565,1.084872841835022,2.077889955816093,0.1742079840322277,-4.1123421728611,-0.187915523613837,-0.12677735986634522,-0.458159747447164,0.3027343812819968
11.668287754058838,-21.802226486208383,0.7940234160414548,1.9638866484165192,-3.347557544708252,-0.28065550327301025,0.19244873523712158,-4.308683739775649,-12.833916403665299,-25.327376474258518,13.526364500215333,0.36590510606765747,0.31596821546554565,1.084872841835022,2.077889955816093,0.1742079840322277,-4.1123421728611,-0.187915523613837,-0.12677735986634522,-0.458159747447164,0.3027343812819968
11.67375111579895,-21.757928314211313,0.79901363611134,1.978129893541336,-3.3616318702697754,-0.1611437201499939,0.23031646013259888,-5.209074002555083,-12.964954902182553,-24.81012527453657,13.95562724163948,0.4094846248626709,0.3190159201622009,1.062552571296692,2.082788249218909,0.09984086887446512,-4.2515831887722015,-0.19955507845842418,-0.1272820707735775,-0.4488045800947921,0.3054720300806424
11.679733276367188,-21.757928314211313,0.79901363611134,1.978129893541336,-3.3616318702697754,-0.1611437201499939,0.23031646013259888,-5.209074002555083,-12.964954902182553,-24.81012527453657,13.95562724163948,0.4094846248626709,0.3190159201622009,1.062552571296692,2.082788249218909,0.09984086887446512,-4.2515831887722015,-0.19955507845842418,-0.1272820707735775,-0.4488045800947921,0.3054720300806424
11.685489177703857,-21.713319244387094,0.80302735328587,1.9922557175159454,-3.3718230724334717,-0.04076725244522095,0.2649998664855957,-6.0946015726596885,-13.078760755979891,-24.265649476689006,14.406604946875602,0.43928492069244385,0.3203660547733307,1.0404963493347168,2.085027479008546,0.02520916423133027,-4.3810598909854885,-0.21082095122766775,-0.12758567509840674,-0.43895702012602217,0.30809343631520136
11.69120717048645,-21.713319244387094,0.80302735328587,1.9922557175159454,-3.3718230724334717,-0.04076725244522095,0.2649998664855957,-6.0946015726596885,-13.078760755979891,-24.265649476689006,14.406604946875602,0.43928492069244385,0.3203660547733307,1.0404963493347168,2.085027479008546,0.02520916423133027,-4.3810598909854885,-0.21082095122766775,-0.12758567509840674,-0.43895702012602217,0.30809343631520136
11.697134256362915,-21.713319244387094,0.80302735328587,1.9922557175159454,-3.3718230724334717,-0.04076725244522095,0.2649998664855957,-6.0946015726596885,-13.078760755979891,-24.265649476689006,14.406604946875602,0.43928492069244385,0.3203660547733307,1.0404963493347168,2.085027479008546,0.02520916423133027,-4.3810598909854885,-0.21082095122766775,-0.12758567509840674,-0.43895702012602217,0.30809343631520136
11.702554941177368,-21.66847557068104,0.8060644483557553,2.0062256157398224,-3.3782243728637695,0.08027774095535278,0.29613155126571655,-6.964184871382335,-13.175848810793841,-23.69809532226172,14.874276450821966,0.4749729633331299,0.32137957215309143,1.014935851097107,2.0845913747534284,-0.04953675893302391,-4.49960076212883,-0.2217052128398843,-0.12770276686726006,-0.42869205776526714,0.31057611818006087
11.708339214324951,-21.66847557068104,0.8060644483557553,2.0062256157398224,-3.3782243728637695,0.08027774095535278,0.29613155126571655,-6.964184871382335,-13.175848810793841,-23.69809532226172,14.874276450821966,0.4749729633331299,0.32137957215309143,1.014935851097107,2.0845913747534284,-0.04953675893302391,-4.49960076212883,-0.2217052128398843,-0.12770276686726006,-0.42869205776526714,0.31057611818006087
11.714109420776367,-21.623359146120492,0.8081249809256406,2.020000010728836,-3.3809783458709717,0.20159584283828735,0.32353174686431885,-7.816392786854678,-13.256072128958971,-23.110261417669662,15.353308105993849,0.49833130836486816,0.3216095268726349,0.9914133548736572,2.0814829867319355,-0.12411150682944781,-4.606595259904862,-0.23219608229781352,-0.12763948627287913,-0.4180603094854892,0.31290554133923587
11.720494747161865,-21.623359146120492,0.8081249809256406,2.020000010728836,-3.3809783458709717,0.20159584283828735,0.32353174686431885,-7.816392786854678,-13.256072128958971,-23.110261417669662,15.353308105993849,0.49833130836486816,0.3216095268726349,0.9914133548736572,2.0814829867319355,-0.12411150682944781,-4.606595259904862,-0.23219608229781352,-0.12763948627287913,-0.4180603094854892,0.31290554133923587
11.72601056098938,-21.57796806335682,0.8092285013190121,2.033544808626175,-3.3802342414855957,0.3229677677154541,0.34707796573638916,-8.652745714655435,-13.32069450485875,-22.506837491169378,15.841558908789462,0.5211659073829651,0.3216102719306946,0.96901935338974,2.0757267068777594,-0.19832732675148174,-4.701614552736283,-0.24234399393108935,-0.12743219849718895,-0.40714659518212964,0.31507291883004424
11.7326180934906,-21.57796806335682,0.8092285013190121,2.033544808626175,-3.3802342414855957,0.3229677677154541,0.34707796573638916,-8.652745714655435,-13.32069450485875,-22.506837491169378,15.841558908789462,0.5211659073829651,0.3216102719306946,0.96901935338974,2.0757267068777594,-0.19832732675148174,-4.701614552736283,-0.24234399393108935,-0.12743219849718895,-0.40714659518212964,0.31507291883004424
11.738140106201172,-21.532342376711313,0.8093652343741269,2.0468211472034454,-3.3761298656463623,0.4442029893398285,0.36642318964004517,-9.471232748762136,-13.36938482132346,-21.883726890059044,16.334251032085362,0.5553457140922546,0.3213011920452118,0.9423611164093018,2.067362489303969,-0.2720063013992021,-4.783547633886338,-0.2520981819189725,-0.12706088150185907,-0.39587682151015385,0.31705414544332056
11.743302583694458,-21.532342376711313,0.8093652343741269,2.0468211472034454,-3.3761298656463623,0.4442029893398285,0.36642318964004517,-9.471232748762136,-13.36938482132346,-21.883726890059044,16.334251032085362,0.5553457140922546,0.3213011920452118,0.9423611164093018,2.067362489303969,-0.2720063013992021,-4.783547633886338,-0.2520981819189725,-0.12706088150185907,-0.39587682151015385,0.31705414544332056
11.749125480651855,-21.532342376711313,0.8093652343741269,2.0468211472034454,-3.3761298656463623,0.4442029893398285,0.36642318964004517,-9.471232748762136,-13.36938482132346,-21.883726890059044,16.334251032085362,0.5553457140922546,0.3213011920452118,0.9423611164093018,2.067362489303969,-0.2720063013992021,-4.783547633886338,-0.2520981819189725,-0.12706088150185907,-0.39587682151015385,0.31705414544332056
11.754739999771118,-21.486443939211313,0.8085448956480832,2.059785157442093,-3.3688790798187256,0.564903974533081,0.38129377365112305,-10.268253140783461,-13.401398133100104,-21.238345865122653,16.825592663710307,0.5882501006126404,0.32039082050323486,0.9130584001541138,2.0564687979770406,-0.3448349940606974,-4.851494604349137,-0.26138674245301324,-0.12650401996996735,-0.384204257971257,0.3188261327721674
11.760440111160278,-21.486443939211313,0.8085448956480832,2.059785157442093,-3.3688790798187256,0.564903974533081,0.38129377365112305,-10.268253140783461,-13.401398133100104,-21.238345865122653,16.825592663710307,0.5882501006126404,0.32039082050323486,0.9130584001541138,2.0564687979770406,-0.3448349940606974,-4.851494604349137,-0.26138674245301324,-0.12650401996996735,-0.384204257971257,0.3188261327721674
11.766085624694824,-21.44031280517811,0.8067870950690121,2.0724022686481476,-3.358729124069214,0.684637188911438,0.3915749788284302,-11.042295866091843,-13.416978727431692,-20.574643450240565,17.311995642679644,0.6161951422691345,0.3189276456832886,0.8828365802764893,2.043165103347368,-0.4164750300384342,-4.9050490200519565,-0.27020410765313657,-0.12577200225808144,-0.37220032803018954,0.32037571074342613
11.772010326385498,-21.44031280517811,0.8067870950690121,2.0724022686481476,-3.358729124069214,0.684637188911438,0.3915749788284302,-11.042295866091843,-13.416978727431692,-20.574643450240565,17.311995642679644,0.6161951422691345,0.3189276456832886,0.8828365802764893,2.043165103347368,-0.4164750300384342,-4.9050490200519565,-0.27020410765313657,-0.12577200225808144,-0.37220032803018954,0.32037571074342613
11.777881622314453,-21.44031280517811,0.8067870950690121,2.0724022686481476,-3.358729124069214,0.684637188911438,0.3915749788284302,-11.042295866091843,-13.416978727431692,-20.574643450240565,17.311995642679644,0.6161951422691345,0.3189276456832886,0.8828365802764893,2.043165103347368,-0.4164750300384342,-4.9050490200519565,-0.27020410765313657,-0.12577200225808144,-0.37220032803018954,0.32037571074342613
11.783430814743042,-21.39390510559315,0.804091773032269,2.084638625383377,-3.3459386825561523,0.8030393123626709,0.39721208810806274,-11.792887967649097,-13.416732491785185,-19.896631355425647,17.791078782023643,0.6399294137954712,0.3170941174030304,0.8527841567993164,2.0276004987465193,-0.48663262083921577,-4.943985790014267,-0.2785646353471933,-0.12487937714367665,-0.3599375887318846,0.3216936075828364
11.789158582687378,-21.39390510559315,0.804091773032269,2.084638625383377,-3.3459386825561523,0.8030393123626709,0.39721208810806274,-11.792887967649097,-13.416732491785185,-19.896631355425647,17.791078782023643,0.6399294137954712,0.3170941174030304,0.8527841567993164,2.0276004987465193,-0.48663262083921577,-4.943985790014267,-0.2785646353471933,-0.12487937714367665,-0.3599375887318846,0.3216936075828364
11.795254468917847,-21.37062400818104,0.8023925638190121,2.090605527162552,-3.3386330604553223,0.8616387844085693,0.39830106496810913,-12.15958610641462,-13.410932006684071,-19.553359035683275,18.027493750565448,0.6489117741584778,0.316277414560318,0.8389177918434143,2.019024181195165,-0.5210723998938815,-4.957993143796921,-0.2825846684823872,-0.12437850813903274,-0.35372905794383985,0.322264679476354
11.80141544342041,-21.37062400818104,0.8023925638190121,2.090605527162552,-3.3386330604553223,0.8616387844085693,0.39830106496810913,-12.15958610641462,-13.410932006684071,-19.553359035683275,18.027493750565448,0.6489117741584778,0.316277414560318,0.8389177918434143,2.019024181195165,-0.5210723998938815,-4.957993143796921,-0.2825846684823872,-0.12437850813903274,-0.35372905794383985,0.322264679476354
11.807079553604126,-21.323867263796274,0.7983203148833127,2.102211982011795,-3.3223719596862793,0.9774547815322876,0.3969360589981079,-12.875003918204591,-13.388380067855248,-18.857608859520305,18.49259967154213,0.6702677607536316,0.31400951743125916,0.8097777366638184,2.000402919689651,-0.5885263367760999,-4.9747897446155545,-0.29029133161893106,-0.12326893767417926,-0.3411455021455247,0.32322215256808023
11.813137531280518,-21.323867263796274,0.7983203148833127,2.102211982011795,-3.3223719596862793,0.9774547815322876,0.3969360589981079,-12.875003918204591,-13.388380067855248,-18.857608859520305,18.49259967154213,0.6702677607536316,0.31400951743125916,0.8097777366638184,2.000402919689651,-0.5885263367760999,-4.9747897446155545,-0.29029133161893106,-0.12326893767417926,-0.3411455021455247,0.32322215256808023
11.818711042404175,-21.323867263796274,0.7983203148833127,2.102211982011795,-3.3223719596862793,0.9774547815322876,0.3969360589981079,-12.875003918204591,-13.388380067855248,-18.857608859520305,18.49259967154213,0.6702677607536316,0.31400951743125916,0.8097777366638184,2.000402919689651,-0.5885263367760999,-4.9747897446155545,-0.29029133161893106,-0.12326893767417926,-0.3411455021455247,0.32322215256808023
11.82431435585022,-21.276835861208383,0.793349585532269,2.1133544743061066,-3.304090738296509,1.0912444591522217,0.3911063075065613,-13.57013240483493,-13.352358882079594,-18.154342029845605,18.949295127156056,0.684423565864563,0.31238406896591187,0.786252498626709,1.9799869623528545,-0.653931738864762,-4.977356976270675,-0.2976525978158723,-0.1220432623966858,-0.328425997795384,0.32394607275729487
11.830702304840088,-21.276835861208383,0.793349585532269,2.1133544743061066,-3.304090738296509,1.0912444591522217,0.3911063075065613,-13.57013240483493,-13.352358882079594,-18.154342029845605,18.949295127156056,0.684423565864563,0.31238406896591187,0.786252498626709,1.9799869623528545,-0.653931738864762,-4.977356976270675,-0.2976525978158723,-0.1220432623966858,-0.328425997795384,0.32394607275729487
11.836278438568115,-21.229569854738656,0.7875097608557553,2.1240136921405792,-3.2840065956115723,1.2028377056121826,0.38084423542022705,-14.246467905852397,-13.30407403780858,-17.443267991607787,19.398052695173707,0.7010565996170044,0.31009799242019653,0.763689398765564,1.957976014577061,-0.7171506233162629,-4.965757352113724,-0.30470375262995064,-0.1207174529367706,-0.3155652898236724,0.3244354424865991
11.841723680496216,-21.229569854738656,0.7875097608557553,2.1240136921405792,-3.2840065956115723,1.2028377056121826,0.38084423542022705,-14.246467905852397,-13.30407403780858,-17.443267991607787,19.398052695173707,0.7010565996170044,0.31009799242019653,0.763689398765564,1.957976014577061,-0.7171506233162629,-4.965757352113724,-0.30470375262995064,-0.1207174529367706,-0.3155652898236724,0.3244354424865991
11.847877025604248,-21.182069244387094,0.78081055641087,2.1341650784015656,-3.2623069286346436,1.3120901584625244,0.3663572669029236,-14.907224930016092,-13.244679873153107,-16.726569220360744,19.840782198071125,0.7144426107406616,0.30807340145111084,0.7454357743263245,1.9345718132582237,-0.7780790380988067,-4.9405689418315895,-0.3115230723549414,-0.1193105210183207,-0.30260285116744556,0.32470044412898436
11.85375428199768,-21.182069244387094,0.78081055641087,2.1341650784015656,-3.2623069286346436,1.3120901584625244,0.3663572669029236,-14.907224930016092,-13.244679873153107,-16.726569220360744,19.840782198071125,0.7144426107406616,0.30807340145111084,0.7454357743263245,1.9345718132582237,-0.7780790380988067,-4.9405689418315895,-0.3115230723549414,-0.1193105210183207,-0.30260285116744556,0.32470044412898436
11.85943341255188,-21.182069244387094,0.78081055641087,2.1341650784015656,-3.2623069286346436,1.3120901584625244,0.3663572669029236,-14.907224930016092,-13.244679873153107,-16.726569220360744,19.840782198071125,0.7144426107406616,0.30807340145111084,0.7454357743263245,1.9345718132582237,-0.7780790380988067,-4.9405689418315895,-0.3115230723549414,-0.1193105210183207,-0.30260285116744556,0.32470044412898436
11.864619255065918,-21.13433593750233,0.7732812380781979,2.143784075975418,-3.239353895187378,1.4185494184494019,0.34735143184661865,-15.546207728407689,-13.17466294235588,-15.997643258134778,20.272170661164893,0.7374905347824097,0.30369848012924194,0.7187595367431641,1.91006428826353,-0.836438584046857,-4.900865632295609,-0.3179720669039021,-0.11780830524816448,-0.2894192677020458,0.32471398452907424
11.870297908782959,-21.13433593750233,0.7732812380781979,2.143784075975418,-3.239353895187378,1.4185494184494019,0.34735143184661865,-15.546207728407689,-13.17466294235588,-15.997643258134778,20.272170661164893,0.7374905347824097,0.30369848012924194,0.7187595367431641,1.91006428826353,-0.836438584046857,-4.900865632295609,-0.3179720669039021,-0.11780830524816448,-0.2894192677020458,0.32471398452907424
11.875856399536133,-21.086327972414438,0.76494141578587,2.1528516113758087,-3.2155566215515137,1.5216593742370605,0.3239733576774597,-16.159235598858462,-13.093764952308323,-15.257636153233157,20.687724352951324,0.759289562702179,0.2990460991859436,0.6875238418579102,1.8847957439199894,-0.8919193314885996,-4.847052973508835,-0.3239845256372898,-0.11619096492031368,-0.2760352672163625,0.3244723138864183
11.881604194641113,-21.086327972414438,0.76494141578587,2.1528516113758087,-3.2155566215515137,1.5216593742370605,0.3239733576774597,-16.159235598858462,-13.093764952308323,-15.257636153233157,20.687724352951324,0.759289562702179,0.2990460991859436,0.6875238418579102,1.8847957439199894,-0.8919193314885996,-4.847052973508835,-0.3239845256372898,-0.11619096492031368,-0.2760352672163625,0.3244723138864183
11.887632131576538,-21.03808540344471,0.7558202958098263,2.161352425813675,-3.1913039684295654,1.6209661960601807,0.29649221897125244,-16.743720114232886,-13.001724000137749,-14.509702127687504,21.084138206048006,0.7776612043380737,0.2947607934474945,0.6537695527076721,1.859105506555747,-0.9442996376553768,-4.779911023378372,-0.32952970176558966,-0.11443775960635263,-0.26250789795888363,0.3239797006189536
11.893427848815918,-21.03808540344471,0.7558202958098263,2.161352425813675,-3.1913039684295654,1.6209661960601807,0.29649221897125244,-16.743720114232886,-13.001724000137749,-14.509702127687504,21.084138206048006,0.7776612043380737,0.2947607934474945,0.6537695527076721,1.859105506555747,-0.9442996376553768,-4.779911023378372,-0.32952970176558966,-0.11443775960635263,-0.26250789795888363,0.3239797006189536
11.899471998214722,-20.98960823059315,0.7459472632399411,2.169282227754593,-3.1669280529022217,1.7161773443222046,0.26516884565353394,-17.298718383315762,-12.898696358950765,-13.756401101507088,21.459702005190856,0.7934153079986572,0.2907402813434601,0.6194146275520325,1.8332981165167408,-0.9934752670087704,-4.700214546918869,-0.3346020670104588,-0.11253474469204137,-0.24888345944541174,0.32324295633368466
11.904808521270752,-20.98960823059315,0.7459472632399411,2.169282227754593,-3.1669280529022217,1.7161773443222046,0.26516884565353394,-17.298718383315762,-12.898696358950765,-13.756401101507088,21.459702005190856,0.7934153079986572,0.2907402813434601,0.6194146275520325,1.8332981165167408,-0.9934752670087704,-4.700214546918869,-0.3346020670104588,-0.11253474469204137,-0.24888345944541174,0.32324295633368466
11.910116195678711,-20.98960823059315,0.7459472632399411,2.169282227754593,-3.1669280529022217,1.7161773443222046,0.26516884565353394,-17.298718383315762,-12.898696358950765,-13.756401101507088,21.459702005190856,0.7934153079986572,0.2907402813434601,0.6194146275520325,1.8332981165167408,-0.9934752670087704,-4.700214546918869,-0.3346020670104588,-0.11253474469204137,-0.24888345944541174,0.32324295633368466
11.915734052658081,-20.940898361208383,0.7353612995138974,2.1766259968280792,-3.142801284790039,1.8069552183151245,0.23021537065505981,-17.822181319727427,-12.785806324091114,-12.99770605084398,21.812450851549876,0.812348484992981,0.2846311330795288,0.5808168649673462,1.8076942262258138,-1.0393347269536564,-4.608572906255722,-0.3391655599802823,-0.11048658267976103,-0.2351614629141619,0.32226573717745544
11.921865463256836,-20.940898361208383,0.7353612995138974,2.1766259968280792,-3.142801284790039,1.8069552183151245,0.23021537065505981,-17.822181319727427,-12.785806324091114,-12.99770605084398,21.812450851549876,0.812348484992981,0.2846311330795288,0.5808168649673462,1.8076942262258138,-1.0393347269536564,-4.608572906255722,-0.3391655599802823,-0.11048658267976103,-0.2351614629141619,0.32226573717745544
11.927747964859009,-20.89195198059315,0.7240820145598263,2.1833739578723907,-3.1193156242370605,1.8929622173309326,0.19186007976531982,-18.311525609162977,-12.66413426298971,-12.234163158455727,22.139934660874548,0.8283416628837585,0.27849850058555603,0.5417255759239197,1.7826158679345945,-1.0817836001575216,-4.505653363466263,-0.3431738356829716,-0.10829512541771175,-0.2213517867977101,0.3210520357948401
11.932987928390503,-20.89195198059315,0.7240820145598263,2.1833739578723907,-3.1193156242370605,1.8929622173309326,0.19186007976531982,-18.311525609162977,-12.66413426298971,-12.234163158455727,22.139934660874548,0.8283416628837585,0.27849850058555603,0.5417255759239197,1.7826158679345945,-1.0817836001575216,-4.505653363466263,-0.3431738356829716,-0.10829512541771175,-0.2213517867977101,0.3210520357948401
11.938678979873657,-20.89195198059315,0.7240820145598263,2.1833739578723907,-3.1193156242370605,1.8929622173309326,0.19186007976531982,-18.311525609162977,-12.66413426298971,-12.234163158455727,22.139934660874548,0.8283416628837585,0.27849850058555603,0.5417255759239197,1.7826158679345945,-1.0817836001575216,-4.505653363466263,-0.3431738356829716,-0.10829512541771175,-0.2213517867977101,0.3210520357948401
11.943722009658813,-20.84277290344471,0.7121484494200558,2.1895361244678497,-3.0967276096343994,1.9740869998931885,0.15049409866333008,-18.767975555103103,-12.534376307616142,-11.468276209280285,22.442593630439596,0.8406481742858887,0.2729431390762329,0.5047664642333984,1.7583001582111386,-1.1208727152610418,-4.39264732003212,-0.34665876581630545,-0.10595944747608686,-0.20749971533536188,0.31962040504790823
11.950442552566528,-20.84277290344471,0.7121484494200558,2.1895361244678497,-3.0967276096343994,1.9740869998931885,0.15049409866333008,-18.767975555103103,-12.534376307616142,-11.468276209280285,22.442593630439596,0.8406481742858887,0.2729431390762329,0.5047664642333984,1.7583001582111386,-1.1208727152610418,-4.39264732003212,-0.34665876581630545,-0.10595944747608686,-0.20749971533536188,0.31962040504790823
11.955966711044312,-20.793359222414438,0.699599585532269,2.195117026567459,-3.07528018951416,2.0500476360321045,0.10730305314064026,-19.195947295942226,-12.397033048259402,-10.70259755658221,22.723545135929946,0.8472261428833008,0.269877165555954,0.4758399426937103,1.7350107588905392,-1.1565953297139202,-4.273119807243347,-0.34974046706338846,-0.10349957169893108,-0.1936514111884027,0.31803629236268377
11.9607675075531,-20.793359222414438,0.699599585532269,2.195117026567459,-3.07528018951416,2.0500476360321045,0.10730305314064026,-19.195947295942226,-12.397033048259402,-10.70259755658221,22.723545135929946,0.8472261428833008,0.269877165555954,0.4758399426937103,1.7350107588905392,-1.1565953297139202,-4.273119807243347,-0.34974046706338846,-0.10349957169893108,-0.1936514111884027,0.31803629236268377
11.966065406799316,-20.793359222414438,0.699599585532269,2.195117026567459,-3.07528018951416,2.0500476360321045,0.10730305314064026,-19.195947295942226,-12.397033048259402,-10.70259755658221,22.723545135929946,0.8472261428833008,0.269877165555954,0.4758399426937103,1.7350107588905392,-1.1565953297139202,-4.273119807243347,-0.34974046706338846,-0.10349957169893108,-0.1936514111884027,0.31803629236268377
11.971892833709717,-20.74371093750233,0.6864745831480832,2.2001366913318634,-3.0551934242248535,2.120624542236328,0.06333500146865845,-19.598796632562976,-12.253921340757463,-9.937121007301233,22.98588927838261,0.8565152287483215,0.2635463774204254,0.44641607999801636,1.7129766195187133,-1.1889853620479174,-4.15025104880333,-0.35250768245524317,-0.1009640444133819,-0.1798067623472034,0.3163593354637405
11.977588176727295,-20.74371093750233,0.6864745831480832,2.2001366913318634,-3.0551934242248535,2.120624542236328,0.06333500146865845,-19.598796632562976,-12.253921340757463,-9.937121007301233,22.98588927838261,0.8565152287483215,0.2635463774204254,0.44641607999801636,1.7129766195187133,-1.1889853620479174,-4.15025104880333,-0.35250768245524317,-0.1009640444133819,-0.1798067623472034,0.3163593354637405
11.983705282211304,-20.69386619568104,0.6728124833098263,2.204628974199295,-3.036606788635254,2.1859328746795654,0.018636852502822876,-19.976306111638465,-12.106736828143735,-9.171580479297303,23.229740196359007,0.8632593750953674,0.25838133692741394,0.42085951566696167,1.6923071165672114,-1.218224820547483,-4.0242427110672,-0.3549438842350917,-0.09837020429971463,-0.1659609563667635,0.31459221958407113
11.989551782608032,-20.69386619568104,0.6728124833098263,2.204628974199295,-3.036606788635254,2.1859328746795654,0.018636852502822876,-19.976306111638465,-12.106736828143735,-9.171580479297303,23.229740196359007,0.8632593750953674,0.25838133692741394,0.42085951566696167,1.6923071165672114,-1.218224820547483,-4.0242427110672,-0.3549438842350917,-0.09837020429971463,-0.1659609563667635,0.31459221958407113
11.994468212127686,-20.69386619568104,0.6728124833098263,2.204628974199295,-3.036606788635254,2.1859328746795654,0.018636852502822876,-19.976306111638465,-12.106736828143735,-9.171580479297303,23.229740196359007,0.8632593750953674,0.25838133692741394,0.42085951566696167,1.6923071165672114,-1.218224820547483,-4.0242427110672,-0.3549438842350917,-0.09837020429971463,-0.1659609563667635,0.31459221958407113
12.000007390975952,-20.643788757326547,0.6586523270598263,2.2086229622364044,-3.0196728706359863,2.245987892150879,-0.026338398456573486,-20.329229103773493,-11.956574531655148,-8.405995447913764,23.455706278241344,0.8719826936721802,0.25044023990631104,0.39191296696662903,1.6731217438675103,-1.2444431366598143,-3.8965061366558076,-0.3570658963425032,-0.09573598684114677,-0.15211434548424838,0.31275999721392456
